{"type": "FeatureCollection", "features": [{"id": "0", "type": "Feature", "properties": {"element": "way", "id": 171872354, "addr:city": null, "addr:city:simc": null, "addr:housenumber": null, "addr:postcode": null, "addr:street": null, "amenity": null, "building": "retail", "deanery": null, "denomination": null, "diocese": null, "heritage": null, "heritage:operator": null, "image": null, "name": "Biedronka", "ref:nid": null, "religion": null, "source:addr": null, "url": null, "wikidata": null, "wikipedia": null, "building:levels": null, "operator:wikidata": null, "operator:wikipedia": null, "roof:levels": null, "website": "https://www.biedronka.pl/pl/shop,id,592", "height": null, "ref": null, "short_name": null, "alt_name": null, "historic": null, "atm_ref": null, "brand": "Biedronka", "brand:wikidata": "Q857182", "millennium:date": null, "millennium:network": null, "millennium:ref": null, "millennium:subtype": null, "opening_hours": null, "operator": "Jeronimo Martins Polska S.A.", "shop": "supermarket", "brand:wikipedia": null, "check_date:opening_hours": null, "toilets:wheelchair": null, "wheelchair": null, "source:building": null, "email": null, "fax": null, "government": null, "office": null, "official_name": null, "phone": null, "source:office": null, "addr:country": null, "addr:street:sym_ul": null, "church:id": null, "church:type": null, "name:etymology:wikidata": null, "name:etymology:wikipedia": null, "parish": null, "parish:wikidata": null, "parish:wikipedia": null, "shrine": null, "shrine:name": null, "shrine:type": null, "start_date": null, "wikimedia_commons": null, "building:colour": null, "building:material": null, "roof:colour": null, "roof:material": null, "theatre:type": null, "admin_level": null, "website:ua": null, "emergency": null, "note": null, "layer": null, "level": null, "panoramax": null, "payment:cards": null, "payment:cash": null, "payment:qr_code": null, "cuisine": null, "drive_through": null, "smoking": null, "takeaway": null, "name:lt": null, "brewery": null, "outdoor_seating": null, "healthcare": null, "name:pl": null, "name:uk": null, "building:levels:underground": null, "source:geometry": null, "source": null, "service:vehicle:glass": null, "service:vehicle:glass_repair": null, "power": null, "addr:housename": null, "man_made": null, "internet_access": null, "internet_access:fee": null, "roof:shape": null, "stars": null, "tourism": null, "museum": null, "ref:ckkp": null, "townhall:type": null, "leisure": null, "social_facility": null, "social_facility:for": null, "fuel:HGV_diesel": null, "fuel:diesel": null, "fuel:lpg": null, "fuel:octane_95": null, "fuel:octane_98": null, "payment:credit_cards": null, "second_hand": null, "service:vehicle:air_conditioning": null, "service:vehicle:car_repair": null, "service:vehicle:new_car_sales": null, "service:vehicle:oil_change": null, "service:vehicle:repairs": null, "service:vehicle:tyres": null, "service:vehicle:used_car_sales": null, "sport": null, "payment:debit_cards": null, "payment:maestro": null, "payment:mastercard": null, "payment:visa": null, "payment:visa_electron": null, "rooms": null, "check_date": null, "railway": null, "railway:ref": null, "railway:signal_box": null, "bus": null, "public_transport": null, "access": null, "changing_table": null, "fee": null, "toilets:disposal": null, "unisex": null, "ref:csioz": null, "contact:phone": null, "contact:email": null, "contact:website": null, "capacity": null, "isced:level": null, "nursery": null, "operator:website": null, "source:amenity": null, "roof:direction": null, "beds": null, "payment:credit_card": null, "payment:girocard": null, "operator:type": null, "indoor": null, "entrance": null, "frequency": null, "location": null, "substation": null, "voltage": null, "fixme": null, "maxwidth": null, "payment:dkv": null, "payment:routex": null, "payment:uta": null, "branch": null, "roof:orientation": null, "communication:mobile_phone": null, "material": null, "tower:construction": null, "tower:type": null, "name:en": null, "addr:place": null, "name:pdc": null, "service:vehicle:window_tinting": null, "service:vehicle:windshields": null, "craft": null, "bench": null, "roof:height": null, "shelter_type": null, "building:part": null, "service": null, "atm": null, "blood:whole": null, "description": null, "construction": null, "wholesale": null, "type": null, "height_nmt": 172.24000549316406, "height_nmpt": 177.1699981689453, "height_obj": 4.92999267578125}, "geometry": {"type": "Polygon", "coordinates": [[[22.9226104, 54.1068641], [22.9232059, 54.106881599999994], [22.923194, 54.10702079999999], [22.9225985, 54.1070033], [22.9226104, 54.1068641]]]}}, {"id": "1", "type": "Feature", "properties": {"element": "way", "id": 171872358, "addr:city": "Suwa\u0142ki", "addr:city:simc": null, "addr:housenumber": "6", "addr:postcode": null, "addr:street": "Genera\u0142a W\u0142adys\u0142awa Sikorskiego", "amenity": null, "building": "retail", "deanery": null, "denomination": null, "diocese": null, "heritage": null, "heritage:operator": null, "image": null, "name": null, "ref:nid": null, "religion": null, "source:addr": "EMUiA (emuia.gugik.gov.pl)", "url": null, "wikidata": null, "wikipedia": null, "building:levels": null, "operator:wikidata": null, "operator:wikipedia": null, "roof:levels": null, "website": null, "height": null, "ref": null, "short_name": null, "alt_name": null, "historic": null, "atm_ref": null, "brand": null, "brand:wikidata": null, "millennium:date": null, "millennium:network": null, "millennium:ref": null, "millennium:subtype": null, "opening_hours": null, "operator": null, "shop": null, "brand:wikipedia": null, "check_date:opening_hours": null, "toilets:wheelchair": null, "wheelchair": null, "source:building": null, "email": null, "fax": null, "government": null, "office": null, "official_name": null, "phone": null, "source:office": null, "addr:country": null, "addr:street:sym_ul": null, "church:id": null, "church:type": null, "name:etymology:wikidata": null, "name:etymology:wikipedia": null, "parish": null, "parish:wikidata": null, "parish:wikipedia": null, "shrine": null, "shrine:name": null, "shrine:type": null, "start_date": null, "wikimedia_commons": null, "building:colour": null, "building:material": null, "roof:colour": null, "roof:material": null, "theatre:type": null, "admin_level": null, "website:ua": null, "emergency": null, "note": null, "layer": null, "level": null, "panoramax": null, "payment:cards": null, "payment:cash": null, "payment:qr_code": null, "cuisine": null, "drive_through": null, "smoking": null, "takeaway": null, "name:lt": null, "brewery": null, "outdoor_seating": null, "healthcare": null, "name:pl": null, "name:uk": null, "building:levels:underground": null, "source:geometry": null, "source": null, "service:vehicle:glass": null, "service:vehicle:glass_repair": null, "power": null, "addr:housename": null, "man_made": null, "internet_access": null, "internet_access:fee": null, "roof:shape": null, "stars": null, "tourism": null, "museum": null, "ref:ckkp": null, "townhall:type": null, "leisure": null, "social_facility": null, "social_facility:for": null, "fuel:HGV_diesel": null, "fuel:diesel": null, "fuel:lpg": null, "fuel:octane_95": null, "fuel:octane_98": null, "payment:credit_cards": null, "second_hand": null, "service:vehicle:air_conditioning": null, "service:vehicle:car_repair": null, "service:vehicle:new_car_sales": null, "service:vehicle:oil_change": null, "service:vehicle:repairs": null, "service:vehicle:tyres": null, "service:vehicle:used_car_sales": null, "sport": null, "payment:debit_cards": null, "payment:maestro": null, "payment:mastercard": null, "payment:visa": null, "payment:visa_electron": null, "rooms": null, "check_date": null, "railway": null, "railway:ref": null, "railway:signal_box": null, "bus": null, "public_transport": null, "access": null, "changing_table": null, "fee": null, "toilets:disposal": null, "unisex": null, "ref:csioz": null, "contact:phone": null, "contact:email": null, "contact:website": null, "capacity": null, "isced:level": null, "nursery": null, "operator:website": null, "source:amenity": null, "roof:direction": null, "beds": null, "payment:credit_card": null, "payment:girocard": null, "operator:type": null, "indoor": null, "entrance": null, "frequency": null, "location": null, "substation": null, "voltage": null, "fixme": null, "maxwidth": null, "payment:dkv": null, "payment:routex": null, "payment:uta": null, "branch": null, "roof:orientation": null, "communication:mobile_phone": null, "material": null, "tower:construction": null, "tower:type": null, "name:en": null, "addr:place": null, "name:pdc": null, "service:vehicle:window_tinting": null, "service:vehicle:windshields": null, "craft": null, "bench": null, "roof:height": null, "shelter_type": null, "building:part": null, "service": null, "atm": null, "blood:whole": null, "description": null, "construction": null, "wholesale": null, "type": null, "height_nmt": 172.1199951171875, "height_nmpt": 177.6300048828125, "height_obj": 5.510009765625}, "geometry": {"type": "Polygon", "coordinates": [[[22.923194, 54.10702079999999], [22.9232059, 54.106881599999994], [22.9238137, 54.106899399999996], [22.9238948, 54.10695969999999], [22.923946899999997, 54.10696130000001], [22.923965, 54.1072878], [22.9238906, 54.10728569999999], [22.9239001, 54.1071742], [22.9236816, 54.10703509999999], [22.923194, 54.10702079999999]]]}}, {"id": "2", "type": "Feature", "properties": {"element": "way", "id": 171875799, "addr:city": "Suwa\u0142ki", "addr:city:simc": null, "addr:housenumber": "15", "addr:postcode": null, "addr:street": "Genera\u0142a J\u00f3zefa Dwernickiego", "amenity": null, "building": "yes", "deanery": null, "denomination": null, "diocese": null, "heritage": null, "heritage:operator": null, "image": null, "name": "Suwa\u0142ki Plaza", "ref:nid": null, "religion": null, "source:addr": "EMUiA (emuia.gugik.gov.pl)", "url": null, "wikidata": null, "wikipedia": null, "building:levels": null, "operator:wikidata": null, "operator:wikipedia": null, "roof:levels": null, "website": null, "height": null, "ref": null, "short_name": null, "alt_name": null, "historic": null, "atm_ref": null, "brand": null, "brand:wikidata": null, "millennium:date": null, "millennium:network": null, "millennium:ref": null, "millennium:subtype": null, "opening_hours": null, "operator": null, "shop": null, "brand:wikipedia": null, "check_date:opening_hours": null, "toilets:wheelchair": null, "wheelchair": null, "source:building": null, "email": null, "fax": null, "government": null, "office": null, "official_name": null, "phone": null, "source:office": null, "addr:country": null, "addr:street:sym_ul": null, "church:id": null, "church:type": null, "name:etymology:wikidata": null, "name:etymology:wikipedia": null, "parish": null, "parish:wikidata": null, "parish:wikipedia": null, "shrine": null, "shrine:name": null, "shrine:type": null, "start_date": null, "wikimedia_commons": null, "building:colour": null, "building:material": null, "roof:colour": null, "roof:material": null, "theatre:type": null, "admin_level": null, "website:ua": null, "emergency": null, "note": null, "layer": null, "level": "0", "panoramax": null, "payment:cards": null, "payment:cash": null, "payment:qr_code": null, "cuisine": null, "drive_through": null, "smoking": null, "takeaway": null, "name:lt": null, "brewery": null, "outdoor_seating": null, "healthcare": null, "name:pl": null, "name:uk": null, "building:levels:underground": null, "source:geometry": null, "source": null, "service:vehicle:glass": null, "service:vehicle:glass_repair": null, "power": null, "addr:housename": null, "man_made": null, "internet_access": null, "internet_access:fee": null, "roof:shape": null, "stars": null, "tourism": null, "museum": null, "ref:ckkp": null, "townhall:type": null, "leisure": null, "social_facility": null, "social_facility:for": null, "fuel:HGV_diesel": null, "fuel:diesel": null, "fuel:lpg": null, "fuel:octane_95": null, "fuel:octane_98": null, "payment:credit_cards": null, "second_hand": null, "service:vehicle:air_conditioning": null, "service:vehicle:car_repair": null, "service:vehicle:new_car_sales": null, "service:vehicle:oil_change": null, "service:vehicle:repairs": null, "service:vehicle:tyres": null, "service:vehicle:used_car_sales": null, "sport": null, "payment:debit_cards": null, "payment:maestro": null, "payment:mastercard": null, "payment:visa": null, "payment:visa_electron": null, "rooms": null, "check_date": null, "railway": null, "railway:ref": null, "railway:signal_box": null, "bus": null, "public_transport": null, "access": null, "changing_table": null, "fee": null, "toilets:disposal": null, "unisex": null, "ref:csioz": null, "contact:phone": null, "contact:email": null, "contact:website": null, "capacity": null, "isced:level": null, "nursery": null, "operator:website": null, "source:amenity": null, "roof:direction": null, "beds": null, "payment:credit_card": null, "payment:girocard": null, "operator:type": null, "indoor": null, "entrance": null, "frequency": null, "location": null, "substation": null, "voltage": null, "fixme": null, "maxwidth": null, "payment:dkv": null, "payment:routex": null, "payment:uta": null, "branch": null, "roof:orientation": null, "communication:mobile_phone": null, "material": null, "tower:construction": null, "tower:type": null, "name:en": null, "addr:place": null, "name:pdc": null, "service:vehicle:window_tinting": null, "service:vehicle:windshields": null, "craft": null, "bench": null, "roof:height": null, "shelter_type": null, "building:part": null, "service": null, "atm": null, "blood:whole": null, "description": null, "construction": null, "wholesale": null, "type": null, "height_nmt": null, "height_nmpt": null, "height_obj": null}, "geometry": {"type": "Polygon", "coordinates": [[[22.932054699999995, 54.1077964], [22.9320641, 54.10767640000001], [22.9320714, 54.107583899999995], [22.9320848, 54.1074399], [22.932087399999997, 54.1073991], [22.9320915, 54.10735929999999], [22.932096699999995, 54.1072856], [22.9321088, 54.10716270000001], [22.9321143, 54.107071499999996], [22.932555, 54.1070849], [22.9327411, 54.10709049999999], [22.932932, 54.10709809999999], [22.9331281, 54.10710619999999], [22.9334387, 54.1071158], [22.9335594, 54.1071494], [22.933618600000003, 54.1071659], [22.933752699999996, 54.1072032], [22.9337501, 54.1072655], [22.9338069, 54.10726679999999], [22.9339211, 54.107269699999996], [22.934029800000005, 54.10727309999999], [22.9340823, 54.10727709999999], [22.9341243, 54.1072803], [22.9341909, 54.1072889], [22.9342638, 54.107309999999984], [22.93432, 54.1073302], [22.9343998, 54.1073617], [22.9344674, 54.1073954], [22.9344976, 54.107423000000004], [22.9345477, 54.10741339999999], [22.9345915, 54.10740969999999], [22.9346443, 54.107410099999996], [22.9346962, 54.1074167], [22.934748999999996, 54.10743009999999], [22.934797, 54.107455400000006], [22.9348272, 54.1074964], [22.934919700000002, 54.1075206], [22.9349856, 54.10753739999999], [22.9350451, 54.10755269999999], [22.9351256, 54.1075734], [22.9352115, 54.10759560000001], [22.935511, 54.107672699999995], [22.935433, 54.10787839999999], [22.9353867, 54.1080003], [22.935111, 54.1079637], [22.935068199999996, 54.10795900000001], [22.9350536, 54.107979400000005], [22.9344605, 54.10785249999999], [22.9343281, 54.1078241], [22.934327, 54.1077827], [22.9340408, 54.10777379999999], [22.9337408, 54.1077665], [22.9337313, 54.1078556], [22.9334959, 54.10784699999999], [22.933241299999995, 54.107838199999996], [22.9330861, 54.1078331], [22.9329603, 54.107828600000005], [22.932911099999995, 54.10782689999999], [22.932872499999995, 54.1078255], [22.9327729, 54.107821699999995], [22.932674999999996, 54.10781849999999], [22.932545999999995, 54.10781389999999], [22.932484799999997, 54.10781169999999], [22.9323952, 54.1078085], [22.932054699999995, 54.1077964]]]}}, {"id": "3", "type": "Feature", "properties": {"element": "way", "id": 171875801, "addr:city": "Suwa\u0142ki", "addr:city:simc": "0977456", "addr:housenumber": "48", "addr:postcode": "16-400", "addr:street": "Teofila Noniewicza", "amenity": null, "building": "yes", "deanery": null, "denomination": null, "diocese": null, "heritage": null, "heritage:operator": null, "image": null, "name": null, "ref:nid": null, "religion": null, "source:addr": "EMUiA (emuia.gugik.gov.pl)", "url": null, "wikidata": null, "wikipedia": null, "building:levels": "5", "operator:wikidata": null, "operator:wikipedia": null, "roof:levels": null, "website": null, "height": null, "ref": null, "short_name": null, "alt_name": null, "historic": null, "atm_ref": null, "brand": null, "brand:wikidata": null, "millennium:date": null, "millennium:network": null, "millennium:ref": null, "millennium:subtype": null, "opening_hours": null, "operator": null, "shop": null, "brand:wikipedia": null, "check_date:opening_hours": null, "toilets:wheelchair": null, "wheelchair": null, "source:building": "BDOT", "email": null, "fax": null, "government": null, "office": null, "official_name": null, "phone": null, "source:office": null, "addr:country": null, "addr:street:sym_ul": null, "church:id": null, "church:type": null, "name:etymology:wikidata": null, "name:etymology:wikipedia": null, "parish": null, "parish:wikidata": null, "parish:wikipedia": null, "shrine": null, "shrine:name": null, "shrine:type": null, "start_date": null, "wikimedia_commons": null, "building:colour": null, "building:material": null, "roof:colour": null, "roof:material": null, "theatre:type": null, "admin_level": null, "website:ua": null, "emergency": null, "note": null, "layer": null, "level": null, "panoramax": null, "payment:cards": null, "payment:cash": null, "payment:qr_code": null, "cuisine": null, "drive_through": null, "smoking": null, "takeaway": null, "name:lt": null, "brewery": null, "outdoor_seating": null, "healthcare": null, "name:pl": null, "name:uk": null, "building:levels:underground": null, "source:geometry": null, "source": null, "service:vehicle:glass": null, "service:vehicle:glass_repair": null, "power": null, "addr:housename": null, "man_made": null, "internet_access": null, "internet_access:fee": null, "roof:shape": null, "stars": null, "tourism": null, "museum": null, "ref:ckkp": null, "townhall:type": null, "leisure": null, "social_facility": null, "social_facility:for": null, "fuel:HGV_diesel": null, "fuel:diesel": null, "fuel:lpg": null, "fuel:octane_95": null, "fuel:octane_98": null, "payment:credit_cards": null, "second_hand": null, "service:vehicle:air_conditioning": null, "service:vehicle:car_repair": null, "service:vehicle:new_car_sales": null, "service:vehicle:oil_change": null, "service:vehicle:repairs": null, "service:vehicle:tyres": null, "service:vehicle:used_car_sales": null, "sport": null, "payment:debit_cards": null, "payment:maestro": null, "payment:mastercard": null, "payment:visa": null, "payment:visa_electron": null, "rooms": null, "check_date": null, "railway": null, "railway:ref": null, "railway:signal_box": null, "bus": null, "public_transport": null, "access": null, "changing_table": null, "fee": null, "toilets:disposal": null, "unisex": null, "ref:csioz": null, "contact:phone": null, "contact:email": null, "contact:website": null, "capacity": null, "isced:level": null, "nursery": null, "operator:website": null, "source:amenity": null, "roof:direction": null, "beds": null, "payment:credit_card": null, "payment:girocard": null, "operator:type": null, "indoor": null, "entrance": null, "frequency": null, "location": null, "substation": null, "voltage": null, "fixme": null, "maxwidth": null, "payment:dkv": null, "payment:routex": null, "payment:uta": null, "branch": null, "roof:orientation": null, "communication:mobile_phone": null, "material": null, "tower:construction": null, "tower:type": null, "name:en": null, "addr:place": null, "name:pdc": null, "service:vehicle:window_tinting": null, "service:vehicle:windshields": null, "craft": null, "bench": null, "roof:height": null, "shelter_type": null, "building:part": null, "service": null, "atm": null, "blood:whole": null, "description": null, "construction": null, "wholesale": null, "type": null, "height_nmt": null, "height_nmpt": null, "height_obj": null}, "geometry": {"type": "Polygon", "coordinates": [[[22.931995, 54.105832199999995], [22.9318873, 54.10582879999999], [22.9318546, 54.1061261], [22.9319343, 54.1061292], [22.931924, 54.106236499999994], [22.931946, 54.1062368], [22.9319372, 54.1063664], [22.9321322, 54.10637429999999], [22.932137, 54.1063179], [22.9321567, 54.10631899999999], [22.9321592, 54.1062952], [22.93214, 54.106295100000004], [22.9321464, 54.1062383], [22.9321191, 54.106236800000005], [22.9321215, 54.106184999999996], [22.9321399, 54.1061857], [22.932142499999998, 54.106164299999996], [22.9321237, 54.10616349999999], [22.932123900000004, 54.10613000000001], [22.9320898, 54.10612810000001], [22.9320911, 54.1061017], [22.932116, 54.10610259999999], [22.932118, 54.1060835], [22.9320945, 54.10608249999999], [22.9321071, 54.106009], [22.932123900000004, 54.1060095], [22.9321259, 54.10598869999998], [22.932109299999997, 54.10598809999998], [22.932116499999996, 54.10591439999999], [22.932134499999997, 54.105914799999994], [22.9321367, 54.1058917], [22.932117699999996, 54.10589149999999], [22.932119299999997, 54.105873899999985], [22.932189400000002, 54.1058768], [22.9321949, 54.1058431], [22.9321957, 54.10582529999999], [22.932197299999995, 54.10578739999998], [22.932215299999996, 54.1057871], [22.9322147, 54.105761199999996], [22.932198699999997, 54.10576069999999], [22.9322098, 54.105655000000006], [22.9322289, 54.10565569999999], [22.9322337, 54.105609099999995], [22.9322149, 54.10560859999999], [22.9322237, 54.1055255], [22.932245, 54.1055263], [22.932248, 54.105499900000005], [22.9322264, 54.10549899999999], [22.9322286, 54.105478299999994], [22.9322598, 54.1054783], [22.9322612, 54.1054599], [22.9322305, 54.10545989999999], [22.932235, 54.1054182], [22.9322579, 54.1054189], [22.9322636, 54.1053753], [22.9322414, 54.1053746], [22.9322468, 54.10532609999999], [22.9322472, 54.1053219], [22.9322218, 54.1053205], [22.9322255, 54.10526749999999], [22.932249, 54.10526810000001], [22.932252099999996, 54.105245199999985], [22.9322279, 54.10524509999999], [22.9322398, 54.10513879999999], [22.9322619, 54.1051395], [22.9322632, 54.10511479999999], [22.932242499999997, 54.10511449999999], [22.932254800000003, 54.10500989999999], [22.932277, 54.10500989999999], [22.9322796, 54.10498589999999], [22.9322571, 54.10498509999999], [22.9322647, 54.10491439999999], [22.932167900000003, 54.1049117], [22.9321654, 54.1049308], [22.9320758, 54.1049267], [22.9320634, 54.10499939999999], [22.9320132, 54.10499720000001], [22.9320001, 54.1051118], [22.932053099999997, 54.10511399999999], [22.9320279, 54.10531699999999], [22.932055799999997, 54.10531919999998], [22.9320513, 54.10536869999999], [22.931994800000002, 54.1053668], [22.9319457, 54.10578079999999], [22.9319997, 54.1057822], [22.931995, 54.105832199999995]]]}}, {"id": "4", "type": "Feature", "properties": {"element": "way", "id": 171892337, "addr:city": "Suwa\u0142ki", "addr:city:simc": "0977456", "addr:housenumber": "93d", "addr:postcode": "16-400", "addr:street": "Teofila Noniewicza", "amenity": null, "building": "retail", "deanery": null, "denomination": null, "diocese": null, "heritage": null, "heritage:operator": null, "image": null, "name": "DH Wigry", "ref:nid": null, "religion": null, "source:addr": "EMUiA (emuia.gugik.gov.pl)", "url": null, "wikidata": null, "wikipedia": null, "building:levels": "3", "operator:wikidata": null, "operator:wikipedia": null, "roof:levels": null, "website": null, "height": null, "ref": null, "short_name": null, "alt_name": null, "historic": null, "atm_ref": null, "brand": null, "brand:wikidata": null, "millennium:date": null, "millennium:network": null, "millennium:ref": null, "millennium:subtype": null, "opening_hours": null, "operator": null, "shop": "department_store", "brand:wikipedia": null, "check_date:opening_hours": null, "toilets:wheelchair": null, "wheelchair": null, "source:building": "BDOT", "email": null, "fax": null, "government": null, "office": null, "official_name": null, "phone": null, "source:office": null, "addr:country": null, "addr:street:sym_ul": null, "church:id": null, "church:type": null, "name:etymology:wikidata": null, "name:etymology:wikipedia": null, "parish": null, "parish:wikidata": null, "parish:wikipedia": null, "shrine": null, "shrine:name": null, "shrine:type": null, "start_date": null, "wikimedia_commons": null, "building:colour": null, "building:material": null, "roof:colour": null, "roof:material": null, "theatre:type": null, "admin_level": null, "website:ua": null, "emergency": null, "note": null, "layer": null, "level": null, "panoramax": null, "payment:cards": null, "payment:cash": null, "payment:qr_code": null, "cuisine": null, "drive_through": null, "smoking": null, "takeaway": null, "name:lt": null, "brewery": null, "outdoor_seating": null, "healthcare": null, "name:pl": null, "name:uk": null, "building:levels:underground": null, "source:geometry": null, "source": null, "service:vehicle:glass": null, "service:vehicle:glass_repair": null, "power": null, "addr:housename": null, "man_made": null, "internet_access": null, "internet_access:fee": null, "roof:shape": null, "stars": null, "tourism": null, "museum": null, "ref:ckkp": null, "townhall:type": null, "leisure": null, "social_facility": null, "social_facility:for": null, "fuel:HGV_diesel": null, "fuel:diesel": null, "fuel:lpg": null, "fuel:octane_95": null, "fuel:octane_98": null, "payment:credit_cards": null, "second_hand": null, "service:vehicle:air_conditioning": null, "service:vehicle:car_repair": null, "service:vehicle:new_car_sales": null, "service:vehicle:oil_change": null, "service:vehicle:repairs": null, "service:vehicle:tyres": null, "service:vehicle:used_car_sales": null, "sport": null, "payment:debit_cards": null, "payment:maestro": null, "payment:mastercard": null, "payment:visa": null, "payment:visa_electron": null, "rooms": null, "check_date": null, "railway": null, "railway:ref": null, "railway:signal_box": null, "bus": null, "public_transport": null, "access": null, "changing_table": null, "fee": null, "toilets:disposal": null, "unisex": null, "ref:csioz": null, "contact:phone": null, "contact:email": null, "contact:website": null, "capacity": null, "isced:level": null, "nursery": null, "operator:website": null, "source:amenity": null, "roof:direction": null, "beds": null, "payment:credit_card": null, "payment:girocard": null, "operator:type": null, "indoor": null, "entrance": null, "frequency": null, "location": null, "substation": null, "voltage": null, "fixme": null, "maxwidth": null, "payment:dkv": null, "payment:routex": null, "payment:uta": null, "branch": null, "roof:orientation": null, "communication:mobile_phone": null, "material": null, "tower:construction": null, "tower:type": null, "name:en": null, "addr:place": null, "name:pdc": null, "service:vehicle:window_tinting": null, "service:vehicle:windshields": null, "craft": null, "bench": null, "roof:height": null, "shelter_type": null, "building:part": null, "service": null, "atm": null, "blood:whole": null, "description": null, "construction": null, "wholesale": null, "type": null, "height_nmt": 169.9600067138672, "height_nmpt": 185.39999389648438, "height_obj": 15.439987182617188}, "geometry": {"type": "Polygon", "coordinates": [[[22.931232599999998, 54.105689399999996], [22.9313863, 54.10569389999999], [22.9313898, 54.1056504], [22.9314126, 54.10563899999999], [22.9313918, 54.105626], [22.9313956, 54.1055805], [22.931309599999995, 54.105523999999996], [22.931144699999997, 54.10551909999999], [22.931124299999997, 54.105505599999994], [22.9310994, 54.10551780000001], [22.9309583, 54.1055137], [22.9309352, 54.10550089999999], [22.9309127, 54.1055123], [22.930749, 54.1055074], [22.9307436, 54.10558279999999], [22.9307155, 54.10558939999999], [22.9307399, 54.105606499999986], [22.930734, 54.10567379999999], [22.9309137, 54.1056797], [22.9309355, 54.10569619999999], [22.9309609, 54.1056818], [22.9310984, 54.105685], [22.9311174, 54.1057001], [22.9311428, 54.1056867], [22.931232599999998, 54.105689399999996]]]}}, {"id": "5", "type": "Feature", "properties": {"element": "way", "id": 186169653, "addr:city": "Suwa\u0142ki", "addr:city:simc": null, "addr:housenumber": "101A", "addr:postcode": "16-400", "addr:street": "Tadeusza Ko\u015bciuszki", "amenity": "restaurant", "building": "yes", "deanery": null, "denomination": null, "diocese": null, "heritage": null, "heritage:operator": null, "image": null, "name": null, "ref:nid": null, "religion": null, "source:addr": null, "url": null, "wikidata": null, "wikipedia": null, "building:levels": null, "operator:wikidata": null, "operator:wikipedia": null, "roof:levels": null, "website": null, "height": "11", "ref": null, "short_name": null, "alt_name": null, "historic": null, "atm_ref": null, "brand": null, "brand:wikidata": null, "millennium:date": null, "millennium:network": null, "millennium:ref": null, "millennium:subtype": null, "opening_hours": null, "operator": null, "shop": null, "brand:wikipedia": null, "check_date:opening_hours": null, "toilets:wheelchair": null, "wheelchair": null, "source:building": null, "email": null, "fax": null, "government": null, "office": null, "official_name": null, "phone": null, "source:office": null, "addr:country": null, "addr:street:sym_ul": null, "church:id": null, "church:type": null, "name:etymology:wikidata": null, "name:etymology:wikipedia": null, "parish": null, "parish:wikidata": null, "parish:wikipedia": null, "shrine": null, "shrine:name": null, "shrine:type": null, "start_date": null, "wikimedia_commons": null, "building:colour": null, "building:material": null, "roof:colour": null, "roof:material": null, "theatre:type": null, "admin_level": null, "website:ua": null, "emergency": null, "note": null, "layer": null, "level": null, "panoramax": null, "payment:cards": null, "payment:cash": null, "payment:qr_code": null, "cuisine": null, "drive_through": null, "smoking": null, "takeaway": null, "name:lt": null, "brewery": null, "outdoor_seating": null, "healthcare": null, "name:pl": null, "name:uk": null, "building:levels:underground": null, "source:geometry": null, "source": null, "service:vehicle:glass": null, "service:vehicle:glass_repair": null, "power": null, "addr:housename": null, "man_made": null, "internet_access": null, "internet_access:fee": null, "roof:shape": null, "stars": null, "tourism": null, "museum": null, "ref:ckkp": null, "townhall:type": null, "leisure": null, "social_facility": null, "social_facility:for": null, "fuel:HGV_diesel": null, "fuel:diesel": null, "fuel:lpg": null, "fuel:octane_95": null, "fuel:octane_98": null, "payment:credit_cards": null, "second_hand": null, "service:vehicle:air_conditioning": null, "service:vehicle:car_repair": null, "service:vehicle:new_car_sales": null, "service:vehicle:oil_change": null, "service:vehicle:repairs": null, "service:vehicle:tyres": null, "service:vehicle:used_car_sales": null, "sport": null, "payment:debit_cards": null, "payment:maestro": null, "payment:mastercard": null, "payment:visa": null, "payment:visa_electron": null, "rooms": null, "check_date": null, "railway": null, "railway:ref": null, "railway:signal_box": null, "bus": null, "public_transport": null, "access": null, "changing_table": null, "fee": null, "toilets:disposal": null, "unisex": null, "ref:csioz": null, "contact:phone": null, "contact:email": null, "contact:website": null, "capacity": null, "isced:level": null, "nursery": null, "operator:website": null, "source:amenity": null, "roof:direction": null, "beds": null, "payment:credit_card": null, "payment:girocard": null, "operator:type": null, "indoor": null, "entrance": null, "frequency": null, "location": null, "substation": null, "voltage": null, "fixme": null, "maxwidth": null, "payment:dkv": null, "payment:routex": null, "payment:uta": null, "branch": null, "roof:orientation": null, "communication:mobile_phone": null, "material": null, "tower:construction": null, "tower:type": null, "name:en": null, "addr:place": null, "name:pdc": null, "service:vehicle:window_tinting": null, "service:vehicle:windshields": null, "craft": null, "bench": null, "roof:height": null, "shelter_type": null, "building:part": null, "service": null, "atm": null, "blood:whole": null, "description": null, "construction": null, "wholesale": null, "type": null, "height_nmt": 171.64999389648438, "height_nmpt": 182.92999267578125, "height_obj": 11.279998779296875}, "geometry": {"type": "Polygon", "coordinates": [[[22.9259956, 54.107092900000005], [22.926003199999997, 54.106978599999984], [22.9263458, 54.1069865], [22.9263453, 54.1069935], [22.9269521, 54.10700739999999], [22.9269526, 54.10700039999998], [22.9271493, 54.10700490000001], [22.9271369, 54.10719099999999], [22.9271153, 54.10719049999999], [22.926938, 54.1071865], [22.926659499999996, 54.1071801], [22.926661599999996, 54.10714899999998], [22.9266542, 54.1071488], [22.9266571, 54.107104899999996], [22.9263364, 54.1070975], [22.9263315, 54.1071706], [22.9260959, 54.1071652], [22.9260992, 54.1071162], [22.9261374, 54.10711700000001], [22.9261388, 54.1070961], [22.9259956, 54.107092900000005]]]}}, {"id": "6", "type": "Feature", "properties": {"element": "way", "id": 186169655, "addr:city": "Suwa\u0142ki", "addr:city:simc": "0977456", "addr:housenumber": "4A", "addr:postcode": "16-400", "addr:street": "Genera\u0142a W\u0142adys\u0142awa Sikorskiego", "amenity": null, "building": "yes", "deanery": null, "denomination": null, "diocese": null, "heritage": null, "heritage:operator": null, "image": null, "name": null, "ref:nid": null, "religion": null, "source:addr": "gugik.gov.pl", "url": null, "wikidata": null, "wikipedia": null, "building:levels": null, "operator:wikidata": null, "operator:wikipedia": null, "roof:levels": null, "website": null, "height": null, "ref": null, "short_name": null, "alt_name": null, "historic": null, "atm_ref": null, "brand": null, "brand:wikidata": null, "millennium:date": null, "millennium:network": null, "millennium:ref": null, "millennium:subtype": null, "opening_hours": null, "operator": null, "shop": null, "brand:wikipedia": null, "check_date:opening_hours": null, "toilets:wheelchair": null, "wheelchair": null, "source:building": null, "email": null, "fax": null, "government": null, "office": null, "official_name": null, "phone": null, "source:office": null, "addr:country": null, "addr:street:sym_ul": null, "church:id": null, "church:type": null, "name:etymology:wikidata": null, "name:etymology:wikipedia": null, "parish": null, "parish:wikidata": null, "parish:wikipedia": null, "shrine": null, "shrine:name": null, "shrine:type": null, "start_date": null, "wikimedia_commons": null, "building:colour": null, "building:material": null, "roof:colour": null, "roof:material": null, "theatre:type": null, "admin_level": null, "website:ua": null, "emergency": null, "note": null, "layer": null, "level": null, "panoramax": null, "payment:cards": null, "payment:cash": null, "payment:qr_code": null, "cuisine": null, "drive_through": null, "smoking": null, "takeaway": null, "name:lt": null, "brewery": null, "outdoor_seating": null, "healthcare": null, "name:pl": null, "name:uk": null, "building:levels:underground": null, "source:geometry": null, "source": null, "service:vehicle:glass": null, "service:vehicle:glass_repair": null, "power": null, "addr:housename": null, "man_made": null, "internet_access": null, "internet_access:fee": null, "roof:shape": null, "stars": null, "tourism": null, "museum": null, "ref:ckkp": null, "townhall:type": null, "leisure": null, "social_facility": null, "social_facility:for": null, "fuel:HGV_diesel": null, "fuel:diesel": null, "fuel:lpg": null, "fuel:octane_95": null, "fuel:octane_98": null, "payment:credit_cards": null, "second_hand": null, "service:vehicle:air_conditioning": null, "service:vehicle:car_repair": null, "service:vehicle:new_car_sales": null, "service:vehicle:oil_change": null, "service:vehicle:repairs": null, "service:vehicle:tyres": null, "service:vehicle:used_car_sales": null, "sport": null, "payment:debit_cards": null, "payment:maestro": null, "payment:mastercard": null, "payment:visa": null, "payment:visa_electron": null, "rooms": null, "check_date": null, "railway": null, "railway:ref": null, "railway:signal_box": null, "bus": null, "public_transport": null, "access": null, "changing_table": null, "fee": null, "toilets:disposal": null, "unisex": null, "ref:csioz": null, "contact:phone": null, "contact:email": null, "contact:website": null, "capacity": null, "isced:level": null, "nursery": null, "operator:website": null, "source:amenity": null, "roof:direction": null, "beds": null, "payment:credit_card": null, "payment:girocard": null, "operator:type": null, "indoor": null, "entrance": null, "frequency": null, "location": null, "substation": null, "voltage": null, "fixme": null, "maxwidth": null, "payment:dkv": null, "payment:routex": null, "payment:uta": null, "branch": null, "roof:orientation": null, "communication:mobile_phone": null, "material": null, "tower:construction": null, "tower:type": null, "name:en": null, "addr:place": null, "name:pdc": null, "service:vehicle:window_tinting": null, "service:vehicle:windshields": null, "craft": null, "bench": null, "roof:height": null, "shelter_type": null, "building:part": null, "service": null, "atm": null, "blood:whole": null, "description": null, "construction": null, "wholesale": null, "type": null, "height_nmt": 171.58999633789062, "height_nmpt": 176.02999877929688, "height_obj": 4.44000244140625}, "geometry": {"type": "Polygon", "coordinates": [[[22.9259892, 54.106950299999994], [22.9260024, 54.1067563], [22.9260479, 54.10675729999999], [22.9261218, 54.106759099999984], [22.9261852, 54.10676049999999], [22.9261719, 54.106954599999995], [22.9259892, 54.106950299999994]]]}}, {"id": "7", "type": "Feature", "properties": {"element": "way", "id": 186169661, "addr:city": "Suwa\u0142ki", "addr:city:simc": null, "addr:housenumber": "99", "addr:postcode": "16-400", "addr:street": "Tadeusza Ko\u015bciuszki", "amenity": null, "building": "yes", "deanery": null, "denomination": null, "diocese": null, "heritage": null, "heritage:operator": null, "image": null, "name": null, "ref:nid": null, "religion": null, "source:addr": null, "url": null, "wikidata": null, "wikipedia": null, "building:levels": "3", "operator:wikidata": null, "operator:wikipedia": null, "roof:levels": null, "website": null, "height": "11", "ref": null, "short_name": null, "alt_name": null, "historic": null, "atm_ref": null, "brand": null, "brand:wikidata": null, "millennium:date": null, "millennium:network": null, "millennium:ref": null, "millennium:subtype": null, "opening_hours": null, "operator": null, "shop": null, "brand:wikipedia": null, "check_date:opening_hours": null, "toilets:wheelchair": null, "wheelchair": null, "source:building": null, "email": null, "fax": null, "government": null, "office": null, "official_name": null, "phone": null, "source:office": null, "addr:country": null, "addr:street:sym_ul": null, "church:id": null, "church:type": null, "name:etymology:wikidata": null, "name:etymology:wikipedia": null, "parish": null, "parish:wikidata": null, "parish:wikipedia": null, "shrine": null, "shrine:name": null, "shrine:type": null, "start_date": null, "wikimedia_commons": null, "building:colour": null, "building:material": null, "roof:colour": null, "roof:material": null, "theatre:type": null, "admin_level": null, "website:ua": null, "emergency": null, "note": null, "layer": null, "level": null, "panoramax": null, "payment:cards": null, "payment:cash": null, "payment:qr_code": null, "cuisine": null, "drive_through": null, "smoking": null, "takeaway": null, "name:lt": null, "brewery": null, "outdoor_seating": null, "healthcare": null, "name:pl": null, "name:uk": null, "building:levels:underground": null, "source:geometry": null, "source": null, "service:vehicle:glass": null, "service:vehicle:glass_repair": null, "power": null, "addr:housename": null, "man_made": null, "internet_access": null, "internet_access:fee": null, "roof:shape": null, "stars": null, "tourism": null, "museum": null, "ref:ckkp": null, "townhall:type": null, "leisure": null, "social_facility": null, "social_facility:for": null, "fuel:HGV_diesel": null, "fuel:diesel": null, "fuel:lpg": null, "fuel:octane_95": null, "fuel:octane_98": null, "payment:credit_cards": null, "second_hand": null, "service:vehicle:air_conditioning": null, "service:vehicle:car_repair": null, "service:vehicle:new_car_sales": null, "service:vehicle:oil_change": null, "service:vehicle:repairs": null, "service:vehicle:tyres": null, "service:vehicle:used_car_sales": null, "sport": null, "payment:debit_cards": null, "payment:maestro": null, "payment:mastercard": null, "payment:visa": null, "payment:visa_electron": null, "rooms": null, "check_date": null, "railway": null, "railway:ref": null, "railway:signal_box": null, "bus": null, "public_transport": null, "access": null, "changing_table": null, "fee": null, "toilets:disposal": null, "unisex": null, "ref:csioz": null, "contact:phone": null, "contact:email": null, "contact:website": null, "capacity": null, "isced:level": null, "nursery": null, "operator:website": null, "source:amenity": null, "roof:direction": null, "beds": null, "payment:credit_card": null, "payment:girocard": null, "operator:type": null, "indoor": null, "entrance": null, "frequency": null, "location": null, "substation": null, "voltage": null, "fixme": null, "maxwidth": null, "payment:dkv": null, "payment:routex": null, "payment:uta": null, "branch": null, "roof:orientation": null, "communication:mobile_phone": null, "material": null, "tower:construction": null, "tower:type": null, "name:en": null, "addr:place": null, "name:pdc": null, "service:vehicle:window_tinting": null, "service:vehicle:windshields": null, "craft": null, "bench": null, "roof:height": null, "shelter_type": null, "building:part": null, "service": null, "atm": null, "blood:whole": null, "description": null, "construction": null, "wholesale": null, "type": null, "height_nmt": 171.4499969482422, "height_nmpt": 183.4499969482422, "height_obj": 12.0}, "geometry": {"type": "Polygon", "coordinates": [[[22.9276095, 54.1067243], [22.9273508, 54.106717999999994], [22.927358100000003, 54.10661590000001], [22.927616799999996, 54.1066223], [22.9276095, 54.1067243]]]}}, {"id": "8", "type": "Feature", "properties": {"element": "way", "id": 186169662, "addr:city": null, "addr:city:simc": null, "addr:housenumber": null, "addr:postcode": null, "addr:street": null, "amenity": null, "building": "yes", "deanery": null, "denomination": null, "diocese": null, "heritage": null, "heritage:operator": null, "image": null, "name": null, "ref:nid": null, "religion": null, "source:addr": null, "url": null, "wikidata": null, "wikipedia": null, "building:levels": null, "operator:wikidata": null, "operator:wikipedia": null, "roof:levels": null, "website": null, "height": null, "ref": null, "short_name": null, "alt_name": null, "historic": null, "atm_ref": null, "brand": null, "brand:wikidata": null, "millennium:date": null, "millennium:network": null, "millennium:ref": null, "millennium:subtype": null, "opening_hours": null, "operator": null, "shop": null, "brand:wikipedia": null, "check_date:opening_hours": null, "toilets:wheelchair": null, "wheelchair": null, "source:building": null, "email": null, "fax": null, "government": null, "office": null, "official_name": null, "phone": null, "source:office": null, "addr:country": null, "addr:street:sym_ul": null, "church:id": null, "church:type": null, "name:etymology:wikidata": null, "name:etymology:wikipedia": null, "parish": null, "parish:wikidata": null, "parish:wikipedia": null, "shrine": null, "shrine:name": null, "shrine:type": null, "start_date": null, "wikimedia_commons": null, "building:colour": null, "building:material": null, "roof:colour": null, "roof:material": null, "theatre:type": null, "admin_level": null, "website:ua": null, "emergency": null, "note": null, "layer": null, "level": null, "panoramax": null, "payment:cards": null, "payment:cash": null, "payment:qr_code": null, "cuisine": null, "drive_through": null, "smoking": null, "takeaway": null, "name:lt": null, "brewery": null, "outdoor_seating": null, "healthcare": null, "name:pl": null, "name:uk": null, "building:levels:underground": null, "source:geometry": null, "source": null, "service:vehicle:glass": null, "service:vehicle:glass_repair": null, "power": null, "addr:housename": null, "man_made": null, "internet_access": null, "internet_access:fee": null, "roof:shape": null, "stars": null, "tourism": null, "museum": null, "ref:ckkp": null, "townhall:type": null, "leisure": null, "social_facility": null, "social_facility:for": null, "fuel:HGV_diesel": null, "fuel:diesel": null, "fuel:lpg": null, "fuel:octane_95": null, "fuel:octane_98": null, "payment:credit_cards": null, "second_hand": null, "service:vehicle:air_conditioning": null, "service:vehicle:car_repair": null, "service:vehicle:new_car_sales": null, "service:vehicle:oil_change": null, "service:vehicle:repairs": null, "service:vehicle:tyres": null, "service:vehicle:used_car_sales": null, "sport": null, "payment:debit_cards": null, "payment:maestro": null, "payment:mastercard": null, "payment:visa": null, "payment:visa_electron": null, "rooms": null, "check_date": null, "railway": null, "railway:ref": null, "railway:signal_box": null, "bus": null, "public_transport": null, "access": null, "changing_table": null, "fee": null, "toilets:disposal": null, "unisex": null, "ref:csioz": null, "contact:phone": null, "contact:email": null, "contact:website": null, "capacity": null, "isced:level": null, "nursery": null, "operator:website": null, "source:amenity": null, "roof:direction": null, "beds": null, "payment:credit_card": null, "payment:girocard": null, "operator:type": null, "indoor": null, "entrance": null, "frequency": null, "location": null, "substation": null, "voltage": null, "fixme": null, "maxwidth": null, "payment:dkv": null, "payment:routex": null, "payment:uta": null, "branch": null, "roof:orientation": null, "communication:mobile_phone": null, "material": null, "tower:construction": null, "tower:type": null, "name:en": null, "addr:place": null, "name:pdc": null, "service:vehicle:window_tinting": null, "service:vehicle:windshields": null, "craft": null, "bench": null, "roof:height": null, "shelter_type": null, "building:part": null, "service": null, "atm": null, "blood:whole": null, "description": null, "construction": null, "wholesale": null, "type": null, "height_nmt": 171.5800018310547, "height_nmpt": 175.69000244140625, "height_obj": 4.1100006103515625}, "geometry": {"type": "Polygon", "coordinates": [[[22.9264636, 54.1068641], [22.9264641, 54.10679040000001], [22.9264644, 54.106746], [22.926661199999998, 54.1067465], [22.926660399999996, 54.106864599999994], [22.9264636, 54.1068641]]]}}, {"id": "9", "type": "Feature", "properties": {"element": "way", "id": 186169663, "addr:city": "Suwa\u0142ki", "addr:city:simc": null, "addr:housenumber": "2", "addr:postcode": "16-400", "addr:street": "Genera\u0142a W\u0142adys\u0142awa Sikorskiego", "amenity": null, "building": "yes", "deanery": null, "denomination": null, "diocese": null, "heritage": null, "heritage:operator": null, "image": null, "name": null, "ref:nid": null, "religion": null, "source:addr": null, "url": null, "wikidata": null, "wikipedia": null, "building:levels": null, "operator:wikidata": null, "operator:wikipedia": null, "roof:levels": null, "website": null, "height": null, "ref": null, "short_name": null, "alt_name": null, "historic": null, "atm_ref": null, "brand": null, "brand:wikidata": null, "millennium:date": null, "millennium:network": null, "millennium:ref": null, "millennium:subtype": null, "opening_hours": null, "operator": null, "shop": null, "brand:wikipedia": null, "check_date:opening_hours": null, "toilets:wheelchair": null, "wheelchair": null, "source:building": null, "email": null, "fax": null, "government": null, "office": null, "official_name": null, "phone": null, "source:office": null, "addr:country": null, "addr:street:sym_ul": null, "church:id": null, "church:type": null, "name:etymology:wikidata": null, "name:etymology:wikipedia": null, "parish": null, "parish:wikidata": null, "parish:wikipedia": null, "shrine": null, "shrine:name": null, "shrine:type": null, "start_date": null, "wikimedia_commons": null, "building:colour": null, "building:material": null, "roof:colour": null, "roof:material": null, "theatre:type": null, "admin_level": null, "website:ua": null, "emergency": null, "note": null, "layer": null, "level": null, "panoramax": null, "payment:cards": null, "payment:cash": null, "payment:qr_code": null, "cuisine": null, "drive_through": null, "smoking": null, "takeaway": null, "name:lt": null, "brewery": null, "outdoor_seating": null, "healthcare": null, "name:pl": null, "name:uk": null, "building:levels:underground": null, "source:geometry": null, "source": null, "service:vehicle:glass": null, "service:vehicle:glass_repair": null, "power": null, "addr:housename": null, "man_made": null, "internet_access": null, "internet_access:fee": null, "roof:shape": null, "stars": null, "tourism": null, "museum": null, "ref:ckkp": null, "townhall:type": null, "leisure": null, "social_facility": null, "social_facility:for": null, "fuel:HGV_diesel": null, "fuel:diesel": null, "fuel:lpg": null, "fuel:octane_95": null, "fuel:octane_98": null, "payment:credit_cards": null, "second_hand": null, "service:vehicle:air_conditioning": null, "service:vehicle:car_repair": null, "service:vehicle:new_car_sales": null, "service:vehicle:oil_change": null, "service:vehicle:repairs": null, "service:vehicle:tyres": null, "service:vehicle:used_car_sales": null, "sport": null, "payment:debit_cards": null, "payment:maestro": null, "payment:mastercard": null, "payment:visa": null, "payment:visa_electron": null, "rooms": null, "check_date": null, "railway": null, "railway:ref": null, "railway:signal_box": null, "bus": null, "public_transport": null, "access": null, "changing_table": null, "fee": null, "toilets:disposal": null, "unisex": null, "ref:csioz": null, "contact:phone": null, "contact:email": null, "contact:website": null, "capacity": null, "isced:level": null, "nursery": null, "operator:website": null, "source:amenity": null, "roof:direction": null, "beds": null, "payment:credit_card": null, "payment:girocard": null, "operator:type": null, "indoor": null, "entrance": null, "frequency": null, "location": null, "substation": null, "voltage": null, "fixme": null, "maxwidth": null, "payment:dkv": null, "payment:routex": null, "payment:uta": null, "branch": null, "roof:orientation": null, "communication:mobile_phone": null, "material": null, "tower:construction": null, "tower:type": null, "name:en": null, "addr:place": null, "name:pdc": null, "service:vehicle:window_tinting": null, "service:vehicle:windshields": null, "craft": null, "bench": null, "roof:height": null, "shelter_type": null, "building:part": null, "service": null, "atm": null, "blood:whole": null, "description": null, "construction": null, "wholesale": null, "type": null, "height_nmt": 171.80999755859375, "height_nmpt": 180.11000061035156, "height_obj": 8.300003051757812}, "geometry": {"type": "Polygon", "coordinates": [[[22.926771699999996, 54.106784199999986], [22.9269711, 54.10678690000001], [22.926977999999995, 54.10661419999999], [22.9265514, 54.10660829999999], [22.926548, 54.10669459999999], [22.9267751, 54.1066977], [22.926771699999996, 54.106784199999986]]]}}, {"id": "10", "type": "Feature", "properties": {"element": "way", "id": 186169664, "addr:city": "Suwa\u0142ki", "addr:city:simc": null, "addr:housenumber": "101a", "addr:postcode": "16-400", "addr:street": "Tadeusza Ko\u015bciuszki", "amenity": null, "building": "yes", "deanery": null, "denomination": null, "diocese": null, "heritage": null, "heritage:operator": null, "image": null, "name": null, "ref:nid": null, "religion": null, "source:addr": null, "url": null, "wikidata": null, "wikipedia": null, "building:levels": null, "operator:wikidata": null, "operator:wikipedia": null, "roof:levels": null, "website": null, "height": null, "ref": null, "short_name": null, "alt_name": null, "historic": null, "atm_ref": null, "brand": null, "brand:wikidata": null, "millennium:date": null, "millennium:network": null, "millennium:ref": null, "millennium:subtype": null, "opening_hours": null, "operator": null, "shop": null, "brand:wikipedia": null, "check_date:opening_hours": null, "toilets:wheelchair": null, "wheelchair": null, "source:building": null, "email": null, "fax": null, "government": null, "office": null, "official_name": null, "phone": null, "source:office": null, "addr:country": null, "addr:street:sym_ul": null, "church:id": null, "church:type": null, "name:etymology:wikidata": null, "name:etymology:wikipedia": null, "parish": null, "parish:wikidata": null, "parish:wikipedia": null, "shrine": null, "shrine:name": null, "shrine:type": null, "start_date": null, "wikimedia_commons": null, "building:colour": null, "building:material": null, "roof:colour": null, "roof:material": null, "theatre:type": null, "admin_level": null, "website:ua": null, "emergency": null, "note": null, "layer": null, "level": null, "panoramax": null, "payment:cards": null, "payment:cash": null, "payment:qr_code": null, "cuisine": null, "drive_through": null, "smoking": null, "takeaway": null, "name:lt": null, "brewery": null, "outdoor_seating": null, "healthcare": null, "name:pl": null, "name:uk": null, "building:levels:underground": null, "source:geometry": null, "source": null, "service:vehicle:glass": null, "service:vehicle:glass_repair": null, "power": null, "addr:housename": null, "man_made": null, "internet_access": null, "internet_access:fee": null, "roof:shape": null, "stars": null, "tourism": null, "museum": null, "ref:ckkp": null, "townhall:type": null, "leisure": null, "social_facility": null, "social_facility:for": null, "fuel:HGV_diesel": null, "fuel:diesel": null, "fuel:lpg": null, "fuel:octane_95": null, "fuel:octane_98": null, "payment:credit_cards": null, "second_hand": null, "service:vehicle:air_conditioning": null, "service:vehicle:car_repair": null, "service:vehicle:new_car_sales": null, "service:vehicle:oil_change": null, "service:vehicle:repairs": null, "service:vehicle:tyres": null, "service:vehicle:used_car_sales": null, "sport": null, "payment:debit_cards": null, "payment:maestro": null, "payment:mastercard": null, "payment:visa": null, "payment:visa_electron": null, "rooms": null, "check_date": null, "railway": null, "railway:ref": null, "railway:signal_box": null, "bus": null, "public_transport": null, "access": null, "changing_table": null, "fee": null, "toilets:disposal": null, "unisex": null, "ref:csioz": null, "contact:phone": null, "contact:email": null, "contact:website": null, "capacity": null, "isced:level": null, "nursery": null, "operator:website": null, "source:amenity": null, "roof:direction": null, "beds": null, "payment:credit_card": null, "payment:girocard": null, "operator:type": null, "indoor": null, "entrance": null, "frequency": null, "location": null, "substation": null, "voltage": null, "fixme": null, "maxwidth": null, "payment:dkv": null, "payment:routex": null, "payment:uta": null, "branch": null, "roof:orientation": null, "communication:mobile_phone": null, "material": null, "tower:construction": null, "tower:type": null, "name:en": null, "addr:place": null, "name:pdc": null, "service:vehicle:window_tinting": null, "service:vehicle:windshields": null, "craft": null, "bench": null, "roof:height": null, "shelter_type": null, "building:part": null, "service": null, "atm": null, "blood:whole": null, "description": null, "construction": null, "wholesale": null, "type": null, "height_nmt": 171.72999572753906, "height_nmpt": 183.42999267578125, "height_obj": 11.699996948242188}, "geometry": {"type": "Polygon", "coordinates": [[[22.926938, 54.1071865], [22.926923800000004, 54.10740559999999], [22.9268729, 54.107404499999994], [22.9268718, 54.107422], [22.926814299999997, 54.10742069999999], [22.9268119, 54.1074579], [22.9270975, 54.10746429999999], [22.9271153, 54.10719049999999], [22.926938, 54.1071865]]]}}, {"id": "11", "type": "Feature", "properties": {"element": "way", "id": 186170173, "addr:city": "Suwa\u0142ki", "addr:city:simc": null, "addr:housenumber": "44", "addr:postcode": "16-400", "addr:street": "Emilii Plater", "amenity": null, "building": "house", "deanery": null, "denomination": null, "diocese": null, "heritage": null, "heritage:operator": null, "image": null, "name": null, "ref:nid": null, "religion": null, "source:addr": null, "url": null, "wikidata": null, "wikipedia": null, "building:levels": "1", "operator:wikidata": null, "operator:wikipedia": null, "roof:levels": null, "website": null, "height": null, "ref": null, "short_name": null, "alt_name": null, "historic": null, "atm_ref": null, "brand": null, "brand:wikidata": null, "millennium:date": null, "millennium:network": null, "millennium:ref": null, "millennium:subtype": null, "opening_hours": null, "operator": null, "shop": null, "brand:wikipedia": null, "check_date:opening_hours": null, "toilets:wheelchair": null, "wheelchair": null, "source:building": "BDOT", "email": null, "fax": null, "government": null, "office": null, "official_name": null, "phone": null, "source:office": null, "addr:country": null, "addr:street:sym_ul": null, "church:id": null, "church:type": null, "name:etymology:wikidata": null, "name:etymology:wikipedia": null, "parish": null, "parish:wikidata": null, "parish:wikipedia": null, "shrine": null, "shrine:name": null, "shrine:type": null, "start_date": null, "wikimedia_commons": null, "building:colour": null, "building:material": null, "roof:colour": null, "roof:material": null, "theatre:type": null, "admin_level": null, "website:ua": null, "emergency": null, "note": null, "layer": null, "level": null, "panoramax": null, "payment:cards": null, "payment:cash": null, "payment:qr_code": null, "cuisine": null, "drive_through": null, "smoking": null, "takeaway": null, "name:lt": null, "brewery": null, "outdoor_seating": null, "healthcare": null, "name:pl": null, "name:uk": null, "building:levels:underground": null, "source:geometry": null, "source": null, "service:vehicle:glass": null, "service:vehicle:glass_repair": null, "power": null, "addr:housename": null, "man_made": null, "internet_access": null, "internet_access:fee": null, "roof:shape": null, "stars": null, "tourism": null, "museum": null, "ref:ckkp": null, "townhall:type": null, "leisure": null, "social_facility": null, "social_facility:for": null, "fuel:HGV_diesel": null, "fuel:diesel": null, "fuel:lpg": null, "fuel:octane_95": null, "fuel:octane_98": null, "payment:credit_cards": null, "second_hand": null, "service:vehicle:air_conditioning": null, "service:vehicle:car_repair": null, "service:vehicle:new_car_sales": null, "service:vehicle:oil_change": null, "service:vehicle:repairs": null, "service:vehicle:tyres": null, "service:vehicle:used_car_sales": null, "sport": null, "payment:debit_cards": null, "payment:maestro": null, "payment:mastercard": null, "payment:visa": null, "payment:visa_electron": null, "rooms": null, "check_date": null, "railway": null, "railway:ref": null, "railway:signal_box": null, "bus": null, "public_transport": null, "access": null, "changing_table": null, "fee": null, "toilets:disposal": null, "unisex": null, "ref:csioz": null, "contact:phone": null, "contact:email": null, "contact:website": null, "capacity": null, "isced:level": null, "nursery": null, "operator:website": null, "source:amenity": null, "roof:direction": null, "beds": null, "payment:credit_card": null, "payment:girocard": null, "operator:type": null, "indoor": null, "entrance": null, "frequency": null, "location": null, "substation": null, "voltage": null, "fixme": null, "maxwidth": null, "payment:dkv": null, "payment:routex": null, "payment:uta": null, "branch": null, "roof:orientation": null, "communication:mobile_phone": null, "material": null, "tower:construction": null, "tower:type": null, "name:en": null, "addr:place": null, "name:pdc": null, "service:vehicle:window_tinting": null, "service:vehicle:windshields": null, "craft": null, "bench": null, "roof:height": null, "shelter_type": null, "building:part": null, "service": null, "atm": null, "blood:whole": null, "description": null, "construction": null, "wholesale": null, "type": null, "height_nmt": 171.8699951171875, "height_nmpt": 177.4499969482422, "height_obj": 5.5800018310546875}, "geometry": {"type": "Polygon", "coordinates": [[[22.9247316, 54.107273899999996], [22.924844900000004, 54.107273899999996], [22.9248459, 54.1072156], [22.924731, 54.10721579999999], [22.9247316, 54.107273899999996]]]}}, {"id": "12", "type": "Feature", "properties": {"element": "way", "id": 186170175, "addr:city": null, "addr:city:simc": null, "addr:housenumber": null, "addr:postcode": null, "addr:street": null, "amenity": null, "building": "yes", "deanery": null, "denomination": null, "diocese": null, "heritage": null, "heritage:operator": null, "image": null, "name": null, "ref:nid": null, "religion": null, "source:addr": null, "url": null, "wikidata": null, "wikipedia": null, "building:levels": null, "operator:wikidata": null, "operator:wikipedia": null, "roof:levels": null, "website": null, "height": null, "ref": null, "short_name": null, "alt_name": null, "historic": null, "atm_ref": null, "brand": null, "brand:wikidata": null, "millennium:date": null, "millennium:network": null, "millennium:ref": null, "millennium:subtype": null, "opening_hours": null, "operator": null, "shop": null, "brand:wikipedia": null, "check_date:opening_hours": null, "toilets:wheelchair": null, "wheelchair": null, "source:building": null, "email": null, "fax": null, "government": null, "office": null, "official_name": null, "phone": null, "source:office": null, "addr:country": null, "addr:street:sym_ul": null, "church:id": null, "church:type": null, "name:etymology:wikidata": null, "name:etymology:wikipedia": null, "parish": null, "parish:wikidata": null, "parish:wikipedia": null, "shrine": null, "shrine:name": null, "shrine:type": null, "start_date": null, "wikimedia_commons": null, "building:colour": null, "building:material": null, "roof:colour": null, "roof:material": null, "theatre:type": null, "admin_level": null, "website:ua": null, "emergency": null, "note": null, "layer": null, "level": null, "panoramax": null, "payment:cards": null, "payment:cash": null, "payment:qr_code": null, "cuisine": null, "drive_through": null, "smoking": null, "takeaway": null, "name:lt": null, "brewery": null, "outdoor_seating": null, "healthcare": null, "name:pl": null, "name:uk": null, "building:levels:underground": null, "source:geometry": null, "source": null, "service:vehicle:glass": null, "service:vehicle:glass_repair": null, "power": null, "addr:housename": null, "man_made": null, "internet_access": null, "internet_access:fee": null, "roof:shape": null, "stars": null, "tourism": null, "museum": null, "ref:ckkp": null, "townhall:type": null, "leisure": null, "social_facility": null, "social_facility:for": null, "fuel:HGV_diesel": null, "fuel:diesel": null, "fuel:lpg": null, "fuel:octane_95": null, "fuel:octane_98": null, "payment:credit_cards": null, "second_hand": null, "service:vehicle:air_conditioning": null, "service:vehicle:car_repair": null, "service:vehicle:new_car_sales": null, "service:vehicle:oil_change": null, "service:vehicle:repairs": null, "service:vehicle:tyres": null, "service:vehicle:used_car_sales": null, "sport": null, "payment:debit_cards": null, "payment:maestro": null, "payment:mastercard": null, "payment:visa": null, "payment:visa_electron": null, "rooms": null, "check_date": null, "railway": null, "railway:ref": null, "railway:signal_box": null, "bus": null, "public_transport": null, "access": null, "changing_table": null, "fee": null, "toilets:disposal": null, "unisex": null, "ref:csioz": null, "contact:phone": null, "contact:email": null, "contact:website": null, "capacity": null, "isced:level": null, "nursery": null, "operator:website": null, "source:amenity": null, "roof:direction": null, "beds": null, "payment:credit_card": null, "payment:girocard": null, "operator:type": null, "indoor": null, "entrance": null, "frequency": null, "location": null, "substation": null, "voltage": null, "fixme": null, "maxwidth": null, "payment:dkv": null, "payment:routex": null, "payment:uta": null, "branch": null, "roof:orientation": null, "communication:mobile_phone": null, "material": null, "tower:construction": null, "tower:type": null, "name:en": null, "addr:place": null, "name:pdc": null, "service:vehicle:window_tinting": null, "service:vehicle:windshields": null, "craft": null, "bench": null, "roof:height": null, "shelter_type": null, "building:part": null, "service": null, "atm": null, "blood:whole": null, "description": null, "construction": null, "wholesale": null, "type": null, "height_nmt": null, "height_nmpt": null, "height_obj": null}, "geometry": {"type": "Polygon", "coordinates": [[[22.9251222, 54.10745609999999], [22.9252066, 54.107465899999994], [22.9252186, 54.10743060000001], [22.9251343, 54.1074207], [22.9251222, 54.10745609999999]]]}}, {"id": "13", "type": "Feature", "properties": {"element": "way", "id": 186170183, "addr:city": "Suwa\u0142ki", "addr:city:simc": null, "addr:housenumber": "1", "addr:postcode": "16-400", "addr:street": "Zacisze", "amenity": null, "building": "yes", "deanery": null, "denomination": null, "diocese": null, "heritage": null, "heritage:operator": null, "image": null, "name": null, "ref:nid": null, "religion": null, "source:addr": null, "url": null, "wikidata": null, "wikipedia": null, "building:levels": null, "operator:wikidata": null, "operator:wikipedia": null, "roof:levels": null, "website": null, "height": null, "ref": null, "short_name": null, "alt_name": null, "historic": null, "atm_ref": null, "brand": null, "brand:wikidata": null, "millennium:date": null, "millennium:network": null, "millennium:ref": null, "millennium:subtype": null, "opening_hours": null, "operator": null, "shop": null, "brand:wikipedia": null, "check_date:opening_hours": null, "toilets:wheelchair": null, "wheelchair": null, "source:building": null, "email": null, "fax": null, "government": null, "office": null, "official_name": null, "phone": null, "source:office": null, "addr:country": null, "addr:street:sym_ul": null, "church:id": null, "church:type": null, "name:etymology:wikidata": null, "name:etymology:wikipedia": null, "parish": null, "parish:wikidata": null, "parish:wikipedia": null, "shrine": null, "shrine:name": null, "shrine:type": null, "start_date": null, "wikimedia_commons": null, "building:colour": null, "building:material": null, "roof:colour": null, "roof:material": null, "theatre:type": null, "admin_level": null, "website:ua": null, "emergency": null, "note": null, "layer": null, "level": null, "panoramax": null, "payment:cards": null, "payment:cash": null, "payment:qr_code": null, "cuisine": null, "drive_through": null, "smoking": null, "takeaway": null, "name:lt": null, "brewery": null, "outdoor_seating": null, "healthcare": null, "name:pl": null, "name:uk": null, "building:levels:underground": null, "source:geometry": null, "source": null, "service:vehicle:glass": null, "service:vehicle:glass_repair": null, "power": null, "addr:housename": null, "man_made": null, "internet_access": null, "internet_access:fee": null, "roof:shape": null, "stars": null, "tourism": null, "museum": null, "ref:ckkp": null, "townhall:type": null, "leisure": null, "social_facility": null, "social_facility:for": null, "fuel:HGV_diesel": null, "fuel:diesel": null, "fuel:lpg": null, "fuel:octane_95": null, "fuel:octane_98": null, "payment:credit_cards": null, "second_hand": null, "service:vehicle:air_conditioning": null, "service:vehicle:car_repair": null, "service:vehicle:new_car_sales": null, "service:vehicle:oil_change": null, "service:vehicle:repairs": null, "service:vehicle:tyres": null, "service:vehicle:used_car_sales": null, "sport": null, "payment:debit_cards": null, "payment:maestro": null, "payment:mastercard": null, "payment:visa": null, "payment:visa_electron": null, "rooms": null, "check_date": null, "railway": null, "railway:ref": null, "railway:signal_box": null, "bus": null, "public_transport": null, "access": null, "changing_table": null, "fee": null, "toilets:disposal": null, "unisex": null, "ref:csioz": null, "contact:phone": null, "contact:email": null, "contact:website": null, "capacity": null, "isced:level": null, "nursery": null, "operator:website": null, "source:amenity": null, "roof:direction": null, "beds": null, "payment:credit_card": null, "payment:girocard": null, "operator:type": null, "indoor": null, "entrance": null, "frequency": null, "location": null, "substation": null, "voltage": null, "fixme": null, "maxwidth": null, "payment:dkv": null, "payment:routex": null, "payment:uta": null, "branch": null, "roof:orientation": null, "communication:mobile_phone": null, "material": null, "tower:construction": null, "tower:type": null, "name:en": null, "addr:place": null, "name:pdc": null, "service:vehicle:window_tinting": null, "service:vehicle:windshields": null, "craft": null, "bench": null, "roof:height": null, "shelter_type": null, "building:part": null, "service": null, "atm": null, "blood:whole": null, "description": null, "construction": null, "wholesale": null, "type": null, "height_nmt": null, "height_nmpt": null, "height_obj": null}, "geometry": {"type": "Polygon", "coordinates": [[[22.9256588, 54.10747039999998], [22.9256611, 54.107417], [22.925873799999998, 54.10742019999999], [22.9258714, 54.1074736], [22.9256588, 54.10747039999998]]]}}, {"id": "14", "type": "Feature", "properties": {"element": "way", "id": 186170187, "addr:city": "Suwa\u0142ki", "addr:city:simc": null, "addr:housenumber": "46", "addr:postcode": "16-400", "addr:street": "Emilii Plater", "amenity": null, "building": "yes", "deanery": null, "denomination": null, "diocese": null, "heritage": null, "heritage:operator": null, "image": null, "name": null, "ref:nid": null, "religion": null, "source:addr": null, "url": null, "wikidata": null, "wikipedia": null, "building:levels": null, "operator:wikidata": null, "operator:wikipedia": null, "roof:levels": null, "website": null, "height": null, "ref": null, "short_name": null, "alt_name": null, "historic": null, "atm_ref": null, "brand": null, "brand:wikidata": null, "millennium:date": null, "millennium:network": null, "millennium:ref": null, "millennium:subtype": null, "opening_hours": null, "operator": null, "shop": null, "brand:wikipedia": null, "check_date:opening_hours": null, "toilets:wheelchair": null, "wheelchair": null, "source:building": null, "email": null, "fax": null, "government": null, "office": null, "official_name": null, "phone": null, "source:office": null, "addr:country": null, "addr:street:sym_ul": null, "church:id": null, "church:type": null, "name:etymology:wikidata": null, "name:etymology:wikipedia": null, "parish": null, "parish:wikidata": null, "parish:wikipedia": null, "shrine": null, "shrine:name": null, "shrine:type": null, "start_date": null, "wikimedia_commons": null, "building:colour": null, "building:material": null, "roof:colour": null, "roof:material": null, "theatre:type": null, "admin_level": null, "website:ua": null, "emergency": null, "note": null, "layer": null, "level": null, "panoramax": null, "payment:cards": null, "payment:cash": null, "payment:qr_code": null, "cuisine": null, "drive_through": null, "smoking": null, "takeaway": null, "name:lt": null, "brewery": null, "outdoor_seating": null, "healthcare": null, "name:pl": null, "name:uk": null, "building:levels:underground": null, "source:geometry": null, "source": null, "service:vehicle:glass": null, "service:vehicle:glass_repair": null, "power": null, "addr:housename": null, "man_made": null, "internet_access": null, "internet_access:fee": null, "roof:shape": null, "stars": null, "tourism": null, "museum": null, "ref:ckkp": null, "townhall:type": null, "leisure": null, "social_facility": null, "social_facility:for": null, "fuel:HGV_diesel": null, "fuel:diesel": null, "fuel:lpg": null, "fuel:octane_95": null, "fuel:octane_98": null, "payment:credit_cards": null, "second_hand": null, "service:vehicle:air_conditioning": null, "service:vehicle:car_repair": null, "service:vehicle:new_car_sales": null, "service:vehicle:oil_change": null, "service:vehicle:repairs": null, "service:vehicle:tyres": null, "service:vehicle:used_car_sales": null, "sport": null, "payment:debit_cards": null, "payment:maestro": null, "payment:mastercard": null, "payment:visa": null, "payment:visa_electron": null, "rooms": null, "check_date": null, "railway": null, "railway:ref": null, "railway:signal_box": null, "bus": null, "public_transport": null, "access": null, "changing_table": null, "fee": null, "toilets:disposal": null, "unisex": null, "ref:csioz": null, "contact:phone": null, "contact:email": null, "contact:website": null, "capacity": null, "isced:level": null, "nursery": null, "operator:website": null, "source:amenity": null, "roof:direction": null, "beds": null, "payment:credit_card": null, "payment:girocard": null, "operator:type": null, "indoor": null, "entrance": null, "frequency": null, "location": null, "substation": null, "voltage": null, "fixme": null, "maxwidth": null, "payment:dkv": null, "payment:routex": null, "payment:uta": null, "branch": null, "roof:orientation": null, "communication:mobile_phone": null, "material": null, "tower:construction": null, "tower:type": null, "name:en": null, "addr:place": null, "name:pdc": null, "service:vehicle:window_tinting": null, "service:vehicle:windshields": null, "craft": null, "bench": null, "roof:height": null, "shelter_type": null, "building:part": null, "service": null, "atm": null, "blood:whole": null, "description": null, "construction": null, "wholesale": null, "type": null, "height_nmt": 172.52999877929688, "height_nmpt": 177.97000122070312, "height_obj": 5.44000244140625}, "geometry": {"type": "Polygon", "coordinates": [[[22.924727, 54.1074143], [22.9247282, 54.1073171], [22.924862799999996, 54.107317699999996], [22.9248616, 54.1074149], [22.924727, 54.1074143]]]}}, {"id": "15", "type": "Feature", "properties": {"element": "way", "id": 186170192, "addr:city": "Suwa\u0142ki", "addr:city:simc": null, "addr:housenumber": "101", "addr:postcode": null, "addr:street": "Tadeusza Ko\u015bciuszki", "amenity": null, "building": "yes", "deanery": null, "denomination": null, "diocese": null, "heritage": null, "heritage:operator": null, "image": null, "name": null, "ref:nid": null, "religion": null, "source:addr": "EMUiA (emuia.gugik.gov.pl)", "url": null, "wikidata": null, "wikipedia": null, "building:levels": null, "operator:wikidata": null, "operator:wikipedia": null, "roof:levels": null, "website": null, "height": null, "ref": null, "short_name": null, "alt_name": null, "historic": null, "atm_ref": null, "brand": null, "brand:wikidata": null, "millennium:date": null, "millennium:network": null, "millennium:ref": null, "millennium:subtype": null, "opening_hours": null, "operator": null, "shop": null, "brand:wikipedia": null, "check_date:opening_hours": null, "toilets:wheelchair": null, "wheelchair": null, "source:building": null, "email": null, "fax": null, "government": null, "office": null, "official_name": null, "phone": null, "source:office": null, "addr:country": null, "addr:street:sym_ul": null, "church:id": null, "church:type": null, "name:etymology:wikidata": null, "name:etymology:wikipedia": null, "parish": null, "parish:wikidata": null, "parish:wikipedia": null, "shrine": null, "shrine:name": null, "shrine:type": null, "start_date": null, "wikimedia_commons": null, "building:colour": null, "building:material": null, "roof:colour": null, "roof:material": null, "theatre:type": null, "admin_level": null, "website:ua": null, "emergency": null, "note": null, "layer": null, "level": null, "panoramax": null, "payment:cards": null, "payment:cash": null, "payment:qr_code": null, "cuisine": null, "drive_through": null, "smoking": null, "takeaway": null, "name:lt": null, "brewery": null, "outdoor_seating": null, "healthcare": null, "name:pl": null, "name:uk": null, "building:levels:underground": null, "source:geometry": null, "source": null, "service:vehicle:glass": null, "service:vehicle:glass_repair": null, "power": null, "addr:housename": null, "man_made": null, "internet_access": null, "internet_access:fee": null, "roof:shape": null, "stars": null, "tourism": null, "museum": null, "ref:ckkp": null, "townhall:type": null, "leisure": null, "social_facility": null, "social_facility:for": null, "fuel:HGV_diesel": null, "fuel:diesel": null, "fuel:lpg": null, "fuel:octane_95": null, "fuel:octane_98": null, "payment:credit_cards": null, "second_hand": null, "service:vehicle:air_conditioning": null, "service:vehicle:car_repair": null, "service:vehicle:new_car_sales": null, "service:vehicle:oil_change": null, "service:vehicle:repairs": null, "service:vehicle:tyres": null, "service:vehicle:used_car_sales": null, "sport": null, "payment:debit_cards": null, "payment:maestro": null, "payment:mastercard": null, "payment:visa": null, "payment:visa_electron": null, "rooms": null, "check_date": null, "railway": null, "railway:ref": null, "railway:signal_box": null, "bus": null, "public_transport": null, "access": null, "changing_table": null, "fee": null, "toilets:disposal": null, "unisex": null, "ref:csioz": null, "contact:phone": null, "contact:email": null, "contact:website": null, "capacity": null, "isced:level": null, "nursery": null, "operator:website": null, "source:amenity": null, "roof:direction": null, "beds": null, "payment:credit_card": null, "payment:girocard": null, "operator:type": null, "indoor": null, "entrance": null, "frequency": null, "location": null, "substation": null, "voltage": null, "fixme": null, "maxwidth": null, "payment:dkv": null, "payment:routex": null, "payment:uta": null, "branch": null, "roof:orientation": null, "communication:mobile_phone": null, "material": null, "tower:construction": null, "tower:type": null, "name:en": null, "addr:place": null, "name:pdc": null, "service:vehicle:window_tinting": null, "service:vehicle:windshields": null, "craft": null, "bench": null, "roof:height": null, "shelter_type": null, "building:part": null, "service": null, "atm": null, "blood:whole": null, "description": null, "construction": null, "wholesale": null, "type": null, "height_nmt": 171.83999633789062, "height_nmpt": 175.82000732421875, "height_obj": 3.980010986328125}, "geometry": {"type": "Polygon", "coordinates": [[[22.925997, 54.10754459999999], [22.9259045, 54.1075399], [22.9259648, 54.1071335], [22.926057400000005, 54.1071383], [22.925997, 54.10754459999999]]]}}, {"id": "16", "type": "Feature", "properties": {"element": "way", "id": 186170197, "addr:city": null, "addr:city:simc": null, "addr:housenumber": null, "addr:postcode": null, "addr:street": null, "amenity": null, "building": "yes", "deanery": null, "denomination": null, "diocese": null, "heritage": null, "heritage:operator": null, "image": null, "name": null, "ref:nid": null, "religion": null, "source:addr": null, "url": null, "wikidata": null, "wikipedia": null, "building:levels": null, "operator:wikidata": null, "operator:wikipedia": null, "roof:levels": null, "website": null, "height": null, "ref": null, "short_name": null, "alt_name": null, "historic": null, "atm_ref": null, "brand": null, "brand:wikidata": null, "millennium:date": null, "millennium:network": null, "millennium:ref": null, "millennium:subtype": null, "opening_hours": null, "operator": null, "shop": null, "brand:wikipedia": null, "check_date:opening_hours": null, "toilets:wheelchair": null, "wheelchair": null, "source:building": null, "email": null, "fax": null, "government": null, "office": null, "official_name": null, "phone": null, "source:office": null, "addr:country": null, "addr:street:sym_ul": null, "church:id": null, "church:type": null, "name:etymology:wikidata": null, "name:etymology:wikipedia": null, "parish": null, "parish:wikidata": null, "parish:wikipedia": null, "shrine": null, "shrine:name": null, "shrine:type": null, "start_date": null, "wikimedia_commons": null, "building:colour": null, "building:material": null, "roof:colour": null, "roof:material": null, "theatre:type": null, "admin_level": null, "website:ua": null, "emergency": null, "note": null, "layer": null, "level": null, "panoramax": null, "payment:cards": null, "payment:cash": null, "payment:qr_code": null, "cuisine": null, "drive_through": null, "smoking": null, "takeaway": null, "name:lt": null, "brewery": null, "outdoor_seating": null, "healthcare": null, "name:pl": null, "name:uk": null, "building:levels:underground": null, "source:geometry": null, "source": null, "service:vehicle:glass": null, "service:vehicle:glass_repair": null, "power": null, "addr:housename": null, "man_made": null, "internet_access": null, "internet_access:fee": null, "roof:shape": null, "stars": null, "tourism": null, "museum": null, "ref:ckkp": null, "townhall:type": null, "leisure": null, "social_facility": null, "social_facility:for": null, "fuel:HGV_diesel": null, "fuel:diesel": null, "fuel:lpg": null, "fuel:octane_95": null, "fuel:octane_98": null, "payment:credit_cards": null, "second_hand": null, "service:vehicle:air_conditioning": null, "service:vehicle:car_repair": null, "service:vehicle:new_car_sales": null, "service:vehicle:oil_change": null, "service:vehicle:repairs": null, "service:vehicle:tyres": null, "service:vehicle:used_car_sales": null, "sport": null, "payment:debit_cards": null, "payment:maestro": null, "payment:mastercard": null, "payment:visa": null, "payment:visa_electron": null, "rooms": null, "check_date": null, "railway": null, "railway:ref": null, "railway:signal_box": null, "bus": null, "public_transport": null, "access": null, "changing_table": null, "fee": null, "toilets:disposal": null, "unisex": null, "ref:csioz": null, "contact:phone": null, "contact:email": null, "contact:website": null, "capacity": null, "isced:level": null, "nursery": null, "operator:website": null, "source:amenity": null, "roof:direction": null, "beds": null, "payment:credit_card": null, "payment:girocard": null, "operator:type": null, "indoor": null, "entrance": null, "frequency": null, "location": null, "substation": null, "voltage": null, "fixme": null, "maxwidth": null, "payment:dkv": null, "payment:routex": null, "payment:uta": null, "branch": null, "roof:orientation": null, "communication:mobile_phone": null, "material": null, "tower:construction": null, "tower:type": null, "name:en": null, "addr:place": null, "name:pdc": null, "service:vehicle:window_tinting": null, "service:vehicle:windshields": null, "craft": null, "bench": null, "roof:height": null, "shelter_type": null, "building:part": null, "service": null, "atm": null, "blood:whole": null, "description": null, "construction": null, "wholesale": null, "type": null, "height_nmt": 171.27999877929688, "height_nmpt": 174.99000549316406, "height_obj": 3.7100067138671875}, "geometry": {"type": "Polygon", "coordinates": [[[22.925341399999997, 54.10746649999999], [22.9254626, 54.10746999999999], [22.925473900000004, 54.10733789999999], [22.9256541, 54.107343099999994], [22.9256588, 54.1072881], [22.9253574, 54.107279299999995], [22.925341399999997, 54.10746649999999]]]}}, {"id": "17", "type": "Feature", "properties": {"element": "way", "id": 186170229, "addr:city": null, "addr:city:simc": null, "addr:housenumber": null, "addr:postcode": null, "addr:street": null, "amenity": null, "building": "outbuilding", "deanery": null, "denomination": null, "diocese": null, "heritage": null, "heritage:operator": null, "image": null, "name": null, "ref:nid": null, "religion": null, "source:addr": null, "url": null, "wikidata": null, "wikipedia": null, "building:levels": "1", "operator:wikidata": null, "operator:wikipedia": null, "roof:levels": null, "website": null, "height": null, "ref": null, "short_name": null, "alt_name": null, "historic": null, "atm_ref": null, "brand": null, "brand:wikidata": null, "millennium:date": null, "millennium:network": null, "millennium:ref": null, "millennium:subtype": null, "opening_hours": null, "operator": null, "shop": null, "brand:wikipedia": null, "check_date:opening_hours": null, "toilets:wheelchair": null, "wheelchair": null, "source:building": "BDOT", "email": null, "fax": null, "government": null, "office": null, "official_name": null, "phone": null, "source:office": null, "addr:country": null, "addr:street:sym_ul": null, "church:id": null, "church:type": null, "name:etymology:wikidata": null, "name:etymology:wikipedia": null, "parish": null, "parish:wikidata": null, "parish:wikipedia": null, "shrine": null, "shrine:name": null, "shrine:type": null, "start_date": null, "wikimedia_commons": null, "building:colour": null, "building:material": null, "roof:colour": null, "roof:material": null, "theatre:type": null, "admin_level": null, "website:ua": null, "emergency": null, "note": null, "layer": null, "level": null, "panoramax": null, "payment:cards": null, "payment:cash": null, "payment:qr_code": null, "cuisine": null, "drive_through": null, "smoking": null, "takeaway": null, "name:lt": null, "brewery": null, "outdoor_seating": null, "healthcare": null, "name:pl": null, "name:uk": null, "building:levels:underground": null, "source:geometry": null, "source": null, "service:vehicle:glass": null, "service:vehicle:glass_repair": null, "power": null, "addr:housename": null, "man_made": null, "internet_access": null, "internet_access:fee": null, "roof:shape": null, "stars": null, "tourism": null, "museum": null, "ref:ckkp": null, "townhall:type": null, "leisure": null, "social_facility": null, "social_facility:for": null, "fuel:HGV_diesel": null, "fuel:diesel": null, "fuel:lpg": null, "fuel:octane_95": null, "fuel:octane_98": null, "payment:credit_cards": null, "second_hand": null, "service:vehicle:air_conditioning": null, "service:vehicle:car_repair": null, "service:vehicle:new_car_sales": null, "service:vehicle:oil_change": null, "service:vehicle:repairs": null, "service:vehicle:tyres": null, "service:vehicle:used_car_sales": null, "sport": null, "payment:debit_cards": null, "payment:maestro": null, "payment:mastercard": null, "payment:visa": null, "payment:visa_electron": null, "rooms": null, "check_date": null, "railway": null, "railway:ref": null, "railway:signal_box": null, "bus": null, "public_transport": null, "access": null, "changing_table": null, "fee": null, "toilets:disposal": null, "unisex": null, "ref:csioz": null, "contact:phone": null, "contact:email": null, "contact:website": null, "capacity": null, "isced:level": null, "nursery": null, "operator:website": null, "source:amenity": null, "roof:direction": null, "beds": null, "payment:credit_card": null, "payment:girocard": null, "operator:type": null, "indoor": null, "entrance": null, "frequency": null, "location": null, "substation": null, "voltage": null, "fixme": null, "maxwidth": null, "payment:dkv": null, "payment:routex": null, "payment:uta": null, "branch": null, "roof:orientation": null, "communication:mobile_phone": null, "material": null, "tower:construction": null, "tower:type": null, "name:en": null, "addr:place": null, "name:pdc": null, "service:vehicle:window_tinting": null, "service:vehicle:windshields": null, "craft": null, "bench": null, "roof:height": null, "shelter_type": null, "building:part": null, "service": null, "atm": null, "blood:whole": null, "description": null, "construction": null, "wholesale": null, "type": null, "height_nmt": 171.66000366210938, "height_nmpt": 174.19000244140625, "height_obj": 2.529998779296875}, "geometry": {"type": "Polygon", "coordinates": [[[22.9250209, 54.107157799999996], [22.925024799999996, 54.1071172], [22.9248834, 54.10711249999999], [22.9248795, 54.107153099999984], [22.9250209, 54.107157799999996]]]}}, {"id": "18", "type": "Feature", "properties": {"element": "way", "id": 186170230, "addr:city": "Suwa\u0142ki", "addr:city:simc": null, "addr:housenumber": "40", "addr:postcode": "16-400", "addr:street": "Emilii Plater", "amenity": null, "building": "house", "deanery": null, "denomination": null, "diocese": null, "heritage": null, "heritage:operator": null, "image": null, "name": null, "ref:nid": null, "religion": null, "source:addr": null, "url": null, "wikidata": null, "wikipedia": null, "building:levels": "1", "operator:wikidata": null, "operator:wikipedia": null, "roof:levels": null, "website": null, "height": null, "ref": null, "short_name": null, "alt_name": null, "historic": null, "atm_ref": null, "brand": null, "brand:wikidata": null, "millennium:date": null, "millennium:network": null, "millennium:ref": null, "millennium:subtype": null, "opening_hours": null, "operator": null, "shop": null, "brand:wikipedia": null, "check_date:opening_hours": null, "toilets:wheelchair": null, "wheelchair": null, "source:building": "BDOT", "email": null, "fax": null, "government": null, "office": null, "official_name": null, "phone": null, "source:office": null, "addr:country": null, "addr:street:sym_ul": null, "church:id": null, "church:type": null, "name:etymology:wikidata": null, "name:etymology:wikipedia": null, "parish": null, "parish:wikidata": null, "parish:wikipedia": null, "shrine": null, "shrine:name": null, "shrine:type": null, "start_date": null, "wikimedia_commons": null, "building:colour": null, "building:material": null, "roof:colour": null, "roof:material": null, "theatre:type": null, "admin_level": null, "website:ua": null, "emergency": null, "note": null, "layer": null, "level": null, "panoramax": null, "payment:cards": null, "payment:cash": null, "payment:qr_code": null, "cuisine": null, "drive_through": null, "smoking": null, "takeaway": null, "name:lt": null, "brewery": null, "outdoor_seating": null, "healthcare": null, "name:pl": null, "name:uk": null, "building:levels:underground": null, "source:geometry": null, "source": null, "service:vehicle:glass": null, "service:vehicle:glass_repair": null, "power": null, "addr:housename": null, "man_made": null, "internet_access": null, "internet_access:fee": null, "roof:shape": null, "stars": null, "tourism": null, "museum": null, "ref:ckkp": null, "townhall:type": null, "leisure": null, "social_facility": null, "social_facility:for": null, "fuel:HGV_diesel": null, "fuel:diesel": null, "fuel:lpg": null, "fuel:octane_95": null, "fuel:octane_98": null, "payment:credit_cards": null, "second_hand": null, "service:vehicle:air_conditioning": null, "service:vehicle:car_repair": null, "service:vehicle:new_car_sales": null, "service:vehicle:oil_change": null, "service:vehicle:repairs": null, "service:vehicle:tyres": null, "service:vehicle:used_car_sales": null, "sport": null, "payment:debit_cards": null, "payment:maestro": null, "payment:mastercard": null, "payment:visa": null, "payment:visa_electron": null, "rooms": null, "check_date": null, "railway": null, "railway:ref": null, "railway:signal_box": null, "bus": null, "public_transport": null, "access": null, "changing_table": null, "fee": null, "toilets:disposal": null, "unisex": null, "ref:csioz": null, "contact:phone": null, "contact:email": null, "contact:website": null, "capacity": null, "isced:level": null, "nursery": null, "operator:website": null, "source:amenity": null, "roof:direction": null, "beds": null, "payment:credit_card": null, "payment:girocard": null, "operator:type": null, "indoor": null, "entrance": null, "frequency": null, "location": null, "substation": null, "voltage": null, "fixme": null, "maxwidth": null, "payment:dkv": null, "payment:routex": null, "payment:uta": null, "branch": null, "roof:orientation": null, "communication:mobile_phone": null, "material": null, "tower:construction": null, "tower:type": null, "name:en": null, "addr:place": null, "name:pdc": null, "service:vehicle:window_tinting": null, "service:vehicle:windshields": null, "craft": null, "bench": null, "roof:height": null, "shelter_type": null, "building:part": null, "service": null, "atm": null, "blood:whole": null, "description": null, "construction": null, "wholesale": null, "type": null, "height_nmt": 171.5399932861328, "height_nmpt": 181.57000732421875, "height_obj": 10.030014038085938}, "geometry": {"type": "Polygon", "coordinates": [[[22.9248504, 54.106895099999996], [22.9249277, 54.10689579999998], [22.9249275, 54.1069095], [22.9249834, 54.10690999999999], [22.9249847, 54.106817600000014], [22.924851199999996, 54.10681769999999], [22.9248504, 54.106895099999996]]]}}, {"id": "19", "type": "Feature", "properties": {"element": "way", "id": 186170231, "addr:city": null, "addr:city:simc": null, "addr:housenumber": null, "addr:postcode": null, "addr:street": null, "amenity": null, "building": "yes", "deanery": null, "denomination": null, "diocese": null, "heritage": null, "heritage:operator": null, "image": null, "name": null, "ref:nid": null, "religion": null, "source:addr": null, "url": null, "wikidata": null, "wikipedia": null, "building:levels": null, "operator:wikidata": null, "operator:wikipedia": null, "roof:levels": null, "website": null, "height": null, "ref": null, "short_name": null, "alt_name": null, "historic": null, "atm_ref": null, "brand": null, "brand:wikidata": null, "millennium:date": null, "millennium:network": null, "millennium:ref": null, "millennium:subtype": null, "opening_hours": null, "operator": null, "shop": null, "brand:wikipedia": null, "check_date:opening_hours": null, "toilets:wheelchair": null, "wheelchair": null, "source:building": null, "email": null, "fax": null, "government": null, "office": null, "official_name": null, "phone": null, "source:office": null, "addr:country": null, "addr:street:sym_ul": null, "church:id": null, "church:type": null, "name:etymology:wikidata": null, "name:etymology:wikipedia": null, "parish": null, "parish:wikidata": null, "parish:wikipedia": null, "shrine": null, "shrine:name": null, "shrine:type": null, "start_date": null, "wikimedia_commons": null, "building:colour": null, "building:material": null, "roof:colour": null, "roof:material": null, "theatre:type": null, "admin_level": null, "website:ua": null, "emergency": null, "note": null, "layer": null, "level": null, "panoramax": null, "payment:cards": null, "payment:cash": null, "payment:qr_code": null, "cuisine": null, "drive_through": null, "smoking": null, "takeaway": null, "name:lt": null, "brewery": null, "outdoor_seating": null, "healthcare": null, "name:pl": null, "name:uk": null, "building:levels:underground": null, "source:geometry": null, "source": null, "service:vehicle:glass": null, "service:vehicle:glass_repair": null, "power": null, "addr:housename": null, "man_made": null, "internet_access": null, "internet_access:fee": null, "roof:shape": null, "stars": null, "tourism": null, "museum": null, "ref:ckkp": null, "townhall:type": null, "leisure": null, "social_facility": null, "social_facility:for": null, "fuel:HGV_diesel": null, "fuel:diesel": null, "fuel:lpg": null, "fuel:octane_95": null, "fuel:octane_98": null, "payment:credit_cards": null, "second_hand": null, "service:vehicle:air_conditioning": null, "service:vehicle:car_repair": null, "service:vehicle:new_car_sales": null, "service:vehicle:oil_change": null, "service:vehicle:repairs": null, "service:vehicle:tyres": null, "service:vehicle:used_car_sales": null, "sport": null, "payment:debit_cards": null, "payment:maestro": null, "payment:mastercard": null, "payment:visa": null, "payment:visa_electron": null, "rooms": null, "check_date": null, "railway": null, "railway:ref": null, "railway:signal_box": null, "bus": null, "public_transport": null, "access": null, "changing_table": null, "fee": null, "toilets:disposal": null, "unisex": null, "ref:csioz": null, "contact:phone": null, "contact:email": null, "contact:website": null, "capacity": null, "isced:level": null, "nursery": null, "operator:website": null, "source:amenity": null, "roof:direction": null, "beds": null, "payment:credit_card": null, "payment:girocard": null, "operator:type": null, "indoor": null, "entrance": null, "frequency": null, "location": null, "substation": null, "voltage": null, "fixme": null, "maxwidth": null, "payment:dkv": null, "payment:routex": null, "payment:uta": null, "branch": null, "roof:orientation": null, "communication:mobile_phone": null, "material": null, "tower:construction": null, "tower:type": null, "name:en": null, "addr:place": null, "name:pdc": null, "service:vehicle:window_tinting": null, "service:vehicle:windshields": null, "craft": null, "bench": null, "roof:height": null, "shelter_type": null, "building:part": null, "service": null, "atm": null, "blood:whole": null, "description": null, "construction": null, "wholesale": null, "type": null, "height_nmt": 171.67999267578125, "height_nmpt": 174.8699951171875, "height_obj": 3.19000244140625}, "geometry": {"type": "Polygon", "coordinates": [[[22.925164699999996, 54.106809699999985], [22.9251633, 54.1067574], [22.925336, 54.1067558], [22.9253374, 54.10680810000001], [22.925164699999996, 54.106809699999985]]]}}, {"id": "20", "type": "Feature", "properties": {"element": "way", "id": 186170233, "addr:city": "Suwa\u0142ki", "addr:city:simc": null, "addr:housenumber": "42", "addr:postcode": "16-400", "addr:street": "Emilii Plater", "amenity": null, "building": "house", "deanery": null, "denomination": null, "diocese": null, "heritage": null, "heritage:operator": null, "image": null, "name": null, "ref:nid": null, "religion": null, "source:addr": null, "url": null, "wikidata": null, "wikipedia": null, "building:levels": "1", "operator:wikidata": null, "operator:wikipedia": null, "roof:levels": null, "website": null, "height": null, "ref": null, "short_name": null, "alt_name": null, "historic": null, "atm_ref": null, "brand": null, "brand:wikidata": null, "millennium:date": null, "millennium:network": null, "millennium:ref": null, "millennium:subtype": null, "opening_hours": null, "operator": null, "shop": null, "brand:wikipedia": null, "check_date:opening_hours": null, "toilets:wheelchair": null, "wheelchair": null, "source:building": "BDOT", "email": null, "fax": null, "government": null, "office": null, "official_name": null, "phone": null, "source:office": null, "addr:country": null, "addr:street:sym_ul": null, "church:id": null, "church:type": null, "name:etymology:wikidata": null, "name:etymology:wikipedia": null, "parish": null, "parish:wikidata": null, "parish:wikipedia": null, "shrine": null, "shrine:name": null, "shrine:type": null, "start_date": null, "wikimedia_commons": null, "building:colour": null, "building:material": null, "roof:colour": null, "roof:material": null, "theatre:type": null, "admin_level": null, "website:ua": null, "emergency": null, "note": null, "layer": null, "level": null, "panoramax": null, "payment:cards": null, "payment:cash": null, "payment:qr_code": null, "cuisine": null, "drive_through": null, "smoking": null, "takeaway": null, "name:lt": null, "brewery": null, "outdoor_seating": null, "healthcare": null, "name:pl": null, "name:uk": null, "building:levels:underground": null, "source:geometry": null, "source": null, "service:vehicle:glass": null, "service:vehicle:glass_repair": null, "power": null, "addr:housename": null, "man_made": null, "internet_access": null, "internet_access:fee": null, "roof:shape": null, "stars": null, "tourism": null, "museum": null, "ref:ckkp": null, "townhall:type": null, "leisure": null, "social_facility": null, "social_facility:for": null, "fuel:HGV_diesel": null, "fuel:diesel": null, "fuel:lpg": null, "fuel:octane_95": null, "fuel:octane_98": null, "payment:credit_cards": null, "second_hand": null, "service:vehicle:air_conditioning": null, "service:vehicle:car_repair": null, "service:vehicle:new_car_sales": null, "service:vehicle:oil_change": null, "service:vehicle:repairs": null, "service:vehicle:tyres": null, "service:vehicle:used_car_sales": null, "sport": null, "payment:debit_cards": null, "payment:maestro": null, "payment:mastercard": null, "payment:visa": null, "payment:visa_electron": null, "rooms": null, "check_date": null, "railway": null, "railway:ref": null, "railway:signal_box": null, "bus": null, "public_transport": null, "access": null, "changing_table": null, "fee": null, "toilets:disposal": null, "unisex": null, "ref:csioz": null, "contact:phone": null, "contact:email": null, "contact:website": null, "capacity": null, "isced:level": null, "nursery": null, "operator:website": null, "source:amenity": null, "roof:direction": null, "beds": null, "payment:credit_card": null, "payment:girocard": null, "operator:type": null, "indoor": null, "entrance": null, "frequency": null, "location": null, "substation": null, "voltage": null, "fixme": null, "maxwidth": null, "payment:dkv": null, "payment:routex": null, "payment:uta": null, "branch": null, "roof:orientation": null, "communication:mobile_phone": null, "material": null, "tower:construction": null, "tower:type": null, "name:en": null, "addr:place": null, "name:pdc": null, "service:vehicle:window_tinting": null, "service:vehicle:windshields": null, "craft": null, "bench": null, "roof:height": null, "shelter_type": null, "building:part": null, "service": null, "atm": null, "blood:whole": null, "description": null, "construction": null, "wholesale": null, "type": null, "height_nmt": 171.8699951171875, "height_nmpt": 177.8800048828125, "height_obj": 6.010009765625}, "geometry": {"type": "Polygon", "coordinates": [[[22.9247293, 54.1071176], [22.9248371, 54.107118699999994], [22.9248357, 54.107000899999996], [22.9247276, 54.1070007], [22.9247293, 54.1071176]]]}}, {"id": "21", "type": "Feature", "properties": {"element": "way", "id": 186170234, "addr:city": "Suwa\u0142ki", "addr:city:simc": null, "addr:housenumber": "38", "addr:postcode": "16-400", "addr:street": "Emilii Plater", "amenity": null, "building": "house", "deanery": null, "denomination": null, "diocese": null, "heritage": null, "heritage:operator": null, "image": null, "name": null, "ref:nid": null, "religion": null, "source:addr": null, "url": null, "wikidata": null, "wikipedia": null, "building:levels": "1", "operator:wikidata": null, "operator:wikipedia": null, "roof:levels": null, "website": null, "height": null, "ref": null, "short_name": null, "alt_name": null, "historic": null, "atm_ref": null, "brand": null, "brand:wikidata": null, "millennium:date": null, "millennium:network": null, "millennium:ref": null, "millennium:subtype": null, "opening_hours": null, "operator": null, "shop": null, "brand:wikipedia": null, "check_date:opening_hours": null, "toilets:wheelchair": null, "wheelchair": null, "source:building": "BDOT", "email": null, "fax": null, "government": null, "office": null, "official_name": null, "phone": null, "source:office": null, "addr:country": null, "addr:street:sym_ul": null, "church:id": null, "church:type": null, "name:etymology:wikidata": null, "name:etymology:wikipedia": null, "parish": null, "parish:wikidata": null, "parish:wikipedia": null, "shrine": null, "shrine:name": null, "shrine:type": null, "start_date": null, "wikimedia_commons": null, "building:colour": null, "building:material": null, "roof:colour": null, "roof:material": null, "theatre:type": null, "admin_level": null, "website:ua": null, "emergency": null, "note": null, "layer": null, "level": null, "panoramax": null, "payment:cards": null, "payment:cash": null, "payment:qr_code": null, "cuisine": null, "drive_through": null, "smoking": null, "takeaway": null, "name:lt": null, "brewery": null, "outdoor_seating": null, "healthcare": null, "name:pl": null, "name:uk": null, "building:levels:underground": null, "source:geometry": null, "source": null, "service:vehicle:glass": null, "service:vehicle:glass_repair": null, "power": null, "addr:housename": null, "man_made": null, "internet_access": null, "internet_access:fee": null, "roof:shape": null, "stars": null, "tourism": null, "museum": null, "ref:ckkp": null, "townhall:type": null, "leisure": null, "social_facility": null, "social_facility:for": null, "fuel:HGV_diesel": null, "fuel:diesel": null, "fuel:lpg": null, "fuel:octane_95": null, "fuel:octane_98": null, "payment:credit_cards": null, "second_hand": null, "service:vehicle:air_conditioning": null, "service:vehicle:car_repair": null, "service:vehicle:new_car_sales": null, "service:vehicle:oil_change": null, "service:vehicle:repairs": null, "service:vehicle:tyres": null, "service:vehicle:used_car_sales": null, "sport": null, "payment:debit_cards": null, "payment:maestro": null, "payment:mastercard": null, "payment:visa": null, "payment:visa_electron": null, "rooms": null, "check_date": null, "railway": null, "railway:ref": null, "railway:signal_box": null, "bus": null, "public_transport": null, "access": null, "changing_table": null, "fee": null, "toilets:disposal": null, "unisex": null, "ref:csioz": null, "contact:phone": null, "contact:email": null, "contact:website": null, "capacity": null, "isced:level": null, "nursery": null, "operator:website": null, "source:amenity": null, "roof:direction": null, "beds": null, "payment:credit_card": null, "payment:girocard": null, "operator:type": null, "indoor": null, "entrance": null, "frequency": null, "location": null, "substation": null, "voltage": null, "fixme": null, "maxwidth": null, "payment:dkv": null, "payment:routex": null, "payment:uta": null, "branch": null, "roof:orientation": null, "communication:mobile_phone": null, "material": null, "tower:construction": null, "tower:type": null, "name:en": null, "addr:place": null, "name:pdc": null, "service:vehicle:window_tinting": null, "service:vehicle:windshields": null, "craft": null, "bench": null, "roof:height": null, "shelter_type": null, "building:part": null, "service": null, "atm": null, "blood:whole": null, "description": null, "construction": null, "wholesale": null, "type": null, "height_nmt": 171.92999267578125, "height_nmpt": 180.97000122070312, "height_obj": 9.040008544921875}, "geometry": {"type": "Polygon", "coordinates": [[[22.9248514, 54.10676399999999], [22.9249715, 54.10676440000001], [22.924974599999995, 54.1066842], [22.9248531, 54.1066832], [22.9248514, 54.10676399999999]]]}}, {"id": "22", "type": "Feature", "properties": {"element": "way", "id": 186170235, "addr:city": null, "addr:city:simc": null, "addr:housenumber": null, "addr:postcode": null, "addr:street": null, "amenity": null, "building": "yes", "deanery": null, "denomination": null, "diocese": null, "heritage": null, "heritage:operator": null, "image": null, "name": null, "ref:nid": null, "religion": null, "source:addr": null, "url": null, "wikidata": null, "wikipedia": null, "building:levels": null, "operator:wikidata": null, "operator:wikipedia": null, "roof:levels": null, "website": null, "height": null, "ref": null, "short_name": null, "alt_name": null, "historic": null, "atm_ref": null, "brand": null, "brand:wikidata": null, "millennium:date": null, "millennium:network": null, "millennium:ref": null, "millennium:subtype": null, "opening_hours": null, "operator": null, "shop": null, "brand:wikipedia": null, "check_date:opening_hours": null, "toilets:wheelchair": null, "wheelchair": null, "source:building": null, "email": null, "fax": null, "government": null, "office": null, "official_name": null, "phone": null, "source:office": null, "addr:country": null, "addr:street:sym_ul": null, "church:id": null, "church:type": null, "name:etymology:wikidata": null, "name:etymology:wikipedia": null, "parish": null, "parish:wikidata": null, "parish:wikipedia": null, "shrine": null, "shrine:name": null, "shrine:type": null, "start_date": null, "wikimedia_commons": null, "building:colour": null, "building:material": null, "roof:colour": null, "roof:material": null, "theatre:type": null, "admin_level": null, "website:ua": null, "emergency": null, "note": null, "layer": null, "level": null, "panoramax": null, "payment:cards": null, "payment:cash": null, "payment:qr_code": null, "cuisine": null, "drive_through": null, "smoking": null, "takeaway": null, "name:lt": null, "brewery": null, "outdoor_seating": null, "healthcare": null, "name:pl": null, "name:uk": null, "building:levels:underground": null, "source:geometry": null, "source": null, "service:vehicle:glass": null, "service:vehicle:glass_repair": null, "power": null, "addr:housename": null, "man_made": null, "internet_access": null, "internet_access:fee": null, "roof:shape": null, "stars": null, "tourism": null, "museum": null, "ref:ckkp": null, "townhall:type": null, "leisure": null, "social_facility": null, "social_facility:for": null, "fuel:HGV_diesel": null, "fuel:diesel": null, "fuel:lpg": null, "fuel:octane_95": null, "fuel:octane_98": null, "payment:credit_cards": null, "second_hand": null, "service:vehicle:air_conditioning": null, "service:vehicle:car_repair": null, "service:vehicle:new_car_sales": null, "service:vehicle:oil_change": null, "service:vehicle:repairs": null, "service:vehicle:tyres": null, "service:vehicle:used_car_sales": null, "sport": null, "payment:debit_cards": null, "payment:maestro": null, "payment:mastercard": null, "payment:visa": null, "payment:visa_electron": null, "rooms": null, "check_date": null, "railway": null, "railway:ref": null, "railway:signal_box": null, "bus": null, "public_transport": null, "access": null, "changing_table": null, "fee": null, "toilets:disposal": null, "unisex": null, "ref:csioz": null, "contact:phone": null, "contact:email": null, "contact:website": null, "capacity": null, "isced:level": null, "nursery": null, "operator:website": null, "source:amenity": null, "roof:direction": null, "beds": null, "payment:credit_card": null, "payment:girocard": null, "operator:type": null, "indoor": null, "entrance": null, "frequency": null, "location": null, "substation": null, "voltage": null, "fixme": null, "maxwidth": null, "payment:dkv": null, "payment:routex": null, "payment:uta": null, "branch": null, "roof:orientation": null, "communication:mobile_phone": null, "material": null, "tower:construction": null, "tower:type": null, "name:en": null, "addr:place": null, "name:pdc": null, "service:vehicle:window_tinting": null, "service:vehicle:windshields": null, "craft": null, "bench": null, "roof:height": null, "shelter_type": null, "building:part": null, "service": null, "atm": null, "blood:whole": null, "description": null, "construction": null, "wholesale": null, "type": null, "height_nmt": 171.83999633789062, "height_nmpt": 175.94000244140625, "height_obj": 4.100006103515625}, "geometry": {"type": "Polygon", "coordinates": [[[22.9251453, 54.10673399999999], [22.9251515, 54.106682099999986], [22.9253145, 54.1066889], [22.925308299999998, 54.10674079999999], [22.9251453, 54.10673399999999]]]}}, {"id": "23", "type": "Feature", "properties": {"element": "way", "id": 186170236, "addr:city": null, "addr:city:simc": null, "addr:housenumber": null, "addr:postcode": null, "addr:street": null, "amenity": null, "building": "yes", "deanery": null, "denomination": null, "diocese": null, "heritage": null, "heritage:operator": null, "image": null, "name": null, "ref:nid": null, "religion": null, "source:addr": null, "url": null, "wikidata": null, "wikipedia": null, "building:levels": null, "operator:wikidata": null, "operator:wikipedia": null, "roof:levels": null, "website": null, "height": null, "ref": null, "short_name": null, "alt_name": null, "historic": null, "atm_ref": null, "brand": null, "brand:wikidata": null, "millennium:date": null, "millennium:network": null, "millennium:ref": null, "millennium:subtype": null, "opening_hours": null, "operator": null, "shop": null, "brand:wikipedia": null, "check_date:opening_hours": null, "toilets:wheelchair": null, "wheelchair": null, "source:building": null, "email": null, "fax": null, "government": null, "office": null, "official_name": null, "phone": null, "source:office": null, "addr:country": null, "addr:street:sym_ul": null, "church:id": null, "church:type": null, "name:etymology:wikidata": null, "name:etymology:wikipedia": null, "parish": null, "parish:wikidata": null, "parish:wikipedia": null, "shrine": null, "shrine:name": null, "shrine:type": null, "start_date": null, "wikimedia_commons": null, "building:colour": null, "building:material": null, "roof:colour": null, "roof:material": null, "theatre:type": null, "admin_level": null, "website:ua": null, "emergency": null, "note": null, "layer": null, "level": null, "panoramax": null, "payment:cards": null, "payment:cash": null, "payment:qr_code": null, "cuisine": null, "drive_through": null, "smoking": null, "takeaway": null, "name:lt": null, "brewery": null, "outdoor_seating": null, "healthcare": null, "name:pl": null, "name:uk": null, "building:levels:underground": null, "source:geometry": null, "source": null, "service:vehicle:glass": null, "service:vehicle:glass_repair": null, "power": null, "addr:housename": null, "man_made": null, "internet_access": null, "internet_access:fee": null, "roof:shape": null, "stars": null, "tourism": null, "museum": null, "ref:ckkp": null, "townhall:type": null, "leisure": null, "social_facility": null, "social_facility:for": null, "fuel:HGV_diesel": null, "fuel:diesel": null, "fuel:lpg": null, "fuel:octane_95": null, "fuel:octane_98": null, "payment:credit_cards": null, "second_hand": null, "service:vehicle:air_conditioning": null, "service:vehicle:car_repair": null, "service:vehicle:new_car_sales": null, "service:vehicle:oil_change": null, "service:vehicle:repairs": null, "service:vehicle:tyres": null, "service:vehicle:used_car_sales": null, "sport": null, "payment:debit_cards": null, "payment:maestro": null, "payment:mastercard": null, "payment:visa": null, "payment:visa_electron": null, "rooms": null, "check_date": null, "railway": null, "railway:ref": null, "railway:signal_box": null, "bus": null, "public_transport": null, "access": null, "changing_table": null, "fee": null, "toilets:disposal": null, "unisex": null, "ref:csioz": null, "contact:phone": null, "contact:email": null, "contact:website": null, "capacity": null, "isced:level": null, "nursery": null, "operator:website": null, "source:amenity": null, "roof:direction": null, "beds": null, "payment:credit_card": null, "payment:girocard": null, "operator:type": null, "indoor": null, "entrance": null, "frequency": null, "location": null, "substation": null, "voltage": null, "fixme": null, "maxwidth": null, "payment:dkv": null, "payment:routex": null, "payment:uta": null, "branch": null, "roof:orientation": null, "communication:mobile_phone": null, "material": null, "tower:construction": null, "tower:type": null, "name:en": null, "addr:place": null, "name:pdc": null, "service:vehicle:window_tinting": null, "service:vehicle:windshields": null, "craft": null, "bench": null, "roof:height": null, "shelter_type": null, "building:part": null, "service": null, "atm": null, "blood:whole": null, "description": null, "construction": null, "wholesale": null, "type": null, "height_nmt": 171.58999633789062, "height_nmpt": 175.52000427246094, "height_obj": 3.9300079345703125}, "geometry": {"type": "Polygon", "coordinates": [[[22.925095, 54.10695319999999], [22.9250961, 54.1069014], [22.9253194, 54.106903], [22.925318399999995, 54.106954800000004], [22.925095, 54.10695319999999]]]}}, {"id": "24", "type": "Feature", "properties": {"element": "way", "id": 186170672, "addr:city": "Suwa\u0142ki", "addr:city:simc": "0977456", "addr:housenumber": "126", "addr:postcode": "16-400", "addr:street": "Tadeusza Ko\u015bciuszki", "amenity": null, "building": "school", "deanery": null, "denomination": null, "diocese": null, "heritage": null, "heritage:operator": null, "image": null, "name": null, "ref:nid": null, "religion": null, "source:addr": "EMUiA (emuia.gugik.gov.pl)", "url": null, "wikidata": null, "wikipedia": null, "building:levels": null, "operator:wikidata": null, "operator:wikipedia": null, "roof:levels": null, "website": null, "height": null, "ref": null, "short_name": null, "alt_name": "Szko\u0142a Podstawowa nr 2 im. Aleksandry Pi\u0142sudskiej w Suwa\u0142kach, Gimnazjum nr 1 im. Marsza\u0142ka J\u00f3zefa Pi\u0142sudskiego w Suwa\u0142kach", "historic": null, "atm_ref": null, "brand": null, "brand:wikidata": null, "millennium:date": null, "millennium:network": null, "millennium:ref": null, "millennium:subtype": null, "opening_hours": null, "operator": null, "shop": null, "brand:wikipedia": null, "check_date:opening_hours": null, "toilets:wheelchair": null, "wheelchair": null, "source:building": null, "email": null, "fax": null, "government": null, "office": null, "official_name": null, "phone": null, "source:office": null, "addr:country": null, "addr:street:sym_ul": null, "church:id": null, "church:type": null, "name:etymology:wikidata": null, "name:etymology:wikipedia": null, "parish": null, "parish:wikidata": null, "parish:wikipedia": null, "shrine": null, "shrine:name": null, "shrine:type": null, "start_date": null, "wikimedia_commons": null, "building:colour": null, "building:material": null, "roof:colour": null, "roof:material": null, "theatre:type": null, "admin_level": null, "website:ua": null, "emergency": null, "note": null, "layer": null, "level": null, "panoramax": null, "payment:cards": null, "payment:cash": null, "payment:qr_code": null, "cuisine": null, "drive_through": null, "smoking": null, "takeaway": null, "name:lt": null, "brewery": null, "outdoor_seating": null, "healthcare": null, "name:pl": null, "name:uk": null, "building:levels:underground": null, "source:geometry": null, "source": null, "service:vehicle:glass": null, "service:vehicle:glass_repair": null, "power": null, "addr:housename": null, "man_made": null, "internet_access": null, "internet_access:fee": null, "roof:shape": null, "stars": null, "tourism": null, "museum": null, "ref:ckkp": null, "townhall:type": null, "leisure": null, "social_facility": null, "social_facility:for": null, "fuel:HGV_diesel": null, "fuel:diesel": null, "fuel:lpg": null, "fuel:octane_95": null, "fuel:octane_98": null, "payment:credit_cards": null, "second_hand": null, "service:vehicle:air_conditioning": null, "service:vehicle:car_repair": null, "service:vehicle:new_car_sales": null, "service:vehicle:oil_change": null, "service:vehicle:repairs": null, "service:vehicle:tyres": null, "service:vehicle:used_car_sales": null, "sport": null, "payment:debit_cards": null, "payment:maestro": null, "payment:mastercard": null, "payment:visa": null, "payment:visa_electron": null, "rooms": null, "check_date": null, "railway": null, "railway:ref": null, "railway:signal_box": null, "bus": null, "public_transport": null, "access": null, "changing_table": null, "fee": null, "toilets:disposal": null, "unisex": null, "ref:csioz": null, "contact:phone": null, "contact:email": null, "contact:website": null, "capacity": null, "isced:level": null, "nursery": null, "operator:website": null, "source:amenity": null, "roof:direction": null, "beds": null, "payment:credit_card": null, "payment:girocard": null, "operator:type": null, "indoor": null, "entrance": null, "frequency": null, "location": null, "substation": null, "voltage": null, "fixme": null, "maxwidth": null, "payment:dkv": null, "payment:routex": null, "payment:uta": null, "branch": null, "roof:orientation": null, "communication:mobile_phone": null, "material": null, "tower:construction": null, "tower:type": null, "name:en": null, "addr:place": null, "name:pdc": null, "service:vehicle:window_tinting": null, "service:vehicle:windshields": null, "craft": null, "bench": null, "roof:height": null, "shelter_type": null, "building:part": null, "service": null, "atm": null, "blood:whole": null, "description": null, "construction": null, "wholesale": null, "type": null, "height_nmt": 171.24000549316406, "height_nmpt": 181.55999755859375, "height_obj": 10.319992065429688}, "geometry": {"type": "Polygon", "coordinates": [[[22.9289158, 54.106388899999985], [22.9289263, 54.106269700000006], [22.9286951, 54.106262799999996], [22.9286987, 54.1062222], [22.9286448, 54.106220500000006], [22.9286512, 54.10614799999999], [22.9285254, 54.1061442], [22.9285216, 54.1061879], [22.928405099999996, 54.10618439999999], [22.9283843, 54.106421499999996], [22.9281339, 54.106414], [22.9281874, 54.1058036], [22.9282801, 54.1058064], [22.9284446, 54.1058114], [22.928422899999997, 54.106058899999994], [22.9284885, 54.1060609], [22.928487, 54.106078100000005], [22.9285082, 54.1060787], [22.9285065, 54.1060983], [22.9286244, 54.10610179999999], [22.9286257, 54.10608719999998], [22.928778599999998, 54.1060918], [22.9287734, 54.10615139999999], [22.9289539, 54.1061568], [22.928955, 54.1061439], [22.9295947, 54.1061632], [22.9295731, 54.1064087], [22.9289158, 54.106388899999985]]]}}, {"id": "25", "type": "Feature", "properties": {"element": "way", "id": 186170682, "addr:city": "Suwa\u0142ki", "addr:city:simc": null, "addr:housenumber": "128", "addr:postcode": null, "addr:street": "Tadeusza Ko\u015bciuszki", "amenity": null, "building": "yes", "deanery": null, "denomination": null, "diocese": null, "heritage": null, "heritage:operator": null, "image": null, "name": "Velvet", "ref:nid": null, "religion": null, "source:addr": "EMUiA (emuia.gugik.gov.pl)", "url": null, "wikidata": null, "wikipedia": null, "building:levels": "4", "operator:wikidata": null, "operator:wikipedia": null, "roof:levels": null, "website": null, "height": "14", "ref": null, "short_name": null, "alt_name": null, "historic": null, "atm_ref": null, "brand": null, "brand:wikidata": null, "millennium:date": null, "millennium:network": null, "millennium:ref": null, "millennium:subtype": null, "opening_hours": null, "operator": null, "shop": null, "brand:wikipedia": null, "check_date:opening_hours": null, "toilets:wheelchair": null, "wheelchair": null, "source:building": null, "email": null, "fax": null, "government": null, "office": null, "official_name": null, "phone": null, "source:office": null, "addr:country": null, "addr:street:sym_ul": null, "church:id": null, "church:type": null, "name:etymology:wikidata": null, "name:etymology:wikipedia": null, "parish": null, "parish:wikidata": null, "parish:wikipedia": null, "shrine": null, "shrine:name": null, "shrine:type": null, "start_date": null, "wikimedia_commons": null, "building:colour": null, "building:material": null, "roof:colour": null, "roof:material": null, "theatre:type": null, "admin_level": null, "website:ua": null, "emergency": null, "note": null, "layer": null, "level": null, "panoramax": null, "payment:cards": null, "payment:cash": null, "payment:qr_code": null, "cuisine": null, "drive_through": null, "smoking": null, "takeaway": null, "name:lt": null, "brewery": null, "outdoor_seating": null, "healthcare": null, "name:pl": null, "name:uk": null, "building:levels:underground": null, "source:geometry": null, "source": null, "service:vehicle:glass": null, "service:vehicle:glass_repair": null, "power": null, "addr:housename": null, "man_made": null, "internet_access": null, "internet_access:fee": null, "roof:shape": null, "stars": null, "tourism": "hotel", "museum": null, "ref:ckkp": null, "townhall:type": null, "leisure": null, "social_facility": null, "social_facility:for": null, "fuel:HGV_diesel": null, "fuel:diesel": null, "fuel:lpg": null, "fuel:octane_95": null, "fuel:octane_98": null, "payment:credit_cards": null, "second_hand": null, "service:vehicle:air_conditioning": null, "service:vehicle:car_repair": null, "service:vehicle:new_car_sales": null, "service:vehicle:oil_change": null, "service:vehicle:repairs": null, "service:vehicle:tyres": null, "service:vehicle:used_car_sales": null, "sport": null, "payment:debit_cards": null, "payment:maestro": null, "payment:mastercard": null, "payment:visa": null, "payment:visa_electron": null, "rooms": null, "check_date": null, "railway": null, "railway:ref": null, "railway:signal_box": null, "bus": null, "public_transport": null, "access": null, "changing_table": null, "fee": null, "toilets:disposal": null, "unisex": null, "ref:csioz": null, "contact:phone": null, "contact:email": null, "contact:website": null, "capacity": null, "isced:level": null, "nursery": null, "operator:website": null, "source:amenity": null, "roof:direction": null, "beds": null, "payment:credit_card": null, "payment:girocard": null, "operator:type": null, "indoor": null, "entrance": null, "frequency": null, "location": null, "substation": null, "voltage": null, "fixme": null, "maxwidth": null, "payment:dkv": null, "payment:routex": null, "payment:uta": null, "branch": null, "roof:orientation": null, "communication:mobile_phone": null, "material": null, "tower:construction": null, "tower:type": null, "name:en": null, "addr:place": null, "name:pdc": null, "service:vehicle:window_tinting": null, "service:vehicle:windshields": null, "craft": null, "bench": null, "roof:height": null, "shelter_type": null, "building:part": null, "service": null, "atm": null, "blood:whole": null, "description": null, "construction": null, "wholesale": null, "type": null, "height_nmt": 171.75999450683594, "height_nmpt": 186.22999572753906, "height_obj": 14.470001220703125}, "geometry": {"type": "Polygon", "coordinates": [[[22.9280459, 54.1069532], [22.9284841, 54.106967299999994], [22.928596, 54.10691829999998], [22.928604099999998, 54.1068315], [22.9286189, 54.1068319], [22.9286326, 54.10668510000001], [22.928528600000003, 54.106681800000004], [22.9285304, 54.1066631], [22.9281141, 54.1066498], [22.9280717, 54.1066771], [22.9280459, 54.1069532]]]}}, {"id": "26", "type": "Feature", "properties": {"element": "way", "id": 188352805, "addr:city": "Suwa\u0142ki", "addr:city:simc": null, "addr:housenumber": "9", "addr:postcode": "16-400", "addr:street": "Genera\u0142a J\u00f3zefa Dwernickiego", "amenity": null, "building": "yes", "deanery": null, "denomination": null, "diocese": null, "heritage": null, "heritage:operator": null, "image": null, "name": null, "ref:nid": null, "religion": null, "source:addr": null, "url": null, "wikidata": null, "wikipedia": null, "building:levels": null, "operator:wikidata": null, "operator:wikipedia": null, "roof:levels": null, "website": null, "height": null, "ref": null, "short_name": null, "alt_name": null, "historic": null, "atm_ref": null, "brand": null, "brand:wikidata": null, "millennium:date": null, "millennium:network": null, "millennium:ref": null, "millennium:subtype": null, "opening_hours": null, "operator": null, "shop": null, "brand:wikipedia": null, "check_date:opening_hours": null, "toilets:wheelchair": null, "wheelchair": null, "source:building": null, "email": null, "fax": null, "government": null, "office": null, "official_name": null, "phone": null, "source:office": null, "addr:country": null, "addr:street:sym_ul": null, "church:id": null, "church:type": null, "name:etymology:wikidata": null, "name:etymology:wikipedia": null, "parish": null, "parish:wikidata": null, "parish:wikipedia": null, "shrine": null, "shrine:name": null, "shrine:type": null, "start_date": null, "wikimedia_commons": null, "building:colour": null, "building:material": null, "roof:colour": null, "roof:material": null, "theatre:type": null, "admin_level": null, "website:ua": null, "emergency": null, "note": null, "layer": null, "level": null, "panoramax": null, "payment:cards": null, "payment:cash": null, "payment:qr_code": null, "cuisine": null, "drive_through": null, "smoking": null, "takeaway": null, "name:lt": null, "brewery": null, "outdoor_seating": null, "healthcare": null, "name:pl": null, "name:uk": null, "building:levels:underground": null, "source:geometry": null, "source": null, "service:vehicle:glass": null, "service:vehicle:glass_repair": null, "power": null, "addr:housename": null, "man_made": null, "internet_access": null, "internet_access:fee": null, "roof:shape": null, "stars": null, "tourism": null, "museum": null, "ref:ckkp": null, "townhall:type": null, "leisure": null, "social_facility": null, "social_facility:for": null, "fuel:HGV_diesel": null, "fuel:diesel": null, "fuel:lpg": null, "fuel:octane_95": null, "fuel:octane_98": null, "payment:credit_cards": null, "second_hand": null, "service:vehicle:air_conditioning": null, "service:vehicle:car_repair": null, "service:vehicle:new_car_sales": null, "service:vehicle:oil_change": null, "service:vehicle:repairs": null, "service:vehicle:tyres": null, "service:vehicle:used_car_sales": null, "sport": null, "payment:debit_cards": null, "payment:maestro": null, "payment:mastercard": null, "payment:visa": null, "payment:visa_electron": null, "rooms": null, "check_date": null, "railway": null, "railway:ref": null, "railway:signal_box": null, "bus": null, "public_transport": null, "access": null, "changing_table": null, "fee": null, "toilets:disposal": null, "unisex": null, "ref:csioz": null, "contact:phone": null, "contact:email": null, "contact:website": null, "capacity": null, "isced:level": null, "nursery": null, "operator:website": null, "source:amenity": null, "roof:direction": null, "beds": null, "payment:credit_card": null, "payment:girocard": null, "operator:type": null, "indoor": null, "entrance": null, "frequency": null, "location": null, "substation": null, "voltage": null, "fixme": null, "maxwidth": null, "payment:dkv": null, "payment:routex": null, "payment:uta": null, "branch": null, "roof:orientation": null, "communication:mobile_phone": null, "material": null, "tower:construction": null, "tower:type": null, "name:en": null, "addr:place": null, "name:pdc": null, "service:vehicle:window_tinting": null, "service:vehicle:windshields": null, "craft": null, "bench": null, "roof:height": null, "shelter_type": null, "building:part": null, "service": null, "atm": null, "blood:whole": null, "description": null, "construction": null, "wholesale": null, "type": null, "height_nmt": 170.60000610351562, "height_nmpt": 185.3300018310547, "height_obj": 14.729995727539062}, "geometry": {"type": "Polygon", "coordinates": [[[22.9301663, 54.10679369999999], [22.9301701, 54.1066896], [22.9306895, 54.10669609999999], [22.9306857, 54.106800299999996], [22.9301663, 54.10679369999999]]]}}, {"id": "27", "type": "Feature", "properties": {"element": "way", "id": 188352806, "addr:city": "Suwa\u0142ki", "addr:city:simc": null, "addr:housenumber": "7", "addr:postcode": "16-400", "addr:street": "Genera\u0142a J\u00f3zefa Dwernickiego", "amenity": null, "building": "yes", "deanery": null, "denomination": null, "diocese": null, "heritage": null, "heritage:operator": null, "image": null, "name": null, "ref:nid": null, "religion": null, "source:addr": null, "url": null, "wikidata": null, "wikipedia": null, "building:levels": null, "operator:wikidata": null, "operator:wikipedia": null, "roof:levels": null, "website": null, "height": null, "ref": null, "short_name": null, "alt_name": null, "historic": null, "atm_ref": null, "brand": null, "brand:wikidata": null, "millennium:date": null, "millennium:network": null, "millennium:ref": null, "millennium:subtype": null, "opening_hours": null, "operator": null, "shop": null, "brand:wikipedia": null, "check_date:opening_hours": null, "toilets:wheelchair": null, "wheelchair": null, "source:building": null, "email": null, "fax": null, "government": null, "office": null, "official_name": null, "phone": null, "source:office": null, "addr:country": null, "addr:street:sym_ul": null, "church:id": null, "church:type": null, "name:etymology:wikidata": null, "name:etymology:wikipedia": null, "parish": null, "parish:wikidata": null, "parish:wikipedia": null, "shrine": null, "shrine:name": null, "shrine:type": null, "start_date": null, "wikimedia_commons": null, "building:colour": null, "building:material": null, "roof:colour": null, "roof:material": null, "theatre:type": null, "admin_level": null, "website:ua": null, "emergency": null, "note": null, "layer": null, "level": null, "panoramax": null, "payment:cards": null, "payment:cash": null, "payment:qr_code": null, "cuisine": null, "drive_through": null, "smoking": null, "takeaway": null, "name:lt": null, "brewery": null, "outdoor_seating": null, "healthcare": null, "name:pl": null, "name:uk": null, "building:levels:underground": null, "source:geometry": null, "source": null, "service:vehicle:glass": null, "service:vehicle:glass_repair": null, "power": null, "addr:housename": null, "man_made": null, "internet_access": null, "internet_access:fee": null, "roof:shape": null, "stars": null, "tourism": null, "museum": null, "ref:ckkp": null, "townhall:type": null, "leisure": null, "social_facility": null, "social_facility:for": null, "fuel:HGV_diesel": null, "fuel:diesel": null, "fuel:lpg": null, "fuel:octane_95": null, "fuel:octane_98": null, "payment:credit_cards": null, "second_hand": null, "service:vehicle:air_conditioning": null, "service:vehicle:car_repair": null, "service:vehicle:new_car_sales": null, "service:vehicle:oil_change": null, "service:vehicle:repairs": null, "service:vehicle:tyres": null, "service:vehicle:used_car_sales": null, "sport": null, "payment:debit_cards": null, "payment:maestro": null, "payment:mastercard": null, "payment:visa": null, "payment:visa_electron": null, "rooms": null, "check_date": null, "railway": null, "railway:ref": null, "railway:signal_box": null, "bus": null, "public_transport": null, "access": null, "changing_table": null, "fee": null, "toilets:disposal": null, "unisex": null, "ref:csioz": null, "contact:phone": null, "contact:email": null, "contact:website": null, "capacity": null, "isced:level": null, "nursery": null, "operator:website": null, "source:amenity": null, "roof:direction": null, "beds": null, "payment:credit_card": null, "payment:girocard": null, "operator:type": null, "indoor": null, "entrance": null, "frequency": null, "location": null, "substation": null, "voltage": null, "fixme": null, "maxwidth": null, "payment:dkv": null, "payment:routex": null, "payment:uta": null, "branch": null, "roof:orientation": null, "communication:mobile_phone": null, "material": null, "tower:construction": null, "tower:type": null, "name:en": null, "addr:place": null, "name:pdc": null, "service:vehicle:window_tinting": null, "service:vehicle:windshields": null, "craft": null, "bench": null, "roof:height": null, "shelter_type": null, "building:part": null, "service": null, "atm": null, "blood:whole": null, "description": null, "construction": null, "wholesale": null, "type": null, "height_nmt": 170.91000366210938, "height_nmpt": 178.1199951171875, "height_obj": 7.209991455078125}, "geometry": {"type": "Polygon", "coordinates": [[[22.9298202, 54.1067326], [22.9300728, 54.1067406], [22.9300804, 54.10665659999999], [22.9298278, 54.10664859999999], [22.9298202, 54.1067326]]]}}, {"id": "28", "type": "Feature", "properties": {"element": "way", "id": 188352809, "addr:city": "Suwa\u0142ki", "addr:city:simc": null, "addr:housenumber": "2", "addr:postcode": "16-400", "addr:street": "Stefana \u017beromskiego", "amenity": null, "building": "yes", "deanery": null, "denomination": null, "diocese": null, "heritage": null, "heritage:operator": null, "image": null, "name": null, "ref:nid": null, "religion": null, "source:addr": null, "url": null, "wikidata": null, "wikipedia": null, "building:levels": null, "operator:wikidata": null, "operator:wikipedia": null, "roof:levels": null, "website": null, "height": null, "ref": null, "short_name": null, "alt_name": null, "historic": null, "atm_ref": null, "brand": null, "brand:wikidata": null, "millennium:date": null, "millennium:network": null, "millennium:ref": null, "millennium:subtype": null, "opening_hours": null, "operator": null, "shop": null, "brand:wikipedia": null, "check_date:opening_hours": null, "toilets:wheelchair": null, "wheelchair": null, "source:building": null, "email": null, "fax": null, "government": null, "office": null, "official_name": null, "phone": null, "source:office": null, "addr:country": null, "addr:street:sym_ul": null, "church:id": null, "church:type": null, "name:etymology:wikidata": null, "name:etymology:wikipedia": null, "parish": null, "parish:wikidata": null, "parish:wikipedia": null, "shrine": null, "shrine:name": null, "shrine:type": null, "start_date": null, "wikimedia_commons": null, "building:colour": null, "building:material": null, "roof:colour": null, "roof:material": null, "theatre:type": null, "admin_level": null, "website:ua": null, "emergency": null, "note": null, "layer": null, "level": null, "panoramax": null, "payment:cards": null, "payment:cash": null, "payment:qr_code": null, "cuisine": null, "drive_through": null, "smoking": null, "takeaway": null, "name:lt": null, "brewery": null, "outdoor_seating": null, "healthcare": null, "name:pl": null, "name:uk": null, "building:levels:underground": null, "source:geometry": null, "source": null, "service:vehicle:glass": null, "service:vehicle:glass_repair": null, "power": null, "addr:housename": null, "man_made": null, "internet_access": null, "internet_access:fee": null, "roof:shape": null, "stars": null, "tourism": null, "museum": null, "ref:ckkp": null, "townhall:type": null, "leisure": null, "social_facility": null, "social_facility:for": null, "fuel:HGV_diesel": null, "fuel:diesel": null, "fuel:lpg": null, "fuel:octane_95": null, "fuel:octane_98": null, "payment:credit_cards": null, "second_hand": null, "service:vehicle:air_conditioning": null, "service:vehicle:car_repair": null, "service:vehicle:new_car_sales": null, "service:vehicle:oil_change": null, "service:vehicle:repairs": null, "service:vehicle:tyres": null, "service:vehicle:used_car_sales": null, "sport": null, "payment:debit_cards": null, "payment:maestro": null, "payment:mastercard": null, "payment:visa": null, "payment:visa_electron": null, "rooms": null, "check_date": null, "railway": null, "railway:ref": null, "railway:signal_box": null, "bus": null, "public_transport": null, "access": null, "changing_table": null, "fee": null, "toilets:disposal": null, "unisex": null, "ref:csioz": null, "contact:phone": null, "contact:email": null, "contact:website": null, "capacity": null, "isced:level": null, "nursery": null, "operator:website": null, "source:amenity": null, "roof:direction": null, "beds": null, "payment:credit_card": null, "payment:girocard": null, "operator:type": null, "indoor": null, "entrance": null, "frequency": null, "location": null, "substation": null, "voltage": null, "fixme": null, "maxwidth": null, "payment:dkv": null, "payment:routex": null, "payment:uta": null, "branch": null, "roof:orientation": null, "communication:mobile_phone": null, "material": null, "tower:construction": null, "tower:type": null, "name:en": null, "addr:place": null, "name:pdc": null, "service:vehicle:window_tinting": null, "service:vehicle:windshields": null, "craft": null, "bench": null, "roof:height": null, "shelter_type": null, "building:part": null, "service": null, "atm": null, "blood:whole": null, "description": null, "construction": null, "wholesale": null, "type": null, "height_nmt": null, "height_nmpt": null, "height_obj": null}, "geometry": {"type": "Polygon", "coordinates": [[[22.9281226, 54.107423499999996], [22.9281303, 54.1073393], [22.928332800000003, 54.107345599999995], [22.9283251, 54.10742979999999], [22.9281226, 54.107423499999996]]]}}, {"id": "29", "type": "Feature", "properties": {"element": "way", "id": 188352811, "addr:city": null, "addr:city:simc": null, "addr:housenumber": null, "addr:postcode": null, "addr:street": null, "amenity": null, "building": "garage", "deanery": null, "denomination": null, "diocese": null, "heritage": null, "heritage:operator": null, "image": null, "name": null, "ref:nid": null, "religion": null, "source:addr": null, "url": null, "wikidata": null, "wikipedia": null, "building:levels": null, "operator:wikidata": null, "operator:wikipedia": null, "roof:levels": null, "website": null, "height": null, "ref": null, "short_name": null, "alt_name": null, "historic": null, "atm_ref": null, "brand": null, "brand:wikidata": null, "millennium:date": null, "millennium:network": null, "millennium:ref": null, "millennium:subtype": null, "opening_hours": null, "operator": null, "shop": null, "brand:wikipedia": null, "check_date:opening_hours": null, "toilets:wheelchair": null, "wheelchair": null, "source:building": null, "email": null, "fax": null, "government": null, "office": null, "official_name": null, "phone": null, "source:office": null, "addr:country": null, "addr:street:sym_ul": null, "church:id": null, "church:type": null, "name:etymology:wikidata": null, "name:etymology:wikipedia": null, "parish": null, "parish:wikidata": null, "parish:wikipedia": null, "shrine": null, "shrine:name": null, "shrine:type": null, "start_date": null, "wikimedia_commons": null, "building:colour": null, "building:material": null, "roof:colour": null, "roof:material": null, "theatre:type": null, "admin_level": null, "website:ua": null, "emergency": null, "note": null, "layer": null, "level": null, "panoramax": null, "payment:cards": null, "payment:cash": null, "payment:qr_code": null, "cuisine": null, "drive_through": null, "smoking": null, "takeaway": null, "name:lt": null, "brewery": null, "outdoor_seating": null, "healthcare": null, "name:pl": null, "name:uk": null, "building:levels:underground": null, "source:geometry": null, "source": null, "service:vehicle:glass": null, "service:vehicle:glass_repair": null, "power": null, "addr:housename": null, "man_made": null, "internet_access": null, "internet_access:fee": null, "roof:shape": null, "stars": null, "tourism": null, "museum": null, "ref:ckkp": null, "townhall:type": null, "leisure": null, "social_facility": null, "social_facility:for": null, "fuel:HGV_diesel": null, "fuel:diesel": null, "fuel:lpg": null, "fuel:octane_95": null, "fuel:octane_98": null, "payment:credit_cards": null, "second_hand": null, "service:vehicle:air_conditioning": null, "service:vehicle:car_repair": null, "service:vehicle:new_car_sales": null, "service:vehicle:oil_change": null, "service:vehicle:repairs": null, "service:vehicle:tyres": null, "service:vehicle:used_car_sales": null, "sport": null, "payment:debit_cards": null, "payment:maestro": null, "payment:mastercard": null, "payment:visa": null, "payment:visa_electron": null, "rooms": null, "check_date": null, "railway": null, "railway:ref": null, "railway:signal_box": null, "bus": null, "public_transport": null, "access": null, "changing_table": null, "fee": null, "toilets:disposal": null, "unisex": null, "ref:csioz": null, "contact:phone": null, "contact:email": null, "contact:website": null, "capacity": null, "isced:level": null, "nursery": null, "operator:website": null, "source:amenity": null, "roof:direction": null, "beds": null, "payment:credit_card": null, "payment:girocard": null, "operator:type": null, "indoor": null, "entrance": null, "frequency": null, "location": null, "substation": null, "voltage": null, "fixme": null, "maxwidth": null, "payment:dkv": null, "payment:routex": null, "payment:uta": null, "branch": null, "roof:orientation": null, "communication:mobile_phone": null, "material": null, "tower:construction": null, "tower:type": null, "name:en": null, "addr:place": null, "name:pdc": null, "service:vehicle:window_tinting": null, "service:vehicle:windshields": null, "craft": null, "bench": null, "roof:height": null, "shelter_type": null, "building:part": null, "service": null, "atm": null, "blood:whole": null, "description": null, "construction": null, "wholesale": null, "type": null, "height_nmt": null, "height_nmpt": null, "height_obj": null}, "geometry": {"type": "Polygon", "coordinates": [[[22.9306068, 54.1073155], [22.9307663, 54.107319000000004], [22.9307734, 54.107206899999994], [22.9306139, 54.1072034], [22.9306068, 54.1073155]]]}}, {"id": "30", "type": "Feature", "properties": {"element": "way", "id": 188352813, "addr:city": "Suwa\u0142ki", "addr:city:simc": null, "addr:housenumber": "13a", "addr:postcode": "16-400", "addr:street": "Genera\u0142a J\u00f3zefa Dwernickiego", "amenity": null, "building": "yes", "deanery": null, "denomination": null, "diocese": null, "heritage": null, "heritage:operator": null, "image": null, "name": null, "ref:nid": null, "religion": null, "source:addr": null, "url": null, "wikidata": null, "wikipedia": null, "building:levels": null, "operator:wikidata": null, "operator:wikipedia": null, "roof:levels": null, "website": null, "height": null, "ref": null, "short_name": null, "alt_name": null, "historic": null, "atm_ref": null, "brand": null, "brand:wikidata": null, "millennium:date": null, "millennium:network": null, "millennium:ref": null, "millennium:subtype": null, "opening_hours": null, "operator": null, "shop": null, "brand:wikipedia": null, "check_date:opening_hours": null, "toilets:wheelchair": null, "wheelchair": null, "source:building": null, "email": null, "fax": null, "government": null, "office": null, "official_name": null, "phone": null, "source:office": null, "addr:country": null, "addr:street:sym_ul": null, "church:id": null, "church:type": null, "name:etymology:wikidata": null, "name:etymology:wikipedia": null, "parish": null, "parish:wikidata": null, "parish:wikipedia": null, "shrine": null, "shrine:name": null, "shrine:type": null, "start_date": null, "wikimedia_commons": null, "building:colour": null, "building:material": null, "roof:colour": null, "roof:material": null, "theatre:type": null, "admin_level": null, "website:ua": null, "emergency": null, "note": null, "layer": null, "level": null, "panoramax": null, "payment:cards": null, "payment:cash": null, "payment:qr_code": null, "cuisine": null, "drive_through": null, "smoking": null, "takeaway": null, "name:lt": null, "brewery": null, "outdoor_seating": null, "healthcare": null, "name:pl": null, "name:uk": null, "building:levels:underground": null, "source:geometry": null, "source": null, "service:vehicle:glass": null, "service:vehicle:glass_repair": null, "power": null, "addr:housename": null, "man_made": null, "internet_access": null, "internet_access:fee": null, "roof:shape": null, "stars": null, "tourism": null, "museum": null, "ref:ckkp": null, "townhall:type": null, "leisure": null, "social_facility": null, "social_facility:for": null, "fuel:HGV_diesel": null, "fuel:diesel": null, "fuel:lpg": null, "fuel:octane_95": null, "fuel:octane_98": null, "payment:credit_cards": null, "second_hand": null, "service:vehicle:air_conditioning": null, "service:vehicle:car_repair": null, "service:vehicle:new_car_sales": null, "service:vehicle:oil_change": null, "service:vehicle:repairs": null, "service:vehicle:tyres": null, "service:vehicle:used_car_sales": null, "sport": null, "payment:debit_cards": null, "payment:maestro": null, "payment:mastercard": null, "payment:visa": null, "payment:visa_electron": null, "rooms": null, "check_date": null, "railway": null, "railway:ref": null, "railway:signal_box": null, "bus": null, "public_transport": null, "access": null, "changing_table": null, "fee": null, "toilets:disposal": null, "unisex": null, "ref:csioz": null, "contact:phone": null, "contact:email": null, "contact:website": null, "capacity": null, "isced:level": null, "nursery": null, "operator:website": null, "source:amenity": null, "roof:direction": null, "beds": null, "payment:credit_card": null, "payment:girocard": null, "operator:type": null, "indoor": null, "entrance": null, "frequency": null, "location": null, "substation": null, "voltage": null, "fixme": null, "maxwidth": null, "payment:dkv": null, "payment:routex": null, "payment:uta": null, "branch": null, "roof:orientation": null, "communication:mobile_phone": null, "material": null, "tower:construction": null, "tower:type": null, "name:en": null, "addr:place": null, "name:pdc": null, "service:vehicle:window_tinting": null, "service:vehicle:windshields": null, "craft": null, "bench": null, "roof:height": null, "shelter_type": null, "building:part": null, "service": null, "atm": null, "blood:whole": null, "description": null, "construction": null, "wholesale": null, "type": null, "height_nmt": 169.80999755859375, "height_nmpt": 182.97000122070312, "height_obj": 13.160003662109375}, "geometry": {"type": "Polygon", "coordinates": [[[22.9310154, 54.1069241], [22.9310206, 54.106821999999994], [22.9311204, 54.1068237], [22.9311821, 54.1068514], [22.9311809, 54.10687490000001], [22.931292799999998, 54.1068769], [22.9312901, 54.10692889999999], [22.9310154, 54.1069241]]]}}, {"id": "31", "type": "Feature", "properties": {"element": "way", "id": 188352815, "addr:city": null, "addr:city:simc": null, "addr:housenumber": null, "addr:postcode": null, "addr:street": null, "amenity": null, "building": "garage", "deanery": null, "denomination": null, "diocese": null, "heritage": null, "heritage:operator": null, "image": null, "name": null, "ref:nid": null, "religion": null, "source:addr": null, "url": null, "wikidata": null, "wikipedia": null, "building:levels": null, "operator:wikidata": null, "operator:wikipedia": null, "roof:levels": null, "website": null, "height": null, "ref": null, "short_name": null, "alt_name": null, "historic": null, "atm_ref": null, "brand": null, "brand:wikidata": null, "millennium:date": null, "millennium:network": null, "millennium:ref": null, "millennium:subtype": null, "opening_hours": null, "operator": null, "shop": null, "brand:wikipedia": null, "check_date:opening_hours": null, "toilets:wheelchair": null, "wheelchair": null, "source:building": null, "email": null, "fax": null, "government": null, "office": null, "official_name": null, "phone": null, "source:office": null, "addr:country": null, "addr:street:sym_ul": null, "church:id": null, "church:type": null, "name:etymology:wikidata": null, "name:etymology:wikipedia": null, "parish": null, "parish:wikidata": null, "parish:wikipedia": null, "shrine": null, "shrine:name": null, "shrine:type": null, "start_date": null, "wikimedia_commons": null, "building:colour": null, "building:material": null, "roof:colour": null, "roof:material": null, "theatre:type": null, "admin_level": null, "website:ua": null, "emergency": null, "note": null, "layer": null, "level": null, "panoramax": null, "payment:cards": null, "payment:cash": null, "payment:qr_code": null, "cuisine": null, "drive_through": null, "smoking": null, "takeaway": null, "name:lt": null, "brewery": null, "outdoor_seating": null, "healthcare": null, "name:pl": null, "name:uk": null, "building:levels:underground": null, "source:geometry": null, "source": null, "service:vehicle:glass": null, "service:vehicle:glass_repair": null, "power": null, "addr:housename": null, "man_made": null, "internet_access": null, "internet_access:fee": null, "roof:shape": null, "stars": null, "tourism": null, "museum": null, "ref:ckkp": null, "townhall:type": null, "leisure": null, "social_facility": null, "social_facility:for": null, "fuel:HGV_diesel": null, "fuel:diesel": null, "fuel:lpg": null, "fuel:octane_95": null, "fuel:octane_98": null, "payment:credit_cards": null, "second_hand": null, "service:vehicle:air_conditioning": null, "service:vehicle:car_repair": null, "service:vehicle:new_car_sales": null, "service:vehicle:oil_change": null, "service:vehicle:repairs": null, "service:vehicle:tyres": null, "service:vehicle:used_car_sales": null, "sport": null, "payment:debit_cards": null, "payment:maestro": null, "payment:mastercard": null, "payment:visa": null, "payment:visa_electron": null, "rooms": null, "check_date": null, "railway": null, "railway:ref": null, "railway:signal_box": null, "bus": null, "public_transport": null, "access": null, "changing_table": null, "fee": null, "toilets:disposal": null, "unisex": null, "ref:csioz": null, "contact:phone": null, "contact:email": null, "contact:website": null, "capacity": null, "isced:level": null, "nursery": null, "operator:website": null, "source:amenity": null, "roof:direction": null, "beds": null, "payment:credit_card": null, "payment:girocard": null, "operator:type": null, "indoor": null, "entrance": null, "frequency": null, "location": null, "substation": null, "voltage": null, "fixme": null, "maxwidth": null, "payment:dkv": null, "payment:routex": null, "payment:uta": null, "branch": null, "roof:orientation": null, "communication:mobile_phone": null, "material": null, "tower:construction": null, "tower:type": null, "name:en": null, "addr:place": null, "name:pdc": null, "service:vehicle:window_tinting": null, "service:vehicle:windshields": null, "craft": null, "bench": null, "roof:height": null, "shelter_type": null, "building:part": null, "service": null, "atm": null, "blood:whole": null, "description": null, "construction": null, "wholesale": null, "type": null, "height_nmt": 170.85000610351562, "height_nmpt": 175.3699951171875, "height_obj": 4.519989013671875}, "geometry": {"type": "Polygon", "coordinates": [[[22.9290592, 54.1073083], [22.9292116, 54.1073147], [22.9292231, 54.10721999999999], [22.9291492, 54.10721689999999], [22.9291549, 54.1071696], [22.9290764, 54.10716629999999], [22.9290592, 54.1073083]]]}}, {"id": "32", "type": "Feature", "properties": {"element": "way", "id": 188352817, "addr:city": "Suwa\u0142ki", "addr:city:simc": null, "addr:housenumber": "3", "addr:postcode": "16-400", "addr:street": "Genera\u0142a J\u00f3zefa Dwernickiego", "amenity": null, "building": "yes", "deanery": null, "denomination": null, "diocese": null, "heritage": null, "heritage:operator": null, "image": null, "name": null, "ref:nid": null, "religion": null, "source:addr": null, "url": null, "wikidata": null, "wikipedia": null, "building:levels": null, "operator:wikidata": null, "operator:wikipedia": null, "roof:levels": null, "website": null, "height": null, "ref": null, "short_name": null, "alt_name": null, "historic": null, "atm_ref": null, "brand": null, "brand:wikidata": null, "millennium:date": null, "millennium:network": null, "millennium:ref": null, "millennium:subtype": null, "opening_hours": null, "operator": null, "shop": null, "brand:wikipedia": null, "check_date:opening_hours": null, "toilets:wheelchair": null, "wheelchair": null, "source:building": null, "email": null, "fax": null, "government": null, "office": null, "official_name": null, "phone": null, "source:office": null, "addr:country": null, "addr:street:sym_ul": null, "church:id": null, "church:type": null, "name:etymology:wikidata": null, "name:etymology:wikipedia": null, "parish": null, "parish:wikidata": null, "parish:wikipedia": null, "shrine": null, "shrine:name": null, "shrine:type": null, "start_date": null, "wikimedia_commons": null, "building:colour": null, "building:material": null, "roof:colour": null, "roof:material": null, "theatre:type": null, "admin_level": null, "website:ua": null, "emergency": null, "note": null, "layer": null, "level": null, "panoramax": null, "payment:cards": null, "payment:cash": null, "payment:qr_code": null, "cuisine": null, "drive_through": null, "smoking": null, "takeaway": null, "name:lt": null, "brewery": null, "outdoor_seating": null, "healthcare": null, "name:pl": null, "name:uk": null, "building:levels:underground": null, "source:geometry": null, "source": null, "service:vehicle:glass": null, "service:vehicle:glass_repair": null, "power": null, "addr:housename": null, "man_made": null, "internet_access": null, "internet_access:fee": null, "roof:shape": null, "stars": null, "tourism": null, "museum": null, "ref:ckkp": null, "townhall:type": null, "leisure": null, "social_facility": null, "social_facility:for": null, "fuel:HGV_diesel": null, "fuel:diesel": null, "fuel:lpg": null, "fuel:octane_95": null, "fuel:octane_98": null, "payment:credit_cards": null, "second_hand": null, "service:vehicle:air_conditioning": null, "service:vehicle:car_repair": null, "service:vehicle:new_car_sales": null, "service:vehicle:oil_change": null, "service:vehicle:repairs": null, "service:vehicle:tyres": null, "service:vehicle:used_car_sales": null, "sport": null, "payment:debit_cards": null, "payment:maestro": null, "payment:mastercard": null, "payment:visa": null, "payment:visa_electron": null, "rooms": null, "check_date": null, "railway": null, "railway:ref": null, "railway:signal_box": null, "bus": null, "public_transport": null, "access": null, "changing_table": null, "fee": null, "toilets:disposal": null, "unisex": null, "ref:csioz": null, "contact:phone": null, "contact:email": null, "contact:website": null, "capacity": null, "isced:level": null, "nursery": null, "operator:website": null, "source:amenity": null, "roof:direction": null, "beds": null, "payment:credit_card": null, "payment:girocard": null, "operator:type": null, "indoor": null, "entrance": null, "frequency": null, "location": null, "substation": null, "voltage": null, "fixme": null, "maxwidth": null, "payment:dkv": null, "payment:routex": null, "payment:uta": null, "branch": null, "roof:orientation": null, "communication:mobile_phone": null, "material": null, "tower:construction": null, "tower:type": null, "name:en": null, "addr:place": null, "name:pdc": null, "service:vehicle:window_tinting": null, "service:vehicle:windshields": null, "craft": null, "bench": null, "roof:height": null, "shelter_type": null, "building:part": null, "service": null, "atm": null, "blood:whole": null, "description": null, "construction": null, "wholesale": null, "type": null, "height_nmt": 170.92999267578125, "height_nmpt": 178.60000610351562, "height_obj": 7.670013427734375}, "geometry": {"type": "Polygon", "coordinates": [[[22.9292971, 54.106736999999995], [22.9294269, 54.1067397], [22.9294319, 54.106659300000004], [22.9293021, 54.1066566], [22.9292971, 54.106736999999995]]]}}, {"id": "33", "type": "Feature", "properties": {"element": "way", "id": 188352819, "addr:city": "Suwa\u0142ki", "addr:city:simc": "0977456", "addr:housenumber": "97", "addr:postcode": "16-400", "addr:street": "Teofila Noniewicza", "amenity": null, "building": "yes", "deanery": null, "denomination": null, "diocese": null, "heritage": null, "heritage:operator": null, "image": null, "name": null, "ref:nid": null, "religion": null, "source:addr": "gugik.gov.pl", "url": null, "wikidata": null, "wikipedia": null, "building:levels": null, "operator:wikidata": null, "operator:wikipedia": null, "roof:levels": null, "website": null, "height": null, "ref": null, "short_name": null, "alt_name": null, "historic": null, "atm_ref": null, "brand": null, "brand:wikidata": null, "millennium:date": null, "millennium:network": null, "millennium:ref": null, "millennium:subtype": null, "opening_hours": null, "operator": null, "shop": null, "brand:wikipedia": null, "check_date:opening_hours": null, "toilets:wheelchair": null, "wheelchair": null, "source:building": null, "email": null, "fax": null, "government": null, "office": null, "official_name": null, "phone": null, "source:office": null, "addr:country": null, "addr:street:sym_ul": null, "church:id": null, "church:type": null, "name:etymology:wikidata": null, "name:etymology:wikipedia": null, "parish": null, "parish:wikidata": null, "parish:wikipedia": null, "shrine": null, "shrine:name": null, "shrine:type": null, "start_date": null, "wikimedia_commons": null, "building:colour": null, "building:material": null, "roof:colour": null, "roof:material": null, "theatre:type": null, "admin_level": null, "website:ua": null, "emergency": null, "note": null, "layer": null, "level": null, "panoramax": null, "payment:cards": null, "payment:cash": null, "payment:qr_code": null, "cuisine": null, "drive_through": null, "smoking": null, "takeaway": null, "name:lt": null, "brewery": null, "outdoor_seating": null, "healthcare": null, "name:pl": null, "name:uk": null, "building:levels:underground": null, "source:geometry": null, "source": null, "service:vehicle:glass": null, "service:vehicle:glass_repair": null, "power": null, "addr:housename": null, "man_made": null, "internet_access": null, "internet_access:fee": null, "roof:shape": null, "stars": null, "tourism": null, "museum": null, "ref:ckkp": null, "townhall:type": null, "leisure": null, "social_facility": null, "social_facility:for": null, "fuel:HGV_diesel": null, "fuel:diesel": null, "fuel:lpg": null, "fuel:octane_95": null, "fuel:octane_98": null, "payment:credit_cards": null, "second_hand": null, "service:vehicle:air_conditioning": null, "service:vehicle:car_repair": null, "service:vehicle:new_car_sales": null, "service:vehicle:oil_change": null, "service:vehicle:repairs": null, "service:vehicle:tyres": null, "service:vehicle:used_car_sales": null, "sport": null, "payment:debit_cards": null, "payment:maestro": null, "payment:mastercard": null, "payment:visa": null, "payment:visa_electron": null, "rooms": null, "check_date": null, "railway": null, "railway:ref": null, "railway:signal_box": null, "bus": null, "public_transport": null, "access": null, "changing_table": null, "fee": null, "toilets:disposal": null, "unisex": null, "ref:csioz": null, "contact:phone": null, "contact:email": null, "contact:website": null, "capacity": null, "isced:level": null, "nursery": null, "operator:website": null, "source:amenity": null, "roof:direction": null, "beds": null, "payment:credit_card": null, "payment:girocard": null, "operator:type": null, "indoor": null, "entrance": null, "frequency": null, "location": null, "substation": null, "voltage": null, "fixme": null, "maxwidth": null, "payment:dkv": null, "payment:routex": null, "payment:uta": null, "branch": null, "roof:orientation": null, "communication:mobile_phone": null, "material": null, "tower:construction": null, "tower:type": null, "name:en": null, "addr:place": null, "name:pdc": null, "service:vehicle:window_tinting": null, "service:vehicle:windshields": null, "craft": null, "bench": null, "roof:height": null, "shelter_type": null, "building:part": null, "service": null, "atm": null, "blood:whole": null, "description": null, "construction": null, "wholesale": null, "type": null, "height_nmt": 170.85000610351562, "height_nmpt": 179.3800048828125, "height_obj": 8.529998779296875}, "geometry": {"type": "Polygon", "coordinates": [[[22.9313101, 54.10708459999999], [22.9313137, 54.10700270000001], [22.9311569, 54.107000299999996], [22.9311545, 54.107054500000004], [22.9310996, 54.1070536], [22.9310983, 54.1070814], [22.9313101, 54.10708459999999]]]}}, {"id": "34", "type": "Feature", "properties": {"element": "way", "id": 188352820, "addr:city": null, "addr:city:simc": null, "addr:housenumber": null, "addr:postcode": null, "addr:street": null, "amenity": null, "building": "garage", "deanery": null, "denomination": null, "diocese": null, "heritage": null, "heritage:operator": null, "image": null, "name": null, "ref:nid": null, "religion": null, "source:addr": null, "url": null, "wikidata": null, "wikipedia": null, "building:levels": null, "operator:wikidata": null, "operator:wikipedia": null, "roof:levels": null, "website": null, "height": null, "ref": null, "short_name": null, "alt_name": null, "historic": null, "atm_ref": null, "brand": null, "brand:wikidata": null, "millennium:date": null, "millennium:network": null, "millennium:ref": null, "millennium:subtype": null, "opening_hours": null, "operator": null, "shop": null, "brand:wikipedia": null, "check_date:opening_hours": null, "toilets:wheelchair": null, "wheelchair": null, "source:building": null, "email": null, "fax": null, "government": null, "office": null, "official_name": null, "phone": null, "source:office": null, "addr:country": null, "addr:street:sym_ul": null, "church:id": null, "church:type": null, "name:etymology:wikidata": null, "name:etymology:wikipedia": null, "parish": null, "parish:wikidata": null, "parish:wikipedia": null, "shrine": null, "shrine:name": null, "shrine:type": null, "start_date": null, "wikimedia_commons": null, "building:colour": null, "building:material": null, "roof:colour": null, "roof:material": null, "theatre:type": null, "admin_level": null, "website:ua": null, "emergency": null, "note": null, "layer": null, "level": null, "panoramax": null, "payment:cards": null, "payment:cash": null, "payment:qr_code": null, "cuisine": null, "drive_through": null, "smoking": null, "takeaway": null, "name:lt": null, "brewery": null, "outdoor_seating": null, "healthcare": null, "name:pl": null, "name:uk": null, "building:levels:underground": null, "source:geometry": null, "source": null, "service:vehicle:glass": null, "service:vehicle:glass_repair": null, "power": null, "addr:housename": null, "man_made": null, "internet_access": null, "internet_access:fee": null, "roof:shape": null, "stars": null, "tourism": null, "museum": null, "ref:ckkp": null, "townhall:type": null, "leisure": null, "social_facility": null, "social_facility:for": null, "fuel:HGV_diesel": null, "fuel:diesel": null, "fuel:lpg": null, "fuel:octane_95": null, "fuel:octane_98": null, "payment:credit_cards": null, "second_hand": null, "service:vehicle:air_conditioning": null, "service:vehicle:car_repair": null, "service:vehicle:new_car_sales": null, "service:vehicle:oil_change": null, "service:vehicle:repairs": null, "service:vehicle:tyres": null, "service:vehicle:used_car_sales": null, "sport": null, "payment:debit_cards": null, "payment:maestro": null, "payment:mastercard": null, "payment:visa": null, "payment:visa_electron": null, "rooms": null, "check_date": null, "railway": null, "railway:ref": null, "railway:signal_box": null, "bus": null, "public_transport": null, "access": null, "changing_table": null, "fee": null, "toilets:disposal": null, "unisex": null, "ref:csioz": null, "contact:phone": null, "contact:email": null, "contact:website": null, "capacity": null, "isced:level": null, "nursery": null, "operator:website": null, "source:amenity": null, "roof:direction": null, "beds": null, "payment:credit_card": null, "payment:girocard": null, "operator:type": null, "indoor": null, "entrance": null, "frequency": null, "location": null, "substation": null, "voltage": null, "fixme": null, "maxwidth": null, "payment:dkv": null, "payment:routex": null, "payment:uta": null, "branch": null, "roof:orientation": null, "communication:mobile_phone": null, "material": null, "tower:construction": null, "tower:type": null, "name:en": null, "addr:place": null, "name:pdc": null, "service:vehicle:window_tinting": null, "service:vehicle:windshields": null, "craft": null, "bench": null, "roof:height": null, "shelter_type": null, "building:part": null, "service": null, "atm": null, "blood:whole": null, "description": null, "construction": null, "wholesale": null, "type": null, "height_nmt": 170.7100067138672, "height_nmpt": 172.94000244140625, "height_obj": 2.2299957275390625}, "geometry": {"type": "Polygon", "coordinates": [[[22.9306563, 54.107098], [22.9300946, 54.107096299999995], [22.9300951, 54.1070381], [22.9306568, 54.107039699999994], [22.9306563, 54.107098]]]}}, {"id": "35", "type": "Feature", "properties": {"element": "way", "id": 188352822, "addr:city": "Suwa\u0142ki", "addr:city:simc": null, "addr:housenumber": "13", "addr:postcode": "16-400", "addr:street": "Genera\u0142a J\u00f3zefa Dwernickiego", "amenity": null, "building": "yes", "deanery": null, "denomination": null, "diocese": null, "heritage": null, "heritage:operator": null, "image": null, "name": null, "ref:nid": null, "religion": null, "source:addr": null, "url": null, "wikidata": null, "wikipedia": null, "building:levels": null, "operator:wikidata": null, "operator:wikipedia": null, "roof:levels": null, "website": null, "height": null, "ref": null, "short_name": null, "alt_name": null, "historic": null, "atm_ref": null, "brand": null, "brand:wikidata": null, "millennium:date": null, "millennium:network": null, "millennium:ref": null, "millennium:subtype": null, "opening_hours": null, "operator": null, "shop": null, "brand:wikipedia": null, "check_date:opening_hours": null, "toilets:wheelchair": null, "wheelchair": null, "source:building": null, "email": null, "fax": null, "government": null, "office": null, "official_name": null, "phone": null, "source:office": null, "addr:country": null, "addr:street:sym_ul": null, "church:id": null, "church:type": null, "name:etymology:wikidata": null, "name:etymology:wikipedia": null, "parish": null, "parish:wikidata": null, "parish:wikipedia": null, "shrine": null, "shrine:name": null, "shrine:type": null, "start_date": null, "wikimedia_commons": null, "building:colour": null, "building:material": null, "roof:colour": null, "roof:material": null, "theatre:type": null, "admin_level": null, "website:ua": null, "emergency": null, "note": null, "layer": null, "level": null, "panoramax": null, "payment:cards": null, "payment:cash": null, "payment:qr_code": null, "cuisine": null, "drive_through": null, "smoking": null, "takeaway": null, "name:lt": null, "brewery": null, "outdoor_seating": null, "healthcare": null, "name:pl": null, "name:uk": null, "building:levels:underground": null, "source:geometry": null, "source": null, "service:vehicle:glass": null, "service:vehicle:glass_repair": null, "power": null, "addr:housename": null, "man_made": null, "internet_access": null, "internet_access:fee": null, "roof:shape": null, "stars": null, "tourism": null, "museum": null, "ref:ckkp": null, "townhall:type": null, "leisure": null, "social_facility": null, "social_facility:for": null, "fuel:HGV_diesel": null, "fuel:diesel": null, "fuel:lpg": null, "fuel:octane_95": null, "fuel:octane_98": null, "payment:credit_cards": null, "second_hand": null, "service:vehicle:air_conditioning": null, "service:vehicle:car_repair": null, "service:vehicle:new_car_sales": null, "service:vehicle:oil_change": null, "service:vehicle:repairs": null, "service:vehicle:tyres": null, "service:vehicle:used_car_sales": null, "sport": null, "payment:debit_cards": null, "payment:maestro": null, "payment:mastercard": null, "payment:visa": null, "payment:visa_electron": null, "rooms": null, "check_date": null, "railway": null, "railway:ref": null, "railway:signal_box": null, "bus": null, "public_transport": null, "access": null, "changing_table": null, "fee": null, "toilets:disposal": null, "unisex": null, "ref:csioz": null, "contact:phone": null, "contact:email": null, "contact:website": null, "capacity": null, "isced:level": null, "nursery": null, "operator:website": null, "source:amenity": null, "roof:direction": null, "beds": null, "payment:credit_card": null, "payment:girocard": null, "operator:type": null, "indoor": null, "entrance": null, "frequency": null, "location": null, "substation": null, "voltage": null, "fixme": null, "maxwidth": null, "payment:dkv": null, "payment:routex": null, "payment:uta": null, "branch": null, "roof:orientation": null, "communication:mobile_phone": null, "material": null, "tower:construction": null, "tower:type": null, "name:en": null, "addr:place": null, "name:pdc": null, "service:vehicle:window_tinting": null, "service:vehicle:windshields": null, "craft": null, "bench": null, "roof:height": null, "shelter_type": null, "building:part": null, "service": null, "atm": null, "blood:whole": null, "description": null, "construction": null, "wholesale": null, "type": null, "height_nmt": 170.55999755859375, "height_nmpt": 176.66000366210938, "height_obj": 6.100006103515625}, "geometry": {"type": "Polygon", "coordinates": [[[22.9311405, 54.1067725], [22.931148300000004, 54.1066756], [22.9313358, 54.1066807], [22.931328, 54.10677770000001], [22.9311405, 54.1067725]]]}}, {"id": "36", "type": "Feature", "properties": {"element": "way", "id": 188352823, "addr:city": null, "addr:city:simc": null, "addr:housenumber": null, "addr:postcode": null, "addr:street": null, "amenity": null, "building": "garage", "deanery": null, "denomination": null, "diocese": null, "heritage": null, "heritage:operator": null, "image": null, "name": null, "ref:nid": null, "religion": null, "source:addr": null, "url": null, "wikidata": null, "wikipedia": null, "building:levels": null, "operator:wikidata": null, "operator:wikipedia": null, "roof:levels": null, "website": null, "height": null, "ref": null, "short_name": null, "alt_name": null, "historic": null, "atm_ref": null, "brand": null, "brand:wikidata": null, "millennium:date": null, "millennium:network": null, "millennium:ref": null, "millennium:subtype": null, "opening_hours": null, "operator": null, "shop": null, "brand:wikipedia": null, "check_date:opening_hours": null, "toilets:wheelchair": null, "wheelchair": null, "source:building": null, "email": null, "fax": null, "government": null, "office": null, "official_name": null, "phone": null, "source:office": null, "addr:country": null, "addr:street:sym_ul": null, "church:id": null, "church:type": null, "name:etymology:wikidata": null, "name:etymology:wikipedia": null, "parish": null, "parish:wikidata": null, "parish:wikipedia": null, "shrine": null, "shrine:name": null, "shrine:type": null, "start_date": null, "wikimedia_commons": null, "building:colour": null, "building:material": null, "roof:colour": null, "roof:material": null, "theatre:type": null, "admin_level": null, "website:ua": null, "emergency": null, "note": null, "layer": null, "level": null, "panoramax": null, "payment:cards": null, "payment:cash": null, "payment:qr_code": null, "cuisine": null, "drive_through": null, "smoking": null, "takeaway": null, "name:lt": null, "brewery": null, "outdoor_seating": null, "healthcare": null, "name:pl": null, "name:uk": null, "building:levels:underground": null, "source:geometry": null, "source": null, "service:vehicle:glass": null, "service:vehicle:glass_repair": null, "power": null, "addr:housename": null, "man_made": null, "internet_access": null, "internet_access:fee": null, "roof:shape": null, "stars": null, "tourism": null, "museum": null, "ref:ckkp": null, "townhall:type": null, "leisure": null, "social_facility": null, "social_facility:for": null, "fuel:HGV_diesel": null, "fuel:diesel": null, "fuel:lpg": null, "fuel:octane_95": null, "fuel:octane_98": null, "payment:credit_cards": null, "second_hand": null, "service:vehicle:air_conditioning": null, "service:vehicle:car_repair": null, "service:vehicle:new_car_sales": null, "service:vehicle:oil_change": null, "service:vehicle:repairs": null, "service:vehicle:tyres": null, "service:vehicle:used_car_sales": null, "sport": null, "payment:debit_cards": null, "payment:maestro": null, "payment:mastercard": null, "payment:visa": null, "payment:visa_electron": null, "rooms": null, "check_date": null, "railway": null, "railway:ref": null, "railway:signal_box": null, "bus": null, "public_transport": null, "access": null, "changing_table": null, "fee": null, "toilets:disposal": null, "unisex": null, "ref:csioz": null, "contact:phone": null, "contact:email": null, "contact:website": null, "capacity": null, "isced:level": null, "nursery": null, "operator:website": null, "source:amenity": null, "roof:direction": null, "beds": null, "payment:credit_card": null, "payment:girocard": null, "operator:type": null, "indoor": null, "entrance": null, "frequency": null, "location": null, "substation": null, "voltage": null, "fixme": null, "maxwidth": null, "payment:dkv": null, "payment:routex": null, "payment:uta": null, "branch": null, "roof:orientation": null, "communication:mobile_phone": null, "material": null, "tower:construction": null, "tower:type": null, "name:en": null, "addr:place": null, "name:pdc": null, "service:vehicle:window_tinting": null, "service:vehicle:windshields": null, "craft": null, "bench": null, "roof:height": null, "shelter_type": null, "building:part": null, "service": null, "atm": null, "blood:whole": null, "description": null, "construction": null, "wholesale": null, "type": null, "height_nmt": 170.9600067138672, "height_nmpt": 175.42999267578125, "height_obj": 4.4699859619140625}, "geometry": {"type": "Polygon", "coordinates": [[[22.9288023, 54.10706909999999], [22.9288995, 54.1070718], [22.9289266, 54.106736199999986], [22.9288293, 54.10673349999999], [22.9288023, 54.10706909999999]]]}}, {"id": "37", "type": "Feature", "properties": {"element": "way", "id": 188352825, "addr:city": "Suwa\u0142ki", "addr:city:simc": null, "addr:housenumber": "130", "addr:postcode": "16-400", "addr:street": "Tadeusza Ko\u015bciuszki", "amenity": null, "building": "yes", "deanery": null, "denomination": null, "diocese": null, "heritage": null, "heritage:operator": null, "image": null, "name": null, "ref:nid": null, "religion": null, "source:addr": null, "url": null, "wikidata": null, "wikipedia": null, "building:levels": null, "operator:wikidata": null, "operator:wikipedia": null, "roof:levels": null, "website": null, "height": null, "ref": null, "short_name": null, "alt_name": null, "historic": null, "atm_ref": null, "brand": null, "brand:wikidata": null, "millennium:date": null, "millennium:network": null, "millennium:ref": null, "millennium:subtype": null, "opening_hours": null, "operator": null, "shop": null, "brand:wikipedia": null, "check_date:opening_hours": null, "toilets:wheelchair": null, "wheelchair": null, "source:building": null, "email": null, "fax": null, "government": null, "office": null, "official_name": null, "phone": null, "source:office": null, "addr:country": null, "addr:street:sym_ul": null, "church:id": null, "church:type": null, "name:etymology:wikidata": null, "name:etymology:wikipedia": null, "parish": null, "parish:wikidata": null, "parish:wikipedia": null, "shrine": null, "shrine:name": null, "shrine:type": null, "start_date": null, "wikimedia_commons": null, "building:colour": null, "building:material": null, "roof:colour": null, "roof:material": null, "theatre:type": null, "admin_level": null, "website:ua": null, "emergency": null, "note": null, "layer": null, "level": null, "panoramax": null, "payment:cards": null, "payment:cash": null, "payment:qr_code": null, "cuisine": null, "drive_through": null, "smoking": null, "takeaway": null, "name:lt": null, "brewery": null, "outdoor_seating": null, "healthcare": null, "name:pl": null, "name:uk": null, "building:levels:underground": null, "source:geometry": null, "source": null, "service:vehicle:glass": null, "service:vehicle:glass_repair": null, "power": null, "addr:housename": null, "man_made": null, "internet_access": null, "internet_access:fee": null, "roof:shape": null, "stars": null, "tourism": null, "museum": null, "ref:ckkp": null, "townhall:type": null, "leisure": null, "social_facility": null, "social_facility:for": null, "fuel:HGV_diesel": null, "fuel:diesel": null, "fuel:lpg": null, "fuel:octane_95": null, "fuel:octane_98": null, "payment:credit_cards": null, "second_hand": null, "service:vehicle:air_conditioning": null, "service:vehicle:car_repair": null, "service:vehicle:new_car_sales": null, "service:vehicle:oil_change": null, "service:vehicle:repairs": null, "service:vehicle:tyres": null, "service:vehicle:used_car_sales": null, "sport": null, "payment:debit_cards": null, "payment:maestro": null, "payment:mastercard": null, "payment:visa": null, "payment:visa_electron": null, "rooms": null, "check_date": null, "railway": null, "railway:ref": null, "railway:signal_box": null, "bus": null, "public_transport": null, "access": null, "changing_table": null, "fee": null, "toilets:disposal": null, "unisex": null, "ref:csioz": null, "contact:phone": null, "contact:email": null, "contact:website": null, "capacity": null, "isced:level": null, "nursery": null, "operator:website": null, "source:amenity": null, "roof:direction": null, "beds": null, "payment:credit_card": null, "payment:girocard": null, "operator:type": null, "indoor": null, "entrance": null, "frequency": null, "location": null, "substation": null, "voltage": null, "fixme": null, "maxwidth": null, "payment:dkv": null, "payment:routex": null, "payment:uta": null, "branch": null, "roof:orientation": null, "communication:mobile_phone": null, "material": null, "tower:construction": null, "tower:type": null, "name:en": null, "addr:place": null, "name:pdc": null, "service:vehicle:window_tinting": null, "service:vehicle:windshields": null, "craft": null, "bench": null, "roof:height": null, "shelter_type": null, "building:part": null, "service": null, "atm": null, "blood:whole": null, "description": null, "construction": null, "wholesale": null, "type": null, "height_nmt": 171.8699951171875, "height_nmpt": 180.8000030517578, "height_obj": 8.930007934570312}, "geometry": {"type": "Polygon", "coordinates": [[[22.928021, 54.107226499999996], [22.9281706, 54.10722999999999], [22.928181700000003, 54.10706809999999], [22.9280321, 54.1070646], [22.928021, 54.107226499999996]]]}}, {"id": "38", "type": "Feature", "properties": {"element": "way", "id": 188352827, "addr:city": null, "addr:city:simc": null, "addr:housenumber": null, "addr:postcode": null, "addr:street": null, "amenity": null, "building": "garage", "deanery": null, "denomination": null, "diocese": null, "heritage": null, "heritage:operator": null, "image": null, "name": null, "ref:nid": null, "religion": null, "source:addr": null, "url": null, "wikidata": null, "wikipedia": null, "building:levels": null, "operator:wikidata": null, "operator:wikipedia": null, "roof:levels": null, "website": null, "height": null, "ref": null, "short_name": null, "alt_name": null, "historic": null, "atm_ref": null, "brand": null, "brand:wikidata": null, "millennium:date": null, "millennium:network": null, "millennium:ref": null, "millennium:subtype": null, "opening_hours": null, "operator": null, "shop": null, "brand:wikipedia": null, "check_date:opening_hours": null, "toilets:wheelchair": null, "wheelchair": null, "source:building": null, "email": null, "fax": null, "government": null, "office": null, "official_name": null, "phone": null, "source:office": null, "addr:country": null, "addr:street:sym_ul": null, "church:id": null, "church:type": null, "name:etymology:wikidata": null, "name:etymology:wikipedia": null, "parish": null, "parish:wikidata": null, "parish:wikipedia": null, "shrine": null, "shrine:name": null, "shrine:type": null, "start_date": null, "wikimedia_commons": null, "building:colour": null, "building:material": null, "roof:colour": null, "roof:material": null, "theatre:type": null, "admin_level": null, "website:ua": null, "emergency": null, "note": null, "layer": null, "level": null, "panoramax": null, "payment:cards": null, "payment:cash": null, "payment:qr_code": null, "cuisine": null, "drive_through": null, "smoking": null, "takeaway": null, "name:lt": null, "brewery": null, "outdoor_seating": null, "healthcare": null, "name:pl": null, "name:uk": null, "building:levels:underground": null, "source:geometry": null, "source": null, "service:vehicle:glass": null, "service:vehicle:glass_repair": null, "power": null, "addr:housename": null, "man_made": null, "internet_access": null, "internet_access:fee": null, "roof:shape": null, "stars": null, "tourism": null, "museum": null, "ref:ckkp": null, "townhall:type": null, "leisure": null, "social_facility": null, "social_facility:for": null, "fuel:HGV_diesel": null, "fuel:diesel": null, "fuel:lpg": null, "fuel:octane_95": null, "fuel:octane_98": null, "payment:credit_cards": null, "second_hand": null, "service:vehicle:air_conditioning": null, "service:vehicle:car_repair": null, "service:vehicle:new_car_sales": null, "service:vehicle:oil_change": null, "service:vehicle:repairs": null, "service:vehicle:tyres": null, "service:vehicle:used_car_sales": null, "sport": null, "payment:debit_cards": null, "payment:maestro": null, "payment:mastercard": null, "payment:visa": null, "payment:visa_electron": null, "rooms": null, "check_date": null, "railway": null, "railway:ref": null, "railway:signal_box": null, "bus": null, "public_transport": null, "access": null, "changing_table": null, "fee": null, "toilets:disposal": null, "unisex": null, "ref:csioz": null, "contact:phone": null, "contact:email": null, "contact:website": null, "capacity": null, "isced:level": null, "nursery": null, "operator:website": null, "source:amenity": null, "roof:direction": null, "beds": null, "payment:credit_card": null, "payment:girocard": null, "operator:type": null, "indoor": null, "entrance": null, "frequency": null, "location": null, "substation": null, "voltage": null, "fixme": null, "maxwidth": null, "payment:dkv": null, "payment:routex": null, "payment:uta": null, "branch": null, "roof:orientation": null, "communication:mobile_phone": null, "material": null, "tower:construction": null, "tower:type": null, "name:en": null, "addr:place": null, "name:pdc": null, "service:vehicle:window_tinting": null, "service:vehicle:windshields": null, "craft": null, "bench": null, "roof:height": null, "shelter_type": null, "building:part": null, "service": null, "atm": null, "blood:whole": null, "description": null, "construction": null, "wholesale": null, "type": null, "height_nmt": 170.85000610351562, "height_nmpt": 179.32000732421875, "height_obj": 8.470001220703125}, "geometry": {"type": "Polygon", "coordinates": [[[22.930842799999997, 54.10726069999999], [22.9308518, 54.107192899999994], [22.9308559, 54.1071681], [22.9310554, 54.1071778], [22.9310494, 54.107219799999996], [22.9311019, 54.107222400000005], [22.9310947, 54.1072729], [22.930842799999997, 54.10726069999999]]]}}, {"id": "39", "type": "Feature", "properties": {"element": "way", "id": 188352828, "addr:city": "Suwa\u0142ki", "addr:city:simc": null, "addr:housenumber": "1", "addr:postcode": "16-400", "addr:street": "Genera\u0142a J\u00f3zefa Dwernickiego", "amenity": null, "building": "yes", "deanery": null, "denomination": null, "diocese": null, "heritage": null, "heritage:operator": null, "image": null, "name": null, "ref:nid": null, "religion": null, "source:addr": null, "url": null, "wikidata": null, "wikipedia": null, "building:levels": null, "operator:wikidata": null, "operator:wikipedia": null, "roof:levels": null, "website": null, "height": null, "ref": null, "short_name": null, "alt_name": null, "historic": null, "atm_ref": null, "brand": null, "brand:wikidata": null, "millennium:date": null, "millennium:network": null, "millennium:ref": null, "millennium:subtype": null, "opening_hours": null, "operator": null, "shop": null, "brand:wikipedia": null, "check_date:opening_hours": null, "toilets:wheelchair": null, "wheelchair": null, "source:building": null, "email": null, "fax": null, "government": null, "office": null, "official_name": null, "phone": null, "source:office": null, "addr:country": null, "addr:street:sym_ul": null, "church:id": null, "church:type": null, "name:etymology:wikidata": null, "name:etymology:wikipedia": null, "parish": null, "parish:wikidata": null, "parish:wikipedia": null, "shrine": null, "shrine:name": null, "shrine:type": null, "start_date": null, "wikimedia_commons": null, "building:colour": null, "building:material": null, "roof:colour": null, "roof:material": null, "theatre:type": null, "admin_level": null, "website:ua": null, "emergency": null, "note": null, "layer": null, "level": null, "panoramax": null, "payment:cards": null, "payment:cash": null, "payment:qr_code": null, "cuisine": null, "drive_through": null, "smoking": null, "takeaway": null, "name:lt": null, "brewery": null, "outdoor_seating": null, "healthcare": null, "name:pl": null, "name:uk": null, "building:levels:underground": null, "source:geometry": null, "source": null, "service:vehicle:glass": null, "service:vehicle:glass_repair": null, "power": null, "addr:housename": null, "man_made": null, "internet_access": null, "internet_access:fee": null, "roof:shape": null, "stars": null, "tourism": null, "museum": null, "ref:ckkp": null, "townhall:type": null, "leisure": null, "social_facility": null, "social_facility:for": null, "fuel:HGV_diesel": null, "fuel:diesel": null, "fuel:lpg": null, "fuel:octane_95": null, "fuel:octane_98": null, "payment:credit_cards": null, "second_hand": null, "service:vehicle:air_conditioning": null, "service:vehicle:car_repair": null, "service:vehicle:new_car_sales": null, "service:vehicle:oil_change": null, "service:vehicle:repairs": null, "service:vehicle:tyres": null, "service:vehicle:used_car_sales": null, "sport": null, "payment:debit_cards": null, "payment:maestro": null, "payment:mastercard": null, "payment:visa": null, "payment:visa_electron": null, "rooms": null, "check_date": null, "railway": null, "railway:ref": null, "railway:signal_box": null, "bus": null, "public_transport": null, "access": null, "changing_table": null, "fee": null, "toilets:disposal": null, "unisex": null, "ref:csioz": null, "contact:phone": null, "contact:email": null, "contact:website": null, "capacity": null, "isced:level": null, "nursery": null, "operator:website": null, "source:amenity": null, "roof:direction": null, "beds": null, "payment:credit_card": null, "payment:girocard": null, "operator:type": null, "indoor": null, "entrance": null, "frequency": null, "location": null, "substation": null, "voltage": null, "fixme": null, "maxwidth": null, "payment:dkv": null, "payment:routex": null, "payment:uta": null, "branch": null, "roof:orientation": null, "communication:mobile_phone": null, "material": null, "tower:construction": null, "tower:type": null, "name:en": null, "addr:place": null, "name:pdc": null, "service:vehicle:window_tinting": null, "service:vehicle:windshields": null, "craft": null, "bench": null, "roof:height": null, "shelter_type": null, "building:part": null, "service": null, "atm": null, "blood:whole": null, "description": null, "construction": null, "wholesale": null, "type": null, "height_nmt": 171.1199951171875, "height_nmpt": 178.4199981689453, "height_obj": 7.3000030517578125}, "geometry": {"type": "Polygon", "coordinates": [[[22.928831600000002, 54.1067069], [22.9288405, 54.10661470000001], [22.929073199999998, 54.10662249999999], [22.9290642, 54.1067146], [22.928831600000002, 54.1067069]]]}}, {"id": "40", "type": "Feature", "properties": {"element": "way", "id": 188352831, "addr:city": "Suwa\u0142ki", "addr:city:simc": null, "addr:housenumber": "5", "addr:postcode": "16-400", "addr:street": "Genera\u0142a J\u00f3zefa Dwernickiego", "amenity": null, "building": "yes", "deanery": null, "denomination": null, "diocese": null, "heritage": null, "heritage:operator": null, "image": null, "name": null, "ref:nid": null, "religion": null, "source:addr": null, "url": null, "wikidata": null, "wikipedia": null, "building:levels": null, "operator:wikidata": null, "operator:wikipedia": null, "roof:levels": null, "website": null, "height": null, "ref": null, "short_name": null, "alt_name": null, "historic": null, "atm_ref": null, "brand": null, "brand:wikidata": null, "millennium:date": null, "millennium:network": null, "millennium:ref": null, "millennium:subtype": null, "opening_hours": null, "operator": null, "shop": null, "brand:wikipedia": null, "check_date:opening_hours": null, "toilets:wheelchair": null, "wheelchair": null, "source:building": null, "email": null, "fax": null, "government": null, "office": null, "official_name": null, "phone": null, "source:office": null, "addr:country": null, "addr:street:sym_ul": null, "church:id": null, "church:type": null, "name:etymology:wikidata": null, "name:etymology:wikipedia": null, "parish": null, "parish:wikidata": null, "parish:wikipedia": null, "shrine": null, "shrine:name": null, "shrine:type": null, "start_date": null, "wikimedia_commons": null, "building:colour": null, "building:material": null, "roof:colour": null, "roof:material": null, "theatre:type": null, "admin_level": null, "website:ua": null, "emergency": null, "note": null, "layer": null, "level": null, "panoramax": null, "payment:cards": null, "payment:cash": null, "payment:qr_code": null, "cuisine": null, "drive_through": null, "smoking": null, "takeaway": null, "name:lt": null, "brewery": null, "outdoor_seating": null, "healthcare": null, "name:pl": null, "name:uk": null, "building:levels:underground": null, "source:geometry": null, "source": null, "service:vehicle:glass": null, "service:vehicle:glass_repair": null, "power": null, "addr:housename": null, "man_made": null, "internet_access": null, "internet_access:fee": null, "roof:shape": null, "stars": null, "tourism": null, "museum": null, "ref:ckkp": null, "townhall:type": null, "leisure": null, "social_facility": null, "social_facility:for": null, "fuel:HGV_diesel": null, "fuel:diesel": null, "fuel:lpg": null, "fuel:octane_95": null, "fuel:octane_98": null, "payment:credit_cards": null, "second_hand": null, "service:vehicle:air_conditioning": null, "service:vehicle:car_repair": null, "service:vehicle:new_car_sales": null, "service:vehicle:oil_change": null, "service:vehicle:repairs": null, "service:vehicle:tyres": null, "service:vehicle:used_car_sales": null, "sport": null, "payment:debit_cards": null, "payment:maestro": null, "payment:mastercard": null, "payment:visa": null, "payment:visa_electron": null, "rooms": null, "check_date": null, "railway": null, "railway:ref": null, "railway:signal_box": null, "bus": null, "public_transport": null, "access": null, "changing_table": null, "fee": null, "toilets:disposal": null, "unisex": null, "ref:csioz": null, "contact:phone": null, "contact:email": null, "contact:website": null, "capacity": null, "isced:level": null, "nursery": null, "operator:website": null, "source:amenity": null, "roof:direction": null, "beds": null, "payment:credit_card": null, "payment:girocard": null, "operator:type": null, "indoor": null, "entrance": null, "frequency": null, "location": null, "substation": null, "voltage": null, "fixme": null, "maxwidth": null, "payment:dkv": null, "payment:routex": null, "payment:uta": null, "branch": null, "roof:orientation": null, "communication:mobile_phone": null, "material": null, "tower:construction": null, "tower:type": null, "name:en": null, "addr:place": null, "name:pdc": null, "service:vehicle:window_tinting": null, "service:vehicle:windshields": null, "craft": null, "bench": null, "roof:height": null, "shelter_type": null, "building:part": null, "service": null, "atm": null, "blood:whole": null, "description": null, "construction": null, "wholesale": null, "type": null, "height_nmt": 171.32000732421875, "height_nmpt": 179.08999633789062, "height_obj": 7.769989013671875}, "geometry": {"type": "Polygon", "coordinates": [[[22.9295784, 54.10676329999999], [22.9295798, 54.106681], [22.929745699999998, 54.10668199999999], [22.9297443, 54.10676420000001], [22.9295784, 54.10676329999999]]]}}, {"id": "41", "type": "Feature", "properties": {"element": "way", "id": 188352832, "addr:city": null, "addr:city:simc": null, "addr:housenumber": null, "addr:postcode": null, "addr:street": null, "amenity": null, "building": "garage", "deanery": null, "denomination": null, "diocese": null, "heritage": null, "heritage:operator": null, "image": null, "name": null, "ref:nid": null, "religion": null, "source:addr": null, "url": null, "wikidata": null, "wikipedia": null, "building:levels": null, "operator:wikidata": null, "operator:wikipedia": null, "roof:levels": null, "website": null, "height": null, "ref": null, "short_name": null, "alt_name": null, "historic": null, "atm_ref": null, "brand": null, "brand:wikidata": null, "millennium:date": null, "millennium:network": null, "millennium:ref": null, "millennium:subtype": null, "opening_hours": null, "operator": null, "shop": null, "brand:wikipedia": null, "check_date:opening_hours": null, "toilets:wheelchair": null, "wheelchair": null, "source:building": null, "email": null, "fax": null, "government": null, "office": null, "official_name": null, "phone": null, "source:office": null, "addr:country": null, "addr:street:sym_ul": null, "church:id": null, "church:type": null, "name:etymology:wikidata": null, "name:etymology:wikipedia": null, "parish": null, "parish:wikidata": null, "parish:wikipedia": null, "shrine": null, "shrine:name": null, "shrine:type": null, "start_date": null, "wikimedia_commons": null, "building:colour": null, "building:material": null, "roof:colour": null, "roof:material": null, "theatre:type": null, "admin_level": null, "website:ua": null, "emergency": null, "note": null, "layer": null, "level": null, "panoramax": null, "payment:cards": null, "payment:cash": null, "payment:qr_code": null, "cuisine": null, "drive_through": null, "smoking": null, "takeaway": null, "name:lt": null, "brewery": null, "outdoor_seating": null, "healthcare": null, "name:pl": null, "name:uk": null, "building:levels:underground": null, "source:geometry": null, "source": null, "service:vehicle:glass": null, "service:vehicle:glass_repair": null, "power": null, "addr:housename": null, "man_made": null, "internet_access": null, "internet_access:fee": null, "roof:shape": null, "stars": null, "tourism": null, "museum": null, "ref:ckkp": null, "townhall:type": null, "leisure": null, "social_facility": null, "social_facility:for": null, "fuel:HGV_diesel": null, "fuel:diesel": null, "fuel:lpg": null, "fuel:octane_95": null, "fuel:octane_98": null, "payment:credit_cards": null, "second_hand": null, "service:vehicle:air_conditioning": null, "service:vehicle:car_repair": null, "service:vehicle:new_car_sales": null, "service:vehicle:oil_change": null, "service:vehicle:repairs": null, "service:vehicle:tyres": null, "service:vehicle:used_car_sales": null, "sport": null, "payment:debit_cards": null, "payment:maestro": null, "payment:mastercard": null, "payment:visa": null, "payment:visa_electron": null, "rooms": null, "check_date": null, "railway": null, "railway:ref": null, "railway:signal_box": null, "bus": null, "public_transport": null, "access": null, "changing_table": null, "fee": null, "toilets:disposal": null, "unisex": null, "ref:csioz": null, "contact:phone": null, "contact:email": null, "contact:website": null, "capacity": null, "isced:level": null, "nursery": null, "operator:website": null, "source:amenity": null, "roof:direction": null, "beds": null, "payment:credit_card": null, "payment:girocard": null, "operator:type": null, "indoor": null, "entrance": null, "frequency": null, "location": null, "substation": null, "voltage": null, "fixme": null, "maxwidth": null, "payment:dkv": null, "payment:routex": null, "payment:uta": null, "branch": null, "roof:orientation": null, "communication:mobile_phone": null, "material": null, "tower:construction": null, "tower:type": null, "name:en": null, "addr:place": null, "name:pdc": null, "service:vehicle:window_tinting": null, "service:vehicle:windshields": null, "craft": null, "bench": null, "roof:height": null, "shelter_type": null, "building:part": null, "service": null, "atm": null, "blood:whole": null, "description": null, "construction": null, "wholesale": null, "type": null, "height_nmt": 170.6199951171875, "height_nmpt": 173.80999755859375, "height_obj": 3.19000244140625}, "geometry": {"type": "Polygon", "coordinates": [[[22.9300603, 54.1073051], [22.930130099999996, 54.1073087], [22.9301484, 54.10718829999999], [22.9300785, 54.1071847], [22.9300603, 54.1073051]]]}}, {"id": "42", "type": "Feature", "properties": {"element": "way", "id": 188352835, "addr:city": "Suwa\u0142ki", "addr:city:simc": null, "addr:housenumber": "11", "addr:postcode": "16-400", "addr:street": "Genera\u0142a J\u00f3zefa Dwernickiego", "amenity": null, "building": "yes", "deanery": null, "denomination": null, "diocese": null, "heritage": null, "heritage:operator": null, "image": null, "name": null, "ref:nid": null, "religion": null, "source:addr": null, "url": null, "wikidata": null, "wikipedia": null, "building:levels": null, "operator:wikidata": null, "operator:wikipedia": null, "roof:levels": null, "website": null, "height": null, "ref": null, "short_name": null, "alt_name": null, "historic": null, "atm_ref": null, "brand": null, "brand:wikidata": null, "millennium:date": null, "millennium:network": null, "millennium:ref": null, "millennium:subtype": null, "opening_hours": null, "operator": null, "shop": null, "brand:wikipedia": null, "check_date:opening_hours": null, "toilets:wheelchair": null, "wheelchair": null, "source:building": null, "email": null, "fax": null, "government": null, "office": null, "official_name": null, "phone": null, "source:office": null, "addr:country": null, "addr:street:sym_ul": null, "church:id": null, "church:type": null, "name:etymology:wikidata": null, "name:etymology:wikipedia": null, "parish": null, "parish:wikidata": null, "parish:wikipedia": null, "shrine": null, "shrine:name": null, "shrine:type": null, "start_date": null, "wikimedia_commons": null, "building:colour": null, "building:material": null, "roof:colour": null, "roof:material": null, "theatre:type": null, "admin_level": null, "website:ua": null, "emergency": null, "note": null, "layer": null, "level": null, "panoramax": null, "payment:cards": null, "payment:cash": null, "payment:qr_code": null, "cuisine": null, "drive_through": null, "smoking": null, "takeaway": null, "name:lt": null, "brewery": null, "outdoor_seating": null, "healthcare": null, "name:pl": null, "name:uk": null, "building:levels:underground": null, "source:geometry": null, "source": null, "service:vehicle:glass": null, "service:vehicle:glass_repair": null, "power": null, "addr:housename": null, "man_made": null, "internet_access": null, "internet_access:fee": null, "roof:shape": null, "stars": null, "tourism": null, "museum": null, "ref:ckkp": null, "townhall:type": null, "leisure": null, "social_facility": null, "social_facility:for": null, "fuel:HGV_diesel": null, "fuel:diesel": null, "fuel:lpg": null, "fuel:octane_95": null, "fuel:octane_98": null, "payment:credit_cards": null, "second_hand": null, "service:vehicle:air_conditioning": null, "service:vehicle:car_repair": null, "service:vehicle:new_car_sales": null, "service:vehicle:oil_change": null, "service:vehicle:repairs": null, "service:vehicle:tyres": null, "service:vehicle:used_car_sales": null, "sport": null, "payment:debit_cards": null, "payment:maestro": null, "payment:mastercard": null, "payment:visa": null, "payment:visa_electron": null, "rooms": null, "check_date": null, "railway": null, "railway:ref": null, "railway:signal_box": null, "bus": null, "public_transport": null, "access": null, "changing_table": null, "fee": null, "toilets:disposal": null, "unisex": null, "ref:csioz": null, "contact:phone": null, "contact:email": null, "contact:website": null, "capacity": null, "isced:level": null, "nursery": null, "operator:website": null, "source:amenity": null, "roof:direction": null, "beds": null, "payment:credit_card": null, "payment:girocard": null, "operator:type": null, "indoor": null, "entrance": null, "frequency": null, "location": null, "substation": null, "voltage": null, "fixme": null, "maxwidth": null, "payment:dkv": null, "payment:routex": null, "payment:uta": null, "branch": null, "roof:orientation": null, "communication:mobile_phone": null, "material": null, "tower:construction": null, "tower:type": null, "name:en": null, "addr:place": null, "name:pdc": null, "service:vehicle:window_tinting": null, "service:vehicle:windshields": null, "craft": null, "bench": null, "roof:height": null, "shelter_type": null, "building:part": null, "service": null, "atm": null, "blood:whole": null, "description": null, "construction": null, "wholesale": null, "type": null, "height_nmt": 170.74000549316406, "height_nmpt": 177.52999877929688, "height_obj": 6.7899932861328125}, "geometry": {"type": "Polygon", "coordinates": [[[22.9307901, 54.106772299999996], [22.9307961, 54.10669930000001], [22.9309398, 54.10670329999999], [22.9309338, 54.106776299999986], [22.9307901, 54.106772299999996]]]}}, {"id": "43", "type": "Feature", "properties": {"element": "way", "id": 188352836, "addr:city": "Suwa\u0142ki", "addr:city:simc": null, "addr:housenumber": "3a", "addr:postcode": "16-400", "addr:street": "Genera\u0142a J\u00f3zefa Dwernickiego", "amenity": null, "building": "yes", "deanery": null, "denomination": null, "diocese": null, "heritage": null, "heritage:operator": null, "image": null, "name": null, "ref:nid": null, "religion": null, "source:addr": null, "url": null, "wikidata": null, "wikipedia": null, "building:levels": null, "operator:wikidata": null, "operator:wikipedia": null, "roof:levels": null, "website": null, "height": null, "ref": null, "short_name": null, "alt_name": null, "historic": null, "atm_ref": null, "brand": null, "brand:wikidata": null, "millennium:date": null, "millennium:network": null, "millennium:ref": null, "millennium:subtype": null, "opening_hours": null, "operator": null, "shop": null, "brand:wikipedia": null, "check_date:opening_hours": null, "toilets:wheelchair": null, "wheelchair": null, "source:building": null, "email": null, "fax": null, "government": null, "office": null, "official_name": null, "phone": null, "source:office": null, "addr:country": null, "addr:street:sym_ul": null, "church:id": null, "church:type": null, "name:etymology:wikidata": null, "name:etymology:wikipedia": null, "parish": null, "parish:wikidata": null, "parish:wikipedia": null, "shrine": null, "shrine:name": null, "shrine:type": null, "start_date": null, "wikimedia_commons": null, "building:colour": null, "building:material": null, "roof:colour": null, "roof:material": null, "theatre:type": null, "admin_level": null, "website:ua": null, "emergency": null, "note": null, "layer": null, "level": null, "panoramax": null, "payment:cards": null, "payment:cash": null, "payment:qr_code": null, "cuisine": null, "drive_through": null, "smoking": null, "takeaway": null, "name:lt": null, "brewery": null, "outdoor_seating": null, "healthcare": null, "name:pl": null, "name:uk": null, "building:levels:underground": null, "source:geometry": null, "source": null, "service:vehicle:glass": null, "service:vehicle:glass_repair": null, "power": null, "addr:housename": null, "man_made": null, "internet_access": null, "internet_access:fee": null, "roof:shape": null, "stars": null, "tourism": null, "museum": null, "ref:ckkp": null, "townhall:type": null, "leisure": null, "social_facility": null, "social_facility:for": null, "fuel:HGV_diesel": null, "fuel:diesel": null, "fuel:lpg": null, "fuel:octane_95": null, "fuel:octane_98": null, "payment:credit_cards": null, "second_hand": null, "service:vehicle:air_conditioning": null, "service:vehicle:car_repair": null, "service:vehicle:new_car_sales": null, "service:vehicle:oil_change": null, "service:vehicle:repairs": null, "service:vehicle:tyres": null, "service:vehicle:used_car_sales": null, "sport": null, "payment:debit_cards": null, "payment:maestro": null, "payment:mastercard": null, "payment:visa": null, "payment:visa_electron": null, "rooms": null, "check_date": null, "railway": null, "railway:ref": null, "railway:signal_box": null, "bus": null, "public_transport": null, "access": null, "changing_table": null, "fee": null, "toilets:disposal": null, "unisex": null, "ref:csioz": null, "contact:phone": null, "contact:email": null, "contact:website": null, "capacity": null, "isced:level": null, "nursery": null, "operator:website": null, "source:amenity": null, "roof:direction": null, "beds": null, "payment:credit_card": null, "payment:girocard": null, "operator:type": null, "indoor": null, "entrance": null, "frequency": null, "location": null, "substation": null, "voltage": null, "fixme": null, "maxwidth": null, "payment:dkv": null, "payment:routex": null, "payment:uta": null, "branch": null, "roof:orientation": null, "communication:mobile_phone": null, "material": null, "tower:construction": null, "tower:type": null, "name:en": null, "addr:place": null, "name:pdc": null, "service:vehicle:window_tinting": null, "service:vehicle:windshields": null, "craft": null, "bench": null, "roof:height": null, "shelter_type": null, "building:part": null, "service": null, "atm": null, "blood:whole": null, "description": null, "construction": null, "wholesale": null, "type": null, "height_nmt": 170.99000549316406, "height_nmpt": 177.7100067138672, "height_obj": 6.720001220703125}, "geometry": {"type": "Polygon", "coordinates": [[[22.9292999, 54.1070002], [22.9293024, 54.106925999999994], [22.9294354, 54.1069275], [22.9294329, 54.1070018], [22.9292999, 54.1070002]]]}}, {"id": "44", "type": "Feature", "properties": {"element": "way", "id": 188352839, "addr:city": null, "addr:city:simc": null, "addr:housenumber": null, "addr:postcode": null, "addr:street": null, "amenity": null, "building": "garage", "deanery": null, "denomination": null, "diocese": null, "heritage": null, "heritage:operator": null, "image": null, "name": null, "ref:nid": null, "religion": null, "source:addr": null, "url": null, "wikidata": null, "wikipedia": null, "building:levels": null, "operator:wikidata": null, "operator:wikipedia": null, "roof:levels": null, "website": null, "height": null, "ref": null, "short_name": null, "alt_name": null, "historic": null, "atm_ref": null, "brand": null, "brand:wikidata": null, "millennium:date": null, "millennium:network": null, "millennium:ref": null, "millennium:subtype": null, "opening_hours": null, "operator": null, "shop": null, "brand:wikipedia": null, "check_date:opening_hours": null, "toilets:wheelchair": null, "wheelchair": null, "source:building": null, "email": null, "fax": null, "government": null, "office": null, "official_name": null, "phone": null, "source:office": null, "addr:country": null, "addr:street:sym_ul": null, "church:id": null, "church:type": null, "name:etymology:wikidata": null, "name:etymology:wikipedia": null, "parish": null, "parish:wikidata": null, "parish:wikipedia": null, "shrine": null, "shrine:name": null, "shrine:type": null, "start_date": null, "wikimedia_commons": null, "building:colour": null, "building:material": null, "roof:colour": null, "roof:material": null, "theatre:type": null, "admin_level": null, "website:ua": null, "emergency": null, "note": null, "layer": null, "level": null, "panoramax": null, "payment:cards": null, "payment:cash": null, "payment:qr_code": null, "cuisine": null, "drive_through": null, "smoking": null, "takeaway": null, "name:lt": null, "brewery": null, "outdoor_seating": null, "healthcare": null, "name:pl": null, "name:uk": null, "building:levels:underground": null, "source:geometry": null, "source": null, "service:vehicle:glass": null, "service:vehicle:glass_repair": null, "power": null, "addr:housename": null, "man_made": null, "internet_access": null, "internet_access:fee": null, "roof:shape": null, "stars": null, "tourism": null, "museum": null, "ref:ckkp": null, "townhall:type": null, "leisure": null, "social_facility": null, "social_facility:for": null, "fuel:HGV_diesel": null, "fuel:diesel": null, "fuel:lpg": null, "fuel:octane_95": null, "fuel:octane_98": null, "payment:credit_cards": null, "second_hand": null, "service:vehicle:air_conditioning": null, "service:vehicle:car_repair": null, "service:vehicle:new_car_sales": null, "service:vehicle:oil_change": null, "service:vehicle:repairs": null, "service:vehicle:tyres": null, "service:vehicle:used_car_sales": null, "sport": null, "payment:debit_cards": null, "payment:maestro": null, "payment:mastercard": null, "payment:visa": null, "payment:visa_electron": null, "rooms": null, "check_date": null, "railway": null, "railway:ref": null, "railway:signal_box": null, "bus": null, "public_transport": null, "access": null, "changing_table": null, "fee": null, "toilets:disposal": null, "unisex": null, "ref:csioz": null, "contact:phone": null, "contact:email": null, "contact:website": null, "capacity": null, "isced:level": null, "nursery": null, "operator:website": null, "source:amenity": null, "roof:direction": null, "beds": null, "payment:credit_card": null, "payment:girocard": null, "operator:type": null, "indoor": null, "entrance": null, "frequency": null, "location": null, "substation": null, "voltage": null, "fixme": null, "maxwidth": null, "payment:dkv": null, "payment:routex": null, "payment:uta": null, "branch": null, "roof:orientation": null, "communication:mobile_phone": null, "material": null, "tower:construction": null, "tower:type": null, "name:en": null, "addr:place": null, "name:pdc": null, "service:vehicle:window_tinting": null, "service:vehicle:windshields": null, "craft": null, "bench": null, "roof:height": null, "shelter_type": null, "building:part": null, "service": null, "atm": null, "blood:whole": null, "description": null, "construction": null, "wholesale": null, "type": null, "height_nmt": 170.74000549316406, "height_nmpt": 173.86000061035156, "height_obj": 3.1199951171875}, "geometry": {"type": "Polygon", "coordinates": [[[22.9294496, 54.107308100000004], [22.9295172, 54.10731020000001], [22.92953, 54.107167999999994], [22.9294624, 54.1071659], [22.9294496, 54.107308100000004]]]}}, {"id": "45", "type": "Feature", "properties": {"element": "way", "id": 188353845, "addr:city": "Suwa\u0142ki", "addr:city:simc": "0977456", "addr:housenumber": "91a", "addr:postcode": "16-400", "addr:street": "Tadeusza Ko\u015bciuszki", "amenity": null, "building": "yes", "deanery": null, "denomination": null, "diocese": null, "heritage": null, "heritage:operator": null, "image": null, "name": null, "ref:nid": null, "religion": null, "source:addr": "EMUiA (emuia.gugik.gov.pl)", "url": null, "wikidata": null, "wikipedia": null, "building:levels": null, "operator:wikidata": null, "operator:wikipedia": null, "roof:levels": null, "website": null, "height": null, "ref": null, "short_name": null, "alt_name": null, "historic": null, "atm_ref": null, "brand": null, "brand:wikidata": null, "millennium:date": null, "millennium:network": null, "millennium:ref": null, "millennium:subtype": null, "opening_hours": null, "operator": null, "shop": null, "brand:wikipedia": null, "check_date:opening_hours": null, "toilets:wheelchair": null, "wheelchair": null, "source:building": null, "email": null, "fax": null, "government": null, "office": null, "official_name": null, "phone": null, "source:office": null, "addr:country": null, "addr:street:sym_ul": null, "church:id": null, "church:type": null, "name:etymology:wikidata": null, "name:etymology:wikipedia": null, "parish": null, "parish:wikidata": null, "parish:wikipedia": null, "shrine": null, "shrine:name": null, "shrine:type": null, "start_date": null, "wikimedia_commons": null, "building:colour": null, "building:material": null, "roof:colour": null, "roof:material": null, "theatre:type": null, "admin_level": null, "website:ua": null, "emergency": null, "note": null, "layer": null, "level": null, "panoramax": null, "payment:cards": null, "payment:cash": null, "payment:qr_code": null, "cuisine": null, "drive_through": null, "smoking": null, "takeaway": null, "name:lt": null, "brewery": null, "outdoor_seating": null, "healthcare": null, "name:pl": null, "name:uk": null, "building:levels:underground": null, "source:geometry": null, "source": null, "service:vehicle:glass": null, "service:vehicle:glass_repair": null, "power": null, "addr:housename": null, "man_made": null, "internet_access": null, "internet_access:fee": null, "roof:shape": null, "stars": null, "tourism": null, "museum": null, "ref:ckkp": null, "townhall:type": null, "leisure": null, "social_facility": null, "social_facility:for": null, "fuel:HGV_diesel": null, "fuel:diesel": null, "fuel:lpg": null, "fuel:octane_95": null, "fuel:octane_98": null, "payment:credit_cards": null, "second_hand": null, "service:vehicle:air_conditioning": null, "service:vehicle:car_repair": null, "service:vehicle:new_car_sales": null, "service:vehicle:oil_change": null, "service:vehicle:repairs": null, "service:vehicle:tyres": null, "service:vehicle:used_car_sales": null, "sport": null, "payment:debit_cards": null, "payment:maestro": null, "payment:mastercard": null, "payment:visa": null, "payment:visa_electron": null, "rooms": null, "check_date": null, "railway": null, "railway:ref": null, "railway:signal_box": null, "bus": null, "public_transport": null, "access": null, "changing_table": null, "fee": null, "toilets:disposal": null, "unisex": null, "ref:csioz": null, "contact:phone": null, "contact:email": null, "contact:website": null, "capacity": null, "isced:level": null, "nursery": null, "operator:website": null, "source:amenity": null, "roof:direction": null, "beds": null, "payment:credit_card": null, "payment:girocard": null, "operator:type": null, "indoor": null, "entrance": null, "frequency": null, "location": null, "substation": null, "voltage": null, "fixme": null, "maxwidth": null, "payment:dkv": null, "payment:routex": null, "payment:uta": null, "branch": null, "roof:orientation": null, "communication:mobile_phone": null, "material": null, "tower:construction": null, "tower:type": null, "name:en": null, "addr:place": null, "name:pdc": null, "service:vehicle:window_tinting": null, "service:vehicle:windshields": null, "craft": null, "bench": null, "roof:height": null, "shelter_type": null, "building:part": null, "service": null, "atm": null, "blood:whole": null, "description": null, "construction": null, "wholesale": null, "type": null, "height_nmt": 171.8000030517578, "height_nmpt": 187.8000030517578, "height_obj": 16.0}, "geometry": {"type": "Polygon", "coordinates": [[[22.9269052, 54.10559409999999], [22.9270828, 54.1055993], [22.927129, 54.1050581], [22.9269513, 54.10505289999999], [22.9269052, 54.10559409999999]]]}}, {"id": "46", "type": "Feature", "properties": {"element": "way", "id": 188353846, "addr:city": "Suwa\u0142ki", "addr:city:simc": "0977456", "addr:housenumber": "26", "addr:postcode": "16-400", "addr:street": "Emilii Plater", "amenity": null, "building": "yes", "deanery": null, "denomination": null, "diocese": null, "heritage": null, "heritage:operator": null, "image": null, "name": null, "ref:nid": null, "religion": null, "source:addr": "EMUiA (emuia.gugik.gov.pl)", "url": null, "wikidata": null, "wikipedia": null, "building:levels": null, "operator:wikidata": null, "operator:wikipedia": null, "roof:levels": null, "website": null, "height": null, "ref": null, "short_name": null, "alt_name": null, "historic": null, "atm_ref": null, "brand": null, "brand:wikidata": null, "millennium:date": null, "millennium:network": null, "millennium:ref": null, "millennium:subtype": null, "opening_hours": null, "operator": null, "shop": null, "brand:wikipedia": null, "check_date:opening_hours": null, "toilets:wheelchair": null, "wheelchair": null, "source:building": null, "email": null, "fax": null, "government": null, "office": null, "official_name": null, "phone": null, "source:office": null, "addr:country": null, "addr:street:sym_ul": null, "church:id": null, "church:type": null, "name:etymology:wikidata": null, "name:etymology:wikipedia": null, "parish": null, "parish:wikidata": null, "parish:wikipedia": null, "shrine": null, "shrine:name": null, "shrine:type": null, "start_date": null, "wikimedia_commons": null, "building:colour": null, "building:material": null, "roof:colour": null, "roof:material": null, "theatre:type": null, "admin_level": null, "website:ua": null, "emergency": null, "note": null, "layer": null, "level": null, "panoramax": null, "payment:cards": null, "payment:cash": null, "payment:qr_code": null, "cuisine": null, "drive_through": null, "smoking": null, "takeaway": null, "name:lt": null, "brewery": null, "outdoor_seating": null, "healthcare": null, "name:pl": null, "name:uk": null, "building:levels:underground": null, "source:geometry": null, "source": null, "service:vehicle:glass": null, "service:vehicle:glass_repair": null, "power": null, "addr:housename": null, "man_made": null, "internet_access": null, "internet_access:fee": null, "roof:shape": null, "stars": null, "tourism": null, "museum": null, "ref:ckkp": null, "townhall:type": null, "leisure": null, "social_facility": null, "social_facility:for": null, "fuel:HGV_diesel": null, "fuel:diesel": null, "fuel:lpg": null, "fuel:octane_95": null, "fuel:octane_98": null, "payment:credit_cards": null, "second_hand": null, "service:vehicle:air_conditioning": null, "service:vehicle:car_repair": null, "service:vehicle:new_car_sales": null, "service:vehicle:oil_change": null, "service:vehicle:repairs": null, "service:vehicle:tyres": null, "service:vehicle:used_car_sales": null, "sport": null, "payment:debit_cards": null, "payment:maestro": null, "payment:mastercard": null, "payment:visa": null, "payment:visa_electron": null, "rooms": null, "check_date": null, "railway": null, "railway:ref": null, "railway:signal_box": null, "bus": null, "public_transport": null, "access": null, "changing_table": null, "fee": null, "toilets:disposal": null, "unisex": null, "ref:csioz": null, "contact:phone": null, "contact:email": null, "contact:website": null, "capacity": null, "isced:level": null, "nursery": null, "operator:website": null, "source:amenity": null, "roof:direction": null, "beds": null, "payment:credit_card": null, "payment:girocard": null, "operator:type": null, "indoor": null, "entrance": null, "frequency": null, "location": null, "substation": null, "voltage": null, "fixme": null, "maxwidth": null, "payment:dkv": null, "payment:routex": null, "payment:uta": null, "branch": null, "roof:orientation": null, "communication:mobile_phone": null, "material": null, "tower:construction": null, "tower:type": null, "name:en": null, "addr:place": null, "name:pdc": null, "service:vehicle:window_tinting": null, "service:vehicle:windshields": null, "craft": null, "bench": null, "roof:height": null, "shelter_type": null, "building:part": null, "service": null, "atm": null, "blood:whole": null, "description": null, "construction": null, "wholesale": null, "type": null, "height_nmt": null, "height_nmpt": null, "height_obj": null}, "geometry": {"type": "Polygon", "coordinates": [[[22.9249064, 54.104847299999996], [22.925104799999996, 54.104849599999994], [22.925114, 54.104567599999996], [22.9249157, 54.1045654], [22.9249064, 54.104847299999996]]]}}, {"id": "47", "type": "Feature", "properties": {"element": "way", "id": 188353848, "addr:city": "Suwa\u0142ki", "addr:city:simc": "0977456", "addr:housenumber": "1", "addr:postcode": "16-400", "addr:street": "Paw\u0142a Suzina", "amenity": null, "building": "yes", "deanery": null, "denomination": null, "diocese": null, "heritage": null, "heritage:operator": null, "image": null, "name": null, "ref:nid": null, "religion": null, "source:addr": "EMUiA (emuia.gugik.gov.pl)", "url": null, "wikidata": null, "wikipedia": null, "building:levels": null, "operator:wikidata": null, "operator:wikipedia": null, "roof:levels": null, "website": null, "height": null, "ref": null, "short_name": null, "alt_name": null, "historic": null, "atm_ref": null, "brand": null, "brand:wikidata": null, "millennium:date": null, "millennium:network": null, "millennium:ref": null, "millennium:subtype": null, "opening_hours": null, "operator": null, "shop": null, "brand:wikipedia": null, "check_date:opening_hours": null, "toilets:wheelchair": null, "wheelchair": null, "source:building": null, "email": null, "fax": null, "government": null, "office": null, "official_name": null, "phone": null, "source:office": null, "addr:country": null, "addr:street:sym_ul": null, "church:id": null, "church:type": null, "name:etymology:wikidata": null, "name:etymology:wikipedia": null, "parish": null, "parish:wikidata": null, "parish:wikipedia": null, "shrine": null, "shrine:name": null, "shrine:type": null, "start_date": null, "wikimedia_commons": null, "building:colour": null, "building:material": null, "roof:colour": null, "roof:material": null, "theatre:type": null, "admin_level": null, "website:ua": null, "emergency": null, "note": null, "layer": null, "level": null, "panoramax": null, "payment:cards": null, "payment:cash": null, "payment:qr_code": null, "cuisine": null, "drive_through": null, "smoking": null, "takeaway": null, "name:lt": null, "brewery": null, "outdoor_seating": null, "healthcare": null, "name:pl": null, "name:uk": null, "building:levels:underground": null, "source:geometry": null, "source": null, "service:vehicle:glass": null, "service:vehicle:glass_repair": null, "power": null, "addr:housename": null, "man_made": null, "internet_access": null, "internet_access:fee": null, "roof:shape": null, "stars": null, "tourism": null, "museum": null, "ref:ckkp": null, "townhall:type": null, "leisure": null, "social_facility": null, "social_facility:for": null, "fuel:HGV_diesel": null, "fuel:diesel": null, "fuel:lpg": null, "fuel:octane_95": null, "fuel:octane_98": null, "payment:credit_cards": null, "second_hand": null, "service:vehicle:air_conditioning": null, "service:vehicle:car_repair": null, "service:vehicle:new_car_sales": null, "service:vehicle:oil_change": null, "service:vehicle:repairs": null, "service:vehicle:tyres": null, "service:vehicle:used_car_sales": null, "sport": null, "payment:debit_cards": null, "payment:maestro": null, "payment:mastercard": null, "payment:visa": null, "payment:visa_electron": null, "rooms": null, "check_date": null, "railway": null, "railway:ref": null, "railway:signal_box": null, "bus": null, "public_transport": null, "access": null, "changing_table": null, "fee": null, "toilets:disposal": null, "unisex": null, "ref:csioz": null, "contact:phone": null, "contact:email": null, "contact:website": null, "capacity": null, "isced:level": null, "nursery": null, "operator:website": null, "source:amenity": null, "roof:direction": null, "beds": null, "payment:credit_card": null, "payment:girocard": null, "operator:type": null, "indoor": null, "entrance": null, "frequency": null, "location": null, "substation": null, "voltage": null, "fixme": null, "maxwidth": null, "payment:dkv": null, "payment:routex": null, "payment:uta": null, "branch": null, "roof:orientation": null, "communication:mobile_phone": null, "material": null, "tower:construction": null, "tower:type": null, "name:en": null, "addr:place": null, "name:pdc": null, "service:vehicle:window_tinting": null, "service:vehicle:windshields": null, "craft": null, "bench": null, "roof:height": null, "shelter_type": null, "building:part": null, "service": null, "atm": null, "blood:whole": null, "description": null, "construction": null, "wholesale": null, "type": null, "height_nmt": 171.91000366210938, "height_nmpt": 188.02000427246094, "height_obj": 16.110000610351562}, "geometry": {"type": "Polygon", "coordinates": [[[22.92611, 54.106063199999994], [22.9262864, 54.106067499999995], [22.9263152, 54.10566089999999], [22.926138699999996, 54.105656599999996], [22.92611, 54.106063199999994]]]}}, {"id": "48", "type": "Feature", "properties": {"element": "way", "id": 188353849, "addr:city": "Suwa\u0142ki", "addr:city:simc": "0977456", "addr:housenumber": "28b", "addr:postcode": "16-400", "addr:street": "Emilii Plater", "amenity": null, "building": "yes", "deanery": null, "denomination": null, "diocese": null, "heritage": null, "heritage:operator": null, "image": null, "name": null, "ref:nid": null, "religion": null, "source:addr": "EMUiA (emuia.gugik.gov.pl)", "url": null, "wikidata": null, "wikipedia": null, "building:levels": null, "operator:wikidata": null, "operator:wikipedia": null, "roof:levels": null, "website": null, "height": null, "ref": null, "short_name": null, "alt_name": null, "historic": null, "atm_ref": null, "brand": null, "brand:wikidata": null, "millennium:date": null, "millennium:network": null, "millennium:ref": null, "millennium:subtype": null, "opening_hours": null, "operator": null, "shop": null, "brand:wikipedia": null, "check_date:opening_hours": null, "toilets:wheelchair": null, "wheelchair": null, "source:building": null, "email": null, "fax": null, "government": null, "office": null, "official_name": null, "phone": null, "source:office": null, "addr:country": null, "addr:street:sym_ul": null, "church:id": null, "church:type": null, "name:etymology:wikidata": null, "name:etymology:wikipedia": null, "parish": null, "parish:wikidata": null, "parish:wikipedia": null, "shrine": null, "shrine:name": null, "shrine:type": null, "start_date": null, "wikimedia_commons": null, "building:colour": null, "building:material": null, "roof:colour": null, "roof:material": null, "theatre:type": null, "admin_level": null, "website:ua": null, "emergency": null, "note": null, "layer": null, "level": null, "panoramax": null, "payment:cards": null, "payment:cash": null, "payment:qr_code": null, "cuisine": null, "drive_through": null, "smoking": null, "takeaway": null, "name:lt": null, "brewery": null, "outdoor_seating": null, "healthcare": null, "name:pl": null, "name:uk": null, "building:levels:underground": null, "source:geometry": null, "source": null, "service:vehicle:glass": null, "service:vehicle:glass_repair": null, "power": null, "addr:housename": null, "man_made": null, "internet_access": null, "internet_access:fee": null, "roof:shape": null, "stars": null, "tourism": null, "museum": null, "ref:ckkp": null, "townhall:type": null, "leisure": null, "social_facility": null, "social_facility:for": null, "fuel:HGV_diesel": null, "fuel:diesel": null, "fuel:lpg": null, "fuel:octane_95": null, "fuel:octane_98": null, "payment:credit_cards": null, "second_hand": null, "service:vehicle:air_conditioning": null, "service:vehicle:car_repair": null, "service:vehicle:new_car_sales": null, "service:vehicle:oil_change": null, "service:vehicle:repairs": null, "service:vehicle:tyres": null, "service:vehicle:used_car_sales": null, "sport": null, "payment:debit_cards": null, "payment:maestro": null, "payment:mastercard": null, "payment:visa": null, "payment:visa_electron": null, "rooms": null, "check_date": null, "railway": null, "railway:ref": null, "railway:signal_box": null, "bus": null, "public_transport": null, "access": null, "changing_table": null, "fee": null, "toilets:disposal": null, "unisex": null, "ref:csioz": null, "contact:phone": null, "contact:email": null, "contact:website": null, "capacity": null, "isced:level": null, "nursery": null, "operator:website": null, "source:amenity": null, "roof:direction": null, "beds": null, "payment:credit_card": null, "payment:girocard": null, "operator:type": null, "indoor": null, "entrance": null, "frequency": null, "location": null, "substation": null, "voltage": null, "fixme": null, "maxwidth": null, "payment:dkv": null, "payment:routex": null, "payment:uta": null, "branch": null, "roof:orientation": null, "communication:mobile_phone": null, "material": null, "tower:construction": null, "tower:type": null, "name:en": null, "addr:place": null, "name:pdc": null, "service:vehicle:window_tinting": null, "service:vehicle:windshields": null, "craft": null, "bench": null, "roof:height": null, "shelter_type": null, "building:part": null, "service": null, "atm": null, "blood:whole": null, "description": null, "construction": null, "wholesale": null, "type": null, "height_nmt": 171.44000244140625, "height_nmpt": 185.2100067138672, "height_obj": 13.770004272460938}, "geometry": {"type": "Polygon", "coordinates": [[[22.9260881, 54.104935499999996], [22.9266222, 54.1049456], [22.9266282, 54.10483750000001], [22.926094, 54.104827400000005], [22.9260881, 54.104935499999996]]]}}, {"id": "49", "type": "Feature", "properties": {"element": "way", "id": 188353852, "addr:city": "Suwa\u0142ki", "addr:city:simc": "0977456", "addr:housenumber": "28", "addr:postcode": "16-400", "addr:street": "Emilii Plater", "amenity": null, "building": "yes", "deanery": null, "denomination": null, "diocese": null, "heritage": null, "heritage:operator": null, "image": null, "name": null, "ref:nid": null, "religion": null, "source:addr": "EMUiA (emuia.gugik.gov.pl)", "url": null, "wikidata": null, "wikipedia": null, "building:levels": null, "operator:wikidata": null, "operator:wikipedia": null, "roof:levels": null, "website": null, "height": null, "ref": null, "short_name": null, "alt_name": null, "historic": null, "atm_ref": null, "brand": null, "brand:wikidata": null, "millennium:date": null, "millennium:network": null, "millennium:ref": null, "millennium:subtype": null, "opening_hours": null, "operator": null, "shop": null, "brand:wikipedia": null, "check_date:opening_hours": null, "toilets:wheelchair": null, "wheelchair": null, "source:building": null, "email": null, "fax": null, "government": null, "office": null, "official_name": null, "phone": null, "source:office": null, "addr:country": null, "addr:street:sym_ul": null, "church:id": null, "church:type": null, "name:etymology:wikidata": null, "name:etymology:wikipedia": null, "parish": null, "parish:wikidata": null, "parish:wikipedia": null, "shrine": null, "shrine:name": null, "shrine:type": null, "start_date": null, "wikimedia_commons": null, "building:colour": null, "building:material": null, "roof:colour": null, "roof:material": null, "theatre:type": null, "admin_level": null, "website:ua": null, "emergency": null, "note": null, "layer": null, "level": null, "panoramax": null, "payment:cards": null, "payment:cash": null, "payment:qr_code": null, "cuisine": null, "drive_through": null, "smoking": null, "takeaway": null, "name:lt": null, "brewery": null, "outdoor_seating": null, "healthcare": null, "name:pl": null, "name:uk": null, "building:levels:underground": null, "source:geometry": null, "source": null, "service:vehicle:glass": null, "service:vehicle:glass_repair": null, "power": null, "addr:housename": null, "man_made": null, "internet_access": null, "internet_access:fee": null, "roof:shape": null, "stars": null, "tourism": null, "museum": null, "ref:ckkp": null, "townhall:type": null, "leisure": null, "social_facility": null, "social_facility:for": null, "fuel:HGV_diesel": null, "fuel:diesel": null, "fuel:lpg": null, "fuel:octane_95": null, "fuel:octane_98": null, "payment:credit_cards": null, "second_hand": null, "service:vehicle:air_conditioning": null, "service:vehicle:car_repair": null, "service:vehicle:new_car_sales": null, "service:vehicle:oil_change": null, "service:vehicle:repairs": null, "service:vehicle:tyres": null, "service:vehicle:used_car_sales": null, "sport": null, "payment:debit_cards": null, "payment:maestro": null, "payment:mastercard": null, "payment:visa": null, "payment:visa_electron": null, "rooms": null, "check_date": null, "railway": null, "railway:ref": null, "railway:signal_box": null, "bus": null, "public_transport": null, "access": null, "changing_table": null, "fee": null, "toilets:disposal": null, "unisex": null, "ref:csioz": null, "contact:phone": null, "contact:email": null, "contact:website": null, "capacity": null, "isced:level": null, "nursery": null, "operator:website": null, "source:amenity": null, "roof:direction": null, "beds": null, "payment:credit_card": null, "payment:girocard": null, "operator:type": null, "indoor": null, "entrance": null, "frequency": null, "location": null, "substation": null, "voltage": null, "fixme": null, "maxwidth": null, "payment:dkv": null, "payment:routex": null, "payment:uta": null, "branch": null, "roof:orientation": null, "communication:mobile_phone": null, "material": null, "tower:construction": null, "tower:type": null, "name:en": null, "addr:place": null, "name:pdc": null, "service:vehicle:window_tinting": null, "service:vehicle:windshields": null, "craft": null, "bench": null, "roof:height": null, "shelter_type": null, "building:part": null, "service": null, "atm": null, "blood:whole": null, "description": null, "construction": null, "wholesale": null, "type": null, "height_nmt": 172.0500030517578, "height_nmpt": 188.14999389648438, "height_obj": 16.099990844726562}, "geometry": {"type": "Polygon", "coordinates": [[[22.9248817, 54.10554329999999], [22.9250695, 54.1055462], [22.9250855, 54.10518999999999], [22.9250935, 54.105012599999995], [22.9249057, 54.1050097], [22.9248817, 54.10554329999999]]]}}, {"id": "50", "type": "Feature", "properties": {"element": "way", "id": 188353853, "addr:city": "Suwa\u0142ki", "addr:city:simc": "0977456", "addr:housenumber": "43", "addr:postcode": "16-400", "addr:street": "Emilii Plater", "amenity": null, "building": "apartments", "deanery": null, "denomination": null, "diocese": null, "heritage": null, "heritage:operator": null, "image": null, "name": null, "ref:nid": null, "religion": null, "source:addr": "EMUiA (emuia.gugik.gov.pl)", "url": null, "wikidata": null, "wikipedia": null, "building:levels": "2", "operator:wikidata": null, "operator:wikipedia": null, "roof:levels": "1", "website": null, "height": null, "ref": null, "short_name": null, "alt_name": null, "historic": null, "atm_ref": null, "brand": null, "brand:wikidata": null, "millennium:date": null, "millennium:network": null, "millennium:ref": null, "millennium:subtype": null, "opening_hours": null, "operator": null, "shop": null, "brand:wikipedia": null, "check_date:opening_hours": null, "toilets:wheelchair": null, "wheelchair": null, "source:building": null, "email": null, "fax": null, "government": null, "office": null, "official_name": null, "phone": null, "source:office": null, "addr:country": null, "addr:street:sym_ul": null, "church:id": null, "church:type": null, "name:etymology:wikidata": null, "name:etymology:wikipedia": null, "parish": null, "parish:wikidata": null, "parish:wikipedia": null, "shrine": null, "shrine:name": null, "shrine:type": null, "start_date": null, "wikimedia_commons": null, "building:colour": null, "building:material": null, "roof:colour": null, "roof:material": null, "theatre:type": null, "admin_level": null, "website:ua": null, "emergency": null, "note": null, "layer": null, "level": null, "panoramax": null, "payment:cards": null, "payment:cash": null, "payment:qr_code": null, "cuisine": null, "drive_through": null, "smoking": null, "takeaway": null, "name:lt": null, "brewery": null, "outdoor_seating": null, "healthcare": null, "name:pl": null, "name:uk": null, "building:levels:underground": null, "source:geometry": null, "source": null, "service:vehicle:glass": null, "service:vehicle:glass_repair": null, "power": null, "addr:housename": null, "man_made": null, "internet_access": null, "internet_access:fee": null, "roof:shape": "gabled", "stars": null, "tourism": null, "museum": null, "ref:ckkp": null, "townhall:type": null, "leisure": null, "social_facility": null, "social_facility:for": null, "fuel:HGV_diesel": null, "fuel:diesel": null, "fuel:lpg": null, "fuel:octane_95": null, "fuel:octane_98": null, "payment:credit_cards": null, "second_hand": null, "service:vehicle:air_conditioning": null, "service:vehicle:car_repair": null, "service:vehicle:new_car_sales": null, "service:vehicle:oil_change": null, "service:vehicle:repairs": null, "service:vehicle:tyres": null, "service:vehicle:used_car_sales": null, "sport": null, "payment:debit_cards": null, "payment:maestro": null, "payment:mastercard": null, "payment:visa": null, "payment:visa_electron": null, "rooms": null, "check_date": null, "railway": null, "railway:ref": null, "railway:signal_box": null, "bus": null, "public_transport": null, "access": null, "changing_table": null, "fee": null, "toilets:disposal": null, "unisex": null, "ref:csioz": null, "contact:phone": null, "contact:email": null, "contact:website": null, "capacity": null, "isced:level": null, "nursery": null, "operator:website": null, "source:amenity": null, "roof:direction": null, "beds": null, "payment:credit_card": null, "payment:girocard": null, "operator:type": null, "indoor": null, "entrance": null, "frequency": null, "location": null, "substation": null, "voltage": null, "fixme": null, "maxwidth": null, "payment:dkv": null, "payment:routex": null, "payment:uta": null, "branch": null, "roof:orientation": null, "communication:mobile_phone": null, "material": null, "tower:construction": null, "tower:type": null, "name:en": null, "addr:place": null, "name:pdc": null, "service:vehicle:window_tinting": null, "service:vehicle:windshields": null, "craft": null, "bench": null, "roof:height": null, "shelter_type": null, "building:part": null, "service": null, "atm": null, "blood:whole": null, "description": null, "construction": null, "wholesale": null, "type": null, "height_nmt": 171.66000366210938, "height_nmpt": 183.25, "height_obj": 11.589996337890625}, "geometry": {"type": "Polygon", "coordinates": [[[22.9242704, 54.1056046], [22.924476, 54.1056121], [22.9244947, 54.1054359], [22.9242891, 54.1054284], [22.9242704, 54.1056046]]]}}, {"id": "51", "type": "Feature", "properties": {"element": "way", "id": 188353857, "addr:city": "Suwa\u0142ki", "addr:city:simc": "0977456", "addr:housenumber": "37", "addr:postcode": "16-400", "addr:street": "Emilii Plater", "amenity": null, "building": "apartments", "deanery": null, "denomination": null, "diocese": null, "heritage": null, "heritage:operator": null, "image": null, "name": null, "ref:nid": null, "religion": null, "source:addr": "EMUiA (emuia.gugik.gov.pl)", "url": null, "wikidata": null, "wikipedia": null, "building:levels": "4", "operator:wikidata": null, "operator:wikipedia": null, "roof:levels": null, "website": null, "height": null, "ref": null, "short_name": null, "alt_name": null, "historic": null, "atm_ref": null, "brand": null, "brand:wikidata": null, "millennium:date": null, "millennium:network": null, "millennium:ref": null, "millennium:subtype": null, "opening_hours": null, "operator": null, "shop": null, "brand:wikipedia": null, "check_date:opening_hours": null, "toilets:wheelchair": null, "wheelchair": null, "source:building": null, "email": null, "fax": null, "government": null, "office": null, "official_name": null, "phone": null, "source:office": null, "addr:country": null, "addr:street:sym_ul": null, "church:id": null, "church:type": null, "name:etymology:wikidata": null, "name:etymology:wikipedia": null, "parish": null, "parish:wikidata": null, "parish:wikipedia": null, "shrine": null, "shrine:name": null, "shrine:type": null, "start_date": null, "wikimedia_commons": null, "building:colour": null, "building:material": null, "roof:colour": null, "roof:material": null, "theatre:type": null, "admin_level": null, "website:ua": null, "emergency": null, "note": null, "layer": null, "level": null, "panoramax": null, "payment:cards": null, "payment:cash": null, "payment:qr_code": null, "cuisine": null, "drive_through": null, "smoking": null, "takeaway": null, "name:lt": null, "brewery": null, "outdoor_seating": null, "healthcare": null, "name:pl": null, "name:uk": null, "building:levels:underground": null, "source:geometry": null, "source": null, "service:vehicle:glass": null, "service:vehicle:glass_repair": null, "power": null, "addr:housename": null, "man_made": null, "internet_access": null, "internet_access:fee": null, "roof:shape": null, "stars": null, "tourism": null, "museum": null, "ref:ckkp": null, "townhall:type": null, "leisure": null, "social_facility": null, "social_facility:for": null, "fuel:HGV_diesel": null, "fuel:diesel": null, "fuel:lpg": null, "fuel:octane_95": null, "fuel:octane_98": null, "payment:credit_cards": null, "second_hand": null, "service:vehicle:air_conditioning": null, "service:vehicle:car_repair": null, "service:vehicle:new_car_sales": null, "service:vehicle:oil_change": null, "service:vehicle:repairs": null, "service:vehicle:tyres": null, "service:vehicle:used_car_sales": null, "sport": null, "payment:debit_cards": null, "payment:maestro": null, "payment:mastercard": null, "payment:visa": null, "payment:visa_electron": null, "rooms": null, "check_date": null, "railway": null, "railway:ref": null, "railway:signal_box": null, "bus": null, "public_transport": null, "access": null, "changing_table": null, "fee": null, "toilets:disposal": null, "unisex": null, "ref:csioz": null, "contact:phone": null, "contact:email": null, "contact:website": null, "capacity": null, "isced:level": null, "nursery": null, "operator:website": null, "source:amenity": null, "roof:direction": null, "beds": null, "payment:credit_card": null, "payment:girocard": null, "operator:type": null, "indoor": null, "entrance": null, "frequency": null, "location": null, "substation": null, "voltage": null, "fixme": null, "maxwidth": null, "payment:dkv": null, "payment:routex": null, "payment:uta": null, "branch": null, "roof:orientation": null, "communication:mobile_phone": null, "material": null, "tower:construction": null, "tower:type": null, "name:en": null, "addr:place": null, "name:pdc": null, "service:vehicle:window_tinting": null, "service:vehicle:windshields": null, "craft": null, "bench": null, "roof:height": null, "shelter_type": null, "building:part": null, "service": null, "atm": null, "blood:whole": null, "description": null, "construction": null, "wholesale": null, "type": null, "height_nmt": 171.49000549316406, "height_nmpt": 184.5800018310547, "height_obj": 13.089996337890625}, "geometry": {"type": "Polygon", "coordinates": [[[22.9234112, 54.104982299999996], [22.9238608, 54.1049973], [22.9238598, 54.10500729999999], [22.9241573, 54.1050172], [22.9241674, 54.1049127], [22.9238767, 54.10490299999999], [22.9238778, 54.1048917], [22.9234214, 54.104876499999996], [22.9234112, 54.104982299999996]]]}}, {"id": "52", "type": "Feature", "properties": {"element": "way", "id": 188353858, "addr:city": "Suwa\u0142ki", "addr:city:simc": "0977456", "addr:housenumber": "28c", "addr:postcode": "16-400", "addr:street": "Emilii Plater", "amenity": null, "building": "yes", "deanery": null, "denomination": null, "diocese": null, "heritage": null, "heritage:operator": null, "image": null, "name": null, "ref:nid": null, "religion": null, "source:addr": "EMUiA (emuia.gugik.gov.pl)", "url": null, "wikidata": null, "wikipedia": null, "building:levels": null, "operator:wikidata": null, "operator:wikipedia": null, "roof:levels": null, "website": null, "height": null, "ref": null, "short_name": null, "alt_name": null, "historic": null, "atm_ref": null, "brand": null, "brand:wikidata": null, "millennium:date": null, "millennium:network": null, "millennium:ref": null, "millennium:subtype": null, "opening_hours": null, "operator": null, "shop": null, "brand:wikipedia": null, "check_date:opening_hours": null, "toilets:wheelchair": null, "wheelchair": null, "source:building": null, "email": null, "fax": null, "government": null, "office": null, "official_name": null, "phone": null, "source:office": null, "addr:country": null, "addr:street:sym_ul": null, "church:id": null, "church:type": null, "name:etymology:wikidata": null, "name:etymology:wikipedia": null, "parish": null, "parish:wikidata": null, "parish:wikipedia": null, "shrine": null, "shrine:name": null, "shrine:type": null, "start_date": null, "wikimedia_commons": null, "building:colour": null, "building:material": null, "roof:colour": null, "roof:material": null, "theatre:type": null, "admin_level": null, "website:ua": null, "emergency": null, "note": null, "layer": null, "level": null, "panoramax": null, "payment:cards": null, "payment:cash": null, "payment:qr_code": null, "cuisine": null, "drive_through": null, "smoking": null, "takeaway": null, "name:lt": null, "brewery": null, "outdoor_seating": null, "healthcare": null, "name:pl": null, "name:uk": null, "building:levels:underground": null, "source:geometry": null, "source": null, "service:vehicle:glass": null, "service:vehicle:glass_repair": null, "power": null, "addr:housename": null, "man_made": null, "internet_access": null, "internet_access:fee": null, "roof:shape": null, "stars": null, "tourism": null, "museum": null, "ref:ckkp": null, "townhall:type": null, "leisure": null, "social_facility": null, "social_facility:for": null, "fuel:HGV_diesel": null, "fuel:diesel": null, "fuel:lpg": null, "fuel:octane_95": null, "fuel:octane_98": null, "payment:credit_cards": null, "second_hand": null, "service:vehicle:air_conditioning": null, "service:vehicle:car_repair": null, "service:vehicle:new_car_sales": null, "service:vehicle:oil_change": null, "service:vehicle:repairs": null, "service:vehicle:tyres": null, "service:vehicle:used_car_sales": null, "sport": null, "payment:debit_cards": null, "payment:maestro": null, "payment:mastercard": null, "payment:visa": null, "payment:visa_electron": null, "rooms": null, "check_date": null, "railway": null, "railway:ref": null, "railway:signal_box": null, "bus": null, "public_transport": null, "access": null, "changing_table": null, "fee": null, "toilets:disposal": null, "unisex": null, "ref:csioz": null, "contact:phone": null, "contact:email": null, "contact:website": null, "capacity": null, "isced:level": null, "nursery": null, "operator:website": null, "source:amenity": null, "roof:direction": null, "beds": null, "payment:credit_card": null, "payment:girocard": null, "operator:type": null, "indoor": null, "entrance": null, "frequency": null, "location": null, "substation": null, "voltage": null, "fixme": null, "maxwidth": null, "payment:dkv": null, "payment:routex": null, "payment:uta": null, "branch": null, "roof:orientation": null, "communication:mobile_phone": null, "material": null, "tower:construction": null, "tower:type": null, "name:en": null, "addr:place": null, "name:pdc": null, "service:vehicle:window_tinting": null, "service:vehicle:windshields": null, "craft": null, "bench": null, "roof:height": null, "shelter_type": null, "building:part": null, "service": null, "atm": null, "blood:whole": null, "description": null, "construction": null, "wholesale": null, "type": null, "height_nmt": 171.91000366210938, "height_nmpt": 181.8000030517578, "height_obj": 9.889999389648438}, "geometry": {"type": "Polygon", "coordinates": [[[22.9256761, 54.1053314], [22.9257007, 54.1053318], [22.925751399999996, 54.10533259999998], [22.9259352, 54.10533540000001], [22.9259335, 54.1053726], [22.926053, 54.1053744], [22.926055599999998, 54.10531559999999], [22.9259463, 54.10531389999999], [22.9259484, 54.1052668], [22.9259429, 54.105266799999995], [22.9259445, 54.1052302], [22.9256808, 54.10522610000001], [22.9256761, 54.1053314]]]}}, {"id": "53", "type": "Feature", "properties": {"element": "way", "id": 188353859, "addr:city": "Suwa\u0142ki", "addr:city:simc": "0977456", "addr:housenumber": "3", "addr:postcode": "16-400", "addr:street": "Paw\u0142a Suzina", "amenity": null, "building": "apartments", "deanery": null, "denomination": null, "diocese": null, "heritage": null, "heritage:operator": null, "image": null, "name": null, "ref:nid": null, "religion": null, "source:addr": "EMUiA (emuia.gugik.gov.pl)", "url": null, "wikidata": null, "wikipedia": null, "building:levels": "5", "operator:wikidata": null, "operator:wikipedia": null, "roof:levels": null, "website": null, "height": null, "ref": null, "short_name": null, "alt_name": null, "historic": null, "atm_ref": null, "brand": null, "brand:wikidata": null, "millennium:date": null, "millennium:network": null, "millennium:ref": null, "millennium:subtype": null, "opening_hours": null, "operator": null, "shop": null, "brand:wikipedia": null, "check_date:opening_hours": null, "toilets:wheelchair": null, "wheelchair": null, "source:building": "BDOT", "email": null, "fax": null, "government": null, "office": null, "official_name": null, "phone": null, "source:office": null, "addr:country": null, "addr:street:sym_ul": null, "church:id": null, "church:type": null, "name:etymology:wikidata": null, "name:etymology:wikipedia": null, "parish": null, "parish:wikidata": null, "parish:wikipedia": null, "shrine": null, "shrine:name": null, "shrine:type": null, "start_date": null, "wikimedia_commons": null, "building:colour": null, "building:material": null, "roof:colour": null, "roof:material": null, "theatre:type": null, "admin_level": null, "website:ua": null, "emergency": null, "note": null, "layer": null, "level": null, "panoramax": null, "payment:cards": null, "payment:cash": null, "payment:qr_code": null, "cuisine": null, "drive_through": null, "smoking": null, "takeaway": null, "name:lt": null, "brewery": null, "outdoor_seating": null, "healthcare": null, "name:pl": null, "name:uk": null, "building:levels:underground": null, "source:geometry": null, "source": null, "service:vehicle:glass": null, "service:vehicle:glass_repair": null, "power": null, "addr:housename": null, "man_made": null, "internet_access": null, "internet_access:fee": null, "roof:shape": null, "stars": null, "tourism": null, "museum": null, "ref:ckkp": null, "townhall:type": null, "leisure": null, "social_facility": null, "social_facility:for": null, "fuel:HGV_diesel": null, "fuel:diesel": null, "fuel:lpg": null, "fuel:octane_95": null, "fuel:octane_98": null, "payment:credit_cards": null, "second_hand": null, "service:vehicle:air_conditioning": null, "service:vehicle:car_repair": null, "service:vehicle:new_car_sales": null, "service:vehicle:oil_change": null, "service:vehicle:repairs": null, "service:vehicle:tyres": null, "service:vehicle:used_car_sales": null, "sport": null, "payment:debit_cards": null, "payment:maestro": null, "payment:mastercard": null, "payment:visa": null, "payment:visa_electron": null, "rooms": null, "check_date": null, "railway": null, "railway:ref": null, "railway:signal_box": null, "bus": null, "public_transport": null, "access": null, "changing_table": null, "fee": null, "toilets:disposal": null, "unisex": null, "ref:csioz": null, "contact:phone": null, "contact:email": null, "contact:website": null, "capacity": null, "isced:level": null, "nursery": null, "operator:website": null, "source:amenity": null, "roof:direction": null, "beds": null, "payment:credit_card": null, "payment:girocard": null, "operator:type": null, "indoor": null, "entrance": null, "frequency": null, "location": null, "substation": null, "voltage": null, "fixme": null, "maxwidth": null, "payment:dkv": null, "payment:routex": null, "payment:uta": null, "branch": null, "roof:orientation": null, "communication:mobile_phone": null, "material": null, "tower:construction": null, "tower:type": null, "name:en": null, "addr:place": null, "name:pdc": null, "service:vehicle:window_tinting": null, "service:vehicle:windshields": null, "craft": null, "bench": null, "roof:height": null, "shelter_type": null, "building:part": null, "service": null, "atm": null, "blood:whole": null, "description": null, "construction": null, "wholesale": null, "type": null, "height_nmt": 172.25999450683594, "height_nmpt": 188.36000061035156, "height_obj": 16.100006103515625}, "geometry": {"type": "Polygon", "coordinates": [[[22.9254882, 54.1060451], [22.9256581, 54.1060476], [22.925663, 54.1059771], [22.925672199999998, 54.1058448], [22.9256814, 54.1057118], [22.925686, 54.10564550000001], [22.9255132, 54.10564109999999], [22.9254882, 54.1060451]]]}}, {"id": "54", "type": "Feature", "properties": {"element": "way", "id": 188353863, "addr:city": "Suwa\u0142ki", "addr:city:simc": "0977456", "addr:housenumber": "91b", "addr:postcode": "16-400", "addr:street": "Tadeusza Ko\u015bciuszki", "amenity": null, "building": "yes", "deanery": null, "denomination": null, "diocese": null, "heritage": null, "heritage:operator": null, "image": null, "name": null, "ref:nid": null, "religion": null, "source:addr": "EMUiA (emuia.gugik.gov.pl)", "url": null, "wikidata": null, "wikipedia": null, "building:levels": null, "operator:wikidata": null, "operator:wikipedia": null, "roof:levels": null, "website": null, "height": null, "ref": null, "short_name": null, "alt_name": null, "historic": null, "atm_ref": null, "brand": null, "brand:wikidata": null, "millennium:date": null, "millennium:network": null, "millennium:ref": null, "millennium:subtype": null, "opening_hours": null, "operator": null, "shop": null, "brand:wikipedia": null, "check_date:opening_hours": null, "toilets:wheelchair": null, "wheelchair": null, "source:building": null, "email": null, "fax": null, "government": null, "office": null, "official_name": null, "phone": null, "source:office": null, "addr:country": null, "addr:street:sym_ul": null, "church:id": null, "church:type": null, "name:etymology:wikidata": null, "name:etymology:wikipedia": null, "parish": null, "parish:wikidata": null, "parish:wikipedia": null, "shrine": null, "shrine:name": null, "shrine:type": null, "start_date": null, "wikimedia_commons": null, "building:colour": null, "building:material": null, "roof:colour": null, "roof:material": null, "theatre:type": null, "admin_level": null, "website:ua": null, "emergency": null, "note": null, "layer": null, "level": null, "panoramax": null, "payment:cards": null, "payment:cash": null, "payment:qr_code": null, "cuisine": null, "drive_through": null, "smoking": null, "takeaway": null, "name:lt": null, "brewery": null, "outdoor_seating": null, "healthcare": null, "name:pl": null, "name:uk": null, "building:levels:underground": null, "source:geometry": null, "source": null, "service:vehicle:glass": null, "service:vehicle:glass_repair": null, "power": null, "addr:housename": null, "man_made": null, "internet_access": null, "internet_access:fee": null, "roof:shape": null, "stars": null, "tourism": null, "museum": null, "ref:ckkp": null, "townhall:type": null, "leisure": null, "social_facility": null, "social_facility:for": null, "fuel:HGV_diesel": null, "fuel:diesel": null, "fuel:lpg": null, "fuel:octane_95": null, "fuel:octane_98": null, "payment:credit_cards": null, "second_hand": null, "service:vehicle:air_conditioning": null, "service:vehicle:car_repair": null, "service:vehicle:new_car_sales": null, "service:vehicle:oil_change": null, "service:vehicle:repairs": null, "service:vehicle:tyres": null, "service:vehicle:used_car_sales": null, "sport": null, "payment:debit_cards": null, "payment:maestro": null, "payment:mastercard": null, "payment:visa": null, "payment:visa_electron": null, "rooms": null, "check_date": null, "railway": null, "railway:ref": null, "railway:signal_box": null, "bus": null, "public_transport": null, "access": null, "changing_table": null, "fee": null, "toilets:disposal": null, "unisex": null, "ref:csioz": null, "contact:phone": null, "contact:email": null, "contact:website": null, "capacity": null, "isced:level": null, "nursery": null, "operator:website": null, "source:amenity": null, "roof:direction": null, "beds": null, "payment:credit_card": null, "payment:girocard": null, "operator:type": null, "indoor": null, "entrance": null, "frequency": null, "location": null, "substation": null, "voltage": null, "fixme": null, "maxwidth": null, "payment:dkv": null, "payment:routex": null, "payment:uta": null, "branch": null, "roof:orientation": null, "communication:mobile_phone": null, "material": null, "tower:construction": null, "tower:type": null, "name:en": null, "addr:place": null, "name:pdc": null, "service:vehicle:window_tinting": null, "service:vehicle:windshields": null, "craft": null, "bench": null, "roof:height": null, "shelter_type": null, "building:part": null, "service": null, "atm": null, "blood:whole": null, "description": null, "construction": null, "wholesale": null, "type": null, "height_nmt": 172.14999389648438, "height_nmpt": 188.1300048828125, "height_obj": 15.980010986328125}, "geometry": {"type": "Polygon", "coordinates": [[[22.9262775, 54.10556110000001], [22.9263271, 54.1050336], [22.9264975, 54.1050392], [22.9264938, 54.1050788], [22.926448000000004, 54.10556659999999], [22.9262775, 54.10556110000001]]]}}, {"id": "55", "type": "Feature", "properties": {"element": "way", "id": 188353867, "addr:city": "Suwa\u0142ki", "addr:city:simc": "0977456", "addr:housenumber": "28a", "addr:postcode": "16-400", "addr:street": "Emilii Plater", "amenity": null, "building": "yes", "deanery": null, "denomination": null, "diocese": null, "heritage": null, "heritage:operator": null, "image": null, "name": null, "ref:nid": null, "religion": null, "source:addr": "EMUiA (emuia.gugik.gov.pl)", "url": null, "wikidata": null, "wikipedia": null, "building:levels": null, "operator:wikidata": null, "operator:wikipedia": null, "roof:levels": null, "website": null, "height": null, "ref": null, "short_name": null, "alt_name": null, "historic": null, "atm_ref": null, "brand": null, "brand:wikidata": null, "millennium:date": null, "millennium:network": null, "millennium:ref": null, "millennium:subtype": null, "opening_hours": null, "operator": null, "shop": null, "brand:wikipedia": null, "check_date:opening_hours": null, "toilets:wheelchair": null, "wheelchair": null, "source:building": null, "email": null, "fax": null, "government": null, "office": null, "official_name": null, "phone": null, "source:office": null, "addr:country": null, "addr:street:sym_ul": null, "church:id": null, "church:type": null, "name:etymology:wikidata": null, "name:etymology:wikipedia": null, "parish": null, "parish:wikidata": null, "parish:wikipedia": null, "shrine": null, "shrine:name": null, "shrine:type": null, "start_date": null, "wikimedia_commons": null, "building:colour": null, "building:material": null, "roof:colour": null, "roof:material": null, "theatre:type": null, "admin_level": null, "website:ua": null, "emergency": null, "note": null, "layer": null, "level": null, "panoramax": null, "payment:cards": null, "payment:cash": null, "payment:qr_code": null, "cuisine": null, "drive_through": null, "smoking": null, "takeaway": null, "name:lt": null, "brewery": null, "outdoor_seating": null, "healthcare": null, "name:pl": null, "name:uk": null, "building:levels:underground": null, "source:geometry": null, "source": null, "service:vehicle:glass": null, "service:vehicle:glass_repair": null, "power": null, "addr:housename": null, "man_made": null, "internet_access": null, "internet_access:fee": null, "roof:shape": null, "stars": null, "tourism": null, "museum": null, "ref:ckkp": null, "townhall:type": null, "leisure": null, "social_facility": null, "social_facility:for": null, "fuel:HGV_diesel": null, "fuel:diesel": null, "fuel:lpg": null, "fuel:octane_95": null, "fuel:octane_98": null, "payment:credit_cards": null, "second_hand": null, "service:vehicle:air_conditioning": null, "service:vehicle:car_repair": null, "service:vehicle:new_car_sales": null, "service:vehicle:oil_change": null, "service:vehicle:repairs": null, "service:vehicle:tyres": null, "service:vehicle:used_car_sales": null, "sport": null, "payment:debit_cards": null, "payment:maestro": null, "payment:mastercard": null, "payment:visa": null, "payment:visa_electron": null, "rooms": null, "check_date": null, "railway": null, "railway:ref": null, "railway:signal_box": null, "bus": null, "public_transport": null, "access": null, "changing_table": null, "fee": null, "toilets:disposal": null, "unisex": null, "ref:csioz": null, "contact:phone": null, "contact:email": null, "contact:website": null, "capacity": null, "isced:level": null, "nursery": null, "operator:website": null, "source:amenity": null, "roof:direction": null, "beds": null, "payment:credit_card": null, "payment:girocard": null, "operator:type": null, "indoor": null, "entrance": null, "frequency": null, "location": null, "substation": null, "voltage": null, "fixme": null, "maxwidth": null, "payment:dkv": null, "payment:routex": null, "payment:uta": null, "branch": null, "roof:orientation": null, "communication:mobile_phone": null, "material": null, "tower:construction": null, "tower:type": null, "name:en": null, "addr:place": null, "name:pdc": null, "service:vehicle:window_tinting": null, "service:vehicle:windshields": null, "craft": null, "bench": null, "roof:height": null, "shelter_type": null, "building:part": null, "service": null, "atm": null, "blood:whole": null, "description": null, "construction": null, "wholesale": null, "type": null, "height_nmt": 171.50999450683594, "height_nmpt": 184.66000366210938, "height_obj": 13.150009155273438}, "geometry": {"type": "Polygon", "coordinates": [[[22.925295299999995, 54.104929399999996], [22.9258296, 54.10494080000001], [22.9258362, 54.1048346], [22.9253019, 54.1048232], [22.925295299999995, 54.104929399999996]]]}}, {"id": "56", "type": "Feature", "properties": {"element": "way", "id": 188353868, "addr:city": "Suwa\u0142ki", "addr:city:simc": "0977456", "addr:housenumber": "30", "addr:postcode": "16-400", "addr:street": "Emilii Plater", "amenity": null, "building": "apartments", "deanery": null, "denomination": null, "diocese": null, "heritage": null, "heritage:operator": null, "image": null, "name": null, "ref:nid": null, "religion": null, "source:addr": "EMUiA (emuia.gugik.gov.pl)", "url": null, "wikidata": null, "wikipedia": null, "building:levels": "5", "operator:wikidata": null, "operator:wikipedia": null, "roof:levels": null, "website": null, "height": null, "ref": null, "short_name": null, "alt_name": null, "historic": null, "atm_ref": null, "brand": null, "brand:wikidata": null, "millennium:date": null, "millennium:network": null, "millennium:ref": null, "millennium:subtype": null, "opening_hours": null, "operator": null, "shop": null, "brand:wikipedia": null, "check_date:opening_hours": null, "toilets:wheelchair": null, "wheelchair": null, "source:building": "BDOT", "email": null, "fax": null, "government": null, "office": null, "official_name": null, "phone": null, "source:office": null, "addr:country": null, "addr:street:sym_ul": null, "church:id": null, "church:type": null, "name:etymology:wikidata": null, "name:etymology:wikipedia": null, "parish": null, "parish:wikidata": null, "parish:wikipedia": null, "shrine": null, "shrine:name": null, "shrine:type": null, "start_date": null, "wikimedia_commons": null, "building:colour": null, "building:material": null, "roof:colour": null, "roof:material": null, "theatre:type": null, "admin_level": null, "website:ua": null, "emergency": null, "note": null, "layer": null, "level": null, "panoramax": null, "payment:cards": null, "payment:cash": null, "payment:qr_code": null, "cuisine": null, "drive_through": null, "smoking": null, "takeaway": null, "name:lt": null, "brewery": null, "outdoor_seating": null, "healthcare": null, "name:pl": null, "name:uk": null, "building:levels:underground": null, "source:geometry": null, "source": null, "service:vehicle:glass": null, "service:vehicle:glass_repair": null, "power": null, "addr:housename": null, "man_made": null, "internet_access": null, "internet_access:fee": null, "roof:shape": null, "stars": null, "tourism": null, "museum": null, "ref:ckkp": null, "townhall:type": null, "leisure": null, "social_facility": null, "social_facility:for": null, "fuel:HGV_diesel": null, "fuel:diesel": null, "fuel:lpg": null, "fuel:octane_95": null, "fuel:octane_98": null, "payment:credit_cards": null, "second_hand": null, "service:vehicle:air_conditioning": null, "service:vehicle:car_repair": null, "service:vehicle:new_car_sales": null, "service:vehicle:oil_change": null, "service:vehicle:repairs": null, "service:vehicle:tyres": null, "service:vehicle:used_car_sales": null, "sport": null, "payment:debit_cards": null, "payment:maestro": null, "payment:mastercard": null, "payment:visa": null, "payment:visa_electron": null, "rooms": null, "check_date": null, "railway": null, "railway:ref": null, "railway:signal_box": null, "bus": null, "public_transport": null, "access": null, "changing_table": null, "fee": null, "toilets:disposal": null, "unisex": null, "ref:csioz": null, "contact:phone": null, "contact:email": null, "contact:website": null, "capacity": null, "isced:level": null, "nursery": null, "operator:website": null, "source:amenity": null, "roof:direction": null, "beds": null, "payment:credit_card": null, "payment:girocard": null, "operator:type": null, "indoor": null, "entrance": null, "frequency": null, "location": null, "substation": null, "voltage": null, "fixme": null, "maxwidth": null, "payment:dkv": null, "payment:routex": null, "payment:uta": null, "branch": null, "roof:orientation": null, "communication:mobile_phone": null, "material": null, "tower:construction": null, "tower:type": null, "name:en": null, "addr:place": null, "name:pdc": null, "service:vehicle:window_tinting": null, "service:vehicle:windshields": null, "craft": null, "bench": null, "roof:height": null, "shelter_type": null, "building:part": null, "service": null, "atm": null, "blood:whole": null, "description": null, "construction": null, "wholesale": null, "type": null, "height_nmt": 171.9499969482422, "height_nmpt": 188.22000122070312, "height_obj": 16.270004272460938}, "geometry": {"type": "Polygon", "coordinates": [[[22.924857, 54.1060301], [22.9250308, 54.1060334], [22.9250347, 54.1059651], [22.9250424, 54.105830499999996], [22.9250497, 54.10570220000001], [22.9250537, 54.10563239999999], [22.9248826, 54.10562809999999], [22.924857, 54.1060301]]]}}, {"id": "57", "type": "Feature", "properties": {"element": "way", "id": 188353869, "addr:city": "Suwa\u0142ki", "addr:city:simc": "0977456", "addr:housenumber": "33a", "addr:postcode": "16-400", "addr:street": "Emilii Plater", "amenity": null, "building": "yes", "deanery": null, "denomination": null, "diocese": null, "heritage": null, "heritage:operator": null, "image": null, "name": "Biblioteka Publiczna im. Marii Konopnickiej w Suwa\u0142kach", "ref:nid": null, "religion": null, "source:addr": null, "url": null, "wikidata": null, "wikipedia": null, "building:levels": null, "operator:wikidata": null, "operator:wikipedia": null, "roof:levels": null, "website": null, "height": null, "ref": null, "short_name": null, "alt_name": null, "historic": null, "atm_ref": null, "brand": null, "brand:wikidata": null, "millennium:date": null, "millennium:network": null, "millennium:ref": null, "millennium:subtype": null, "opening_hours": null, "operator": null, "shop": null, "brand:wikipedia": null, "check_date:opening_hours": null, "toilets:wheelchair": null, "wheelchair": null, "source:building": null, "email": null, "fax": null, "government": null, "office": null, "official_name": null, "phone": null, "source:office": null, "addr:country": null, "addr:street:sym_ul": null, "church:id": null, "church:type": null, "name:etymology:wikidata": null, "name:etymology:wikipedia": null, "parish": null, "parish:wikidata": null, "parish:wikipedia": null, "shrine": null, "shrine:name": null, "shrine:type": null, "start_date": null, "wikimedia_commons": null, "building:colour": null, "building:material": null, "roof:colour": null, "roof:material": null, "theatre:type": null, "admin_level": null, "website:ua": null, "emergency": null, "note": null, "layer": null, "level": null, "panoramax": null, "payment:cards": null, "payment:cash": null, "payment:qr_code": null, "cuisine": null, "drive_through": null, "smoking": null, "takeaway": null, "name:lt": null, "brewery": null, "outdoor_seating": null, "healthcare": null, "name:pl": null, "name:uk": null, "building:levels:underground": null, "source:geometry": null, "source": null, "service:vehicle:glass": null, "service:vehicle:glass_repair": null, "power": null, "addr:housename": null, "man_made": null, "internet_access": null, "internet_access:fee": null, "roof:shape": null, "stars": null, "tourism": null, "museum": null, "ref:ckkp": null, "townhall:type": null, "leisure": null, "social_facility": null, "social_facility:for": null, "fuel:HGV_diesel": null, "fuel:diesel": null, "fuel:lpg": null, "fuel:octane_95": null, "fuel:octane_98": null, "payment:credit_cards": null, "second_hand": null, "service:vehicle:air_conditioning": null, "service:vehicle:car_repair": null, "service:vehicle:new_car_sales": null, "service:vehicle:oil_change": null, "service:vehicle:repairs": null, "service:vehicle:tyres": null, "service:vehicle:used_car_sales": null, "sport": null, "payment:debit_cards": null, "payment:maestro": null, "payment:mastercard": null, "payment:visa": null, "payment:visa_electron": null, "rooms": null, "check_date": null, "railway": null, "railway:ref": null, "railway:signal_box": null, "bus": null, "public_transport": null, "access": null, "changing_table": null, "fee": null, "toilets:disposal": null, "unisex": null, "ref:csioz": null, "contact:phone": null, "contact:email": null, "contact:website": null, "capacity": null, "isced:level": null, "nursery": null, "operator:website": null, "source:amenity": null, "roof:direction": null, "beds": null, "payment:credit_card": null, "payment:girocard": null, "operator:type": null, "indoor": null, "entrance": null, "frequency": null, "location": null, "substation": null, "voltage": null, "fixme": null, "maxwidth": null, "payment:dkv": null, "payment:routex": null, "payment:uta": null, "branch": null, "roof:orientation": null, "communication:mobile_phone": null, "material": null, "tower:construction": null, "tower:type": null, "name:en": null, "addr:place": null, "name:pdc": null, "service:vehicle:window_tinting": null, "service:vehicle:windshields": null, "craft": null, "bench": null, "roof:height": null, "shelter_type": null, "building:part": null, "service": null, "atm": null, "blood:whole": null, "description": null, "construction": null, "wholesale": null, "type": null, "height_nmt": null, "height_nmpt": null, "height_obj": null}, "geometry": {"type": "Polygon", "coordinates": [[[22.9243342, 54.104671399999994], [22.924322, 54.1048082], [22.9245237, 54.1048107], [22.9245454, 54.104568499999985], [22.9243424, 54.1045604], [22.9243342, 54.104671399999994]]]}}, {"id": "58", "type": "Feature", "properties": {"element": "way", "id": 188353871, "addr:city": "Suwa\u0142ki", "addr:city:simc": "0977456", "addr:housenumber": "41", "addr:postcode": "16-400", "addr:street": "Emilii Plater", "amenity": null, "building": "apartments", "deanery": null, "denomination": null, "diocese": null, "heritage": null, "heritage:operator": null, "image": null, "name": null, "ref:nid": null, "religion": null, "source:addr": null, "url": null, "wikidata": null, "wikipedia": null, "building:levels": "4", "operator:wikidata": null, "operator:wikipedia": null, "roof:levels": "0", "website": null, "height": null, "ref": null, "short_name": null, "alt_name": null, "historic": null, "atm_ref": null, "brand": null, "brand:wikidata": null, "millennium:date": null, "millennium:network": null, "millennium:ref": null, "millennium:subtype": null, "opening_hours": null, "operator": null, "shop": null, "brand:wikipedia": null, "check_date:opening_hours": null, "toilets:wheelchair": null, "wheelchair": null, "source:building": null, "email": null, "fax": null, "government": null, "office": null, "official_name": null, "phone": null, "source:office": null, "addr:country": null, "addr:street:sym_ul": null, "church:id": null, "church:type": null, "name:etymology:wikidata": null, "name:etymology:wikipedia": null, "parish": null, "parish:wikidata": null, "parish:wikipedia": null, "shrine": null, "shrine:name": null, "shrine:type": null, "start_date": null, "wikimedia_commons": null, "building:colour": null, "building:material": null, "roof:colour": null, "roof:material": null, "theatre:type": null, "admin_level": null, "website:ua": null, "emergency": null, "note": null, "layer": null, "level": null, "panoramax": null, "payment:cards": null, "payment:cash": null, "payment:qr_code": null, "cuisine": null, "drive_through": null, "smoking": null, "takeaway": null, "name:lt": null, "brewery": null, "outdoor_seating": null, "healthcare": null, "name:pl": null, "name:uk": null, "building:levels:underground": null, "source:geometry": null, "source": null, "service:vehicle:glass": null, "service:vehicle:glass_repair": null, "power": null, "addr:housename": null, "man_made": null, "internet_access": null, "internet_access:fee": null, "roof:shape": null, "stars": null, "tourism": null, "museum": null, "ref:ckkp": null, "townhall:type": null, "leisure": null, "social_facility": null, "social_facility:for": null, "fuel:HGV_diesel": null, "fuel:diesel": null, "fuel:lpg": null, "fuel:octane_95": null, "fuel:octane_98": null, "payment:credit_cards": null, "second_hand": null, "service:vehicle:air_conditioning": null, "service:vehicle:car_repair": null, "service:vehicle:new_car_sales": null, "service:vehicle:oil_change": null, "service:vehicle:repairs": null, "service:vehicle:tyres": null, "service:vehicle:used_car_sales": null, "sport": null, "payment:debit_cards": null, "payment:maestro": null, "payment:mastercard": null, "payment:visa": null, "payment:visa_electron": null, "rooms": null, "check_date": null, "railway": null, "railway:ref": null, "railway:signal_box": null, "bus": null, "public_transport": null, "access": null, "changing_table": null, "fee": null, "toilets:disposal": null, "unisex": null, "ref:csioz": null, "contact:phone": null, "contact:email": null, "contact:website": null, "capacity": null, "isced:level": null, "nursery": null, "operator:website": null, "source:amenity": null, "roof:direction": null, "beds": null, "payment:credit_card": null, "payment:girocard": null, "operator:type": null, "indoor": null, "entrance": null, "frequency": null, "location": null, "substation": null, "voltage": null, "fixme": null, "maxwidth": null, "payment:dkv": null, "payment:routex": null, "payment:uta": null, "branch": null, "roof:orientation": null, "communication:mobile_phone": null, "material": null, "tower:construction": null, "tower:type": null, "name:en": null, "addr:place": null, "name:pdc": null, "service:vehicle:window_tinting": null, "service:vehicle:windshields": null, "craft": null, "bench": null, "roof:height": null, "shelter_type": null, "building:part": null, "service": null, "atm": null, "blood:whole": null, "description": null, "construction": null, "wholesale": null, "type": null, "height_nmt": 171.6999969482422, "height_nmpt": 184.77000427246094, "height_obj": 13.07000732421875}, "geometry": {"type": "Polygon", "coordinates": [[[22.9244349, 54.105265599999996], [22.924303399999996, 54.105262499999995], [22.9239214, 54.1052512], [22.9239226, 54.10523719999999], [22.923452, 54.1052231], [22.9234424, 54.10533339999999], [22.9238859, 54.1053467], [22.9238849, 54.1053579], [22.9244255, 54.10537409999999], [22.9244349, 54.105265599999996]]]}}, {"id": "59", "type": "Feature", "properties": {"element": "way", "id": 188354513, "addr:city": "Suwa\u0142ki", "addr:city:simc": "0977456", "addr:housenumber": "39", "addr:postcode": "16-400", "addr:street": "Emilii Plater", "amenity": null, "building": "apartments", "deanery": null, "denomination": null, "diocese": null, "heritage": null, "heritage:operator": null, "image": null, "name": null, "ref:nid": null, "religion": null, "source:addr": "EMUiA (emuia.gugik.gov.pl)", "url": null, "wikidata": null, "wikipedia": null, "building:levels": "5", "operator:wikidata": null, "operator:wikipedia": null, "roof:levels": null, "website": null, "height": null, "ref": null, "short_name": null, "alt_name": null, "historic": null, "atm_ref": null, "brand": null, "brand:wikidata": null, "millennium:date": null, "millennium:network": null, "millennium:ref": null, "millennium:subtype": null, "opening_hours": null, "operator": null, "shop": null, "brand:wikipedia": null, "check_date:opening_hours": null, "toilets:wheelchair": null, "wheelchair": null, "source:building": null, "email": null, "fax": null, "government": null, "office": null, "official_name": null, "phone": null, "source:office": null, "addr:country": null, "addr:street:sym_ul": null, "church:id": null, "church:type": null, "name:etymology:wikidata": null, "name:etymology:wikipedia": null, "parish": null, "parish:wikidata": null, "parish:wikipedia": null, "shrine": null, "shrine:name": null, "shrine:type": null, "start_date": null, "wikimedia_commons": null, "building:colour": null, "building:material": null, "roof:colour": null, "roof:material": null, "theatre:type": null, "admin_level": null, "website:ua": null, "emergency": null, "note": null, "layer": null, "level": null, "panoramax": null, "payment:cards": null, "payment:cash": null, "payment:qr_code": null, "cuisine": null, "drive_through": null, "smoking": null, "takeaway": null, "name:lt": null, "brewery": null, "outdoor_seating": null, "healthcare": null, "name:pl": null, "name:uk": null, "building:levels:underground": null, "source:geometry": null, "source": null, "service:vehicle:glass": null, "service:vehicle:glass_repair": null, "power": null, "addr:housename": null, "man_made": null, "internet_access": null, "internet_access:fee": null, "roof:shape": null, "stars": null, "tourism": null, "museum": null, "ref:ckkp": null, "townhall:type": null, "leisure": null, "social_facility": null, "social_facility:for": null, "fuel:HGV_diesel": null, "fuel:diesel": null, "fuel:lpg": null, "fuel:octane_95": null, "fuel:octane_98": null, "payment:credit_cards": null, "second_hand": null, "service:vehicle:air_conditioning": null, "service:vehicle:car_repair": null, "service:vehicle:new_car_sales": null, "service:vehicle:oil_change": null, "service:vehicle:repairs": null, "service:vehicle:tyres": null, "service:vehicle:used_car_sales": null, "sport": null, "payment:debit_cards": null, "payment:maestro": null, "payment:mastercard": null, "payment:visa": null, "payment:visa_electron": null, "rooms": null, "check_date": null, "railway": null, "railway:ref": null, "railway:signal_box": null, "bus": null, "public_transport": null, "access": null, "changing_table": null, "fee": null, "toilets:disposal": null, "unisex": null, "ref:csioz": null, "contact:phone": null, "contact:email": null, "contact:website": null, "capacity": null, "isced:level": null, "nursery": null, "operator:website": null, "source:amenity": null, "roof:direction": null, "beds": null, "payment:credit_card": null, "payment:girocard": null, "operator:type": null, "indoor": null, "entrance": null, "frequency": null, "location": null, "substation": null, "voltage": null, "fixme": null, "maxwidth": null, "payment:dkv": null, "payment:routex": null, "payment:uta": null, "branch": null, "roof:orientation": null, "communication:mobile_phone": null, "material": null, "tower:construction": null, "tower:type": null, "name:en": null, "addr:place": null, "name:pdc": null, "service:vehicle:window_tinting": null, "service:vehicle:windshields": null, "craft": null, "bench": null, "roof:height": null, "shelter_type": null, "building:part": null, "service": null, "atm": null, "blood:whole": null, "description": null, "construction": null, "wholesale": null, "type": null, "height_nmt": 171.02999877929688, "height_nmpt": 189.5399932861328, "height_obj": 18.509994506835938}, "geometry": {"type": "Polygon", "coordinates": [[[22.9229556, 54.1052189], [22.9231061, 54.1052236], [22.923107, 54.10521320000001], [22.923240999999997, 54.1052174], [22.9232553, 54.10506199999999], [22.923066, 54.1050561], [22.9230645, 54.10507199999999], [22.9229694, 54.10506899999999], [22.9229556, 54.1052189]]]}}, {"id": "60", "type": "Feature", "properties": {"element": "way", "id": 188354515, "addr:city": null, "addr:city:simc": null, "addr:housenumber": null, "addr:postcode": null, "addr:street": null, "amenity": null, "building": "garages", "deanery": null, "denomination": null, "diocese": null, "heritage": null, "heritage:operator": null, "image": null, "name": null, "ref:nid": null, "religion": null, "source:addr": null, "url": null, "wikidata": null, "wikipedia": null, "building:levels": null, "operator:wikidata": null, "operator:wikipedia": null, "roof:levels": null, "website": null, "height": null, "ref": null, "short_name": null, "alt_name": null, "historic": null, "atm_ref": null, "brand": null, "brand:wikidata": null, "millennium:date": null, "millennium:network": null, "millennium:ref": null, "millennium:subtype": null, "opening_hours": null, "operator": null, "shop": null, "brand:wikipedia": null, "check_date:opening_hours": null, "toilets:wheelchair": null, "wheelchair": null, "source:building": null, "email": null, "fax": null, "government": null, "office": null, "official_name": null, "phone": null, "source:office": null, "addr:country": null, "addr:street:sym_ul": null, "church:id": null, "church:type": null, "name:etymology:wikidata": null, "name:etymology:wikipedia": null, "parish": null, "parish:wikidata": null, "parish:wikipedia": null, "shrine": null, "shrine:name": null, "shrine:type": null, "start_date": null, "wikimedia_commons": null, "building:colour": null, "building:material": null, "roof:colour": null, "roof:material": null, "theatre:type": null, "admin_level": null, "website:ua": null, "emergency": null, "note": null, "layer": null, "level": null, "panoramax": null, "payment:cards": null, "payment:cash": null, "payment:qr_code": null, "cuisine": null, "drive_through": null, "smoking": null, "takeaway": null, "name:lt": null, "brewery": null, "outdoor_seating": null, "healthcare": null, "name:pl": null, "name:uk": null, "building:levels:underground": null, "source:geometry": null, "source": null, "service:vehicle:glass": null, "service:vehicle:glass_repair": null, "power": null, "addr:housename": null, "man_made": null, "internet_access": null, "internet_access:fee": null, "roof:shape": null, "stars": null, "tourism": null, "museum": null, "ref:ckkp": null, "townhall:type": null, "leisure": null, "social_facility": null, "social_facility:for": null, "fuel:HGV_diesel": null, "fuel:diesel": null, "fuel:lpg": null, "fuel:octane_95": null, "fuel:octane_98": null, "payment:credit_cards": null, "second_hand": null, "service:vehicle:air_conditioning": null, "service:vehicle:car_repair": null, "service:vehicle:new_car_sales": null, "service:vehicle:oil_change": null, "service:vehicle:repairs": null, "service:vehicle:tyres": null, "service:vehicle:used_car_sales": null, "sport": null, "payment:debit_cards": null, "payment:maestro": null, "payment:mastercard": null, "payment:visa": null, "payment:visa_electron": null, "rooms": null, "check_date": null, "railway": null, "railway:ref": null, "railway:signal_box": null, "bus": null, "public_transport": null, "access": null, "changing_table": null, "fee": null, "toilets:disposal": null, "unisex": null, "ref:csioz": null, "contact:phone": null, "contact:email": null, "contact:website": null, "capacity": null, "isced:level": null, "nursery": null, "operator:website": null, "source:amenity": null, "roof:direction": null, "beds": null, "payment:credit_card": null, "payment:girocard": null, "operator:type": null, "indoor": null, "entrance": null, "frequency": null, "location": null, "substation": null, "voltage": null, "fixme": null, "maxwidth": null, "payment:dkv": null, "payment:routex": null, "payment:uta": null, "branch": null, "roof:orientation": null, "communication:mobile_phone": null, "material": null, "tower:construction": null, "tower:type": null, "name:en": null, "addr:place": null, "name:pdc": null, "service:vehicle:window_tinting": null, "service:vehicle:windshields": null, "craft": null, "bench": null, "roof:height": null, "shelter_type": null, "building:part": null, "service": null, "atm": null, "blood:whole": null, "description": null, "construction": null, "wholesale": null, "type": null, "height_nmt": 171.1999969482422, "height_nmpt": 173.32000732421875, "height_obj": 2.1200103759765625}, "geometry": {"type": "Polygon", "coordinates": [[[22.9229479, 54.10553019999999], [22.9237085, 54.1055532], [22.923710299999996, 54.1055329], [22.9237138, 54.1054929], [22.923450299999995, 54.1054849], [22.923455, 54.1054324], [22.922957799999995, 54.10541739999999], [22.9229479, 54.10553019999999]]]}}, {"id": "61", "type": "Feature", "properties": {"element": "way", "id": 188354517, "addr:city": "Suwa\u0142ki", "addr:city:simc": "0977456", "addr:housenumber": "14", "addr:postcode": "16-400", "addr:street": "Marii Sk\u0142odowskiej-Curie", "amenity": null, "building": "apartments", "deanery": null, "denomination": null, "diocese": null, "heritage": null, "heritage:operator": null, "image": null, "name": null, "ref:nid": null, "religion": null, "source:addr": "EMUiA (emuia.gugik.gov.pl)", "url": null, "wikidata": null, "wikipedia": null, "building:levels": "4", "operator:wikidata": null, "operator:wikipedia": null, "roof:levels": null, "website": null, "height": null, "ref": null, "short_name": null, "alt_name": null, "historic": null, "atm_ref": null, "brand": null, "brand:wikidata": null, "millennium:date": null, "millennium:network": null, "millennium:ref": null, "millennium:subtype": null, "opening_hours": null, "operator": null, "shop": null, "brand:wikipedia": null, "check_date:opening_hours": null, "toilets:wheelchair": null, "wheelchair": null, "source:building": null, "email": null, "fax": null, "government": null, "office": null, "official_name": null, "phone": null, "source:office": null, "addr:country": null, "addr:street:sym_ul": null, "church:id": null, "church:type": null, "name:etymology:wikidata": null, "name:etymology:wikipedia": null, "parish": null, "parish:wikidata": null, "parish:wikipedia": null, "shrine": null, "shrine:name": null, "shrine:type": null, "start_date": null, "wikimedia_commons": null, "building:colour": null, "building:material": null, "roof:colour": null, "roof:material": null, "theatre:type": null, "admin_level": null, "website:ua": null, "emergency": null, "note": null, "layer": null, "level": null, "panoramax": null, "payment:cards": null, "payment:cash": null, "payment:qr_code": null, "cuisine": null, "drive_through": null, "smoking": null, "takeaway": null, "name:lt": null, "brewery": null, "outdoor_seating": null, "healthcare": null, "name:pl": null, "name:uk": null, "building:levels:underground": null, "source:geometry": null, "source": null, "service:vehicle:glass": null, "service:vehicle:glass_repair": null, "power": null, "addr:housename": null, "man_made": null, "internet_access": null, "internet_access:fee": null, "roof:shape": null, "stars": null, "tourism": null, "museum": null, "ref:ckkp": null, "townhall:type": null, "leisure": null, "social_facility": null, "social_facility:for": null, "fuel:HGV_diesel": null, "fuel:diesel": null, "fuel:lpg": null, "fuel:octane_95": null, "fuel:octane_98": null, "payment:credit_cards": null, "second_hand": null, "service:vehicle:air_conditioning": null, "service:vehicle:car_repair": null, "service:vehicle:new_car_sales": null, "service:vehicle:oil_change": null, "service:vehicle:repairs": null, "service:vehicle:tyres": null, "service:vehicle:used_car_sales": null, "sport": null, "payment:debit_cards": null, "payment:maestro": null, "payment:mastercard": null, "payment:visa": null, "payment:visa_electron": null, "rooms": null, "check_date": null, "railway": null, "railway:ref": null, "railway:signal_box": null, "bus": null, "public_transport": null, "access": null, "changing_table": null, "fee": null, "toilets:disposal": null, "unisex": null, "ref:csioz": null, "contact:phone": null, "contact:email": null, "contact:website": null, "capacity": null, "isced:level": null, "nursery": null, "operator:website": null, "source:amenity": null, "roof:direction": null, "beds": null, "payment:credit_card": null, "payment:girocard": null, "operator:type": null, "indoor": null, "entrance": null, "frequency": null, "location": null, "substation": null, "voltage": null, "fixme": null, "maxwidth": null, "payment:dkv": null, "payment:routex": null, "payment:uta": null, "branch": null, "roof:orientation": null, "communication:mobile_phone": null, "material": null, "tower:construction": null, "tower:type": null, "name:en": null, "addr:place": null, "name:pdc": null, "service:vehicle:window_tinting": null, "service:vehicle:windshields": null, "craft": null, "bench": null, "roof:height": null, "shelter_type": null, "building:part": null, "service": null, "atm": null, "blood:whole": null, "description": null, "construction": null, "wholesale": null, "type": null, "height_nmt": null, "height_nmpt": null, "height_obj": null}, "geometry": {"type": "Polygon", "coordinates": [[[22.92211, 54.10544719999999], [22.922114400000005, 54.10534619999999], [22.9227952, 54.10535629999998], [22.9227908, 54.10545739999999], [22.92211, 54.10544719999999]]]}}, {"id": "62", "type": "Feature", "properties": {"element": "way", "id": 188354518, "addr:city": "Suwa\u0142ki", "addr:city:simc": "0977456", "addr:housenumber": "12", "addr:postcode": "16-400", "addr:street": "Marii Sk\u0142odowskiej-Curie", "amenity": null, "building": "apartments", "deanery": null, "denomination": null, "diocese": null, "heritage": null, "heritage:operator": null, "image": null, "name": null, "ref:nid": null, "religion": null, "source:addr": "EMUiA (emuia.gugik.gov.pl)", "url": null, "wikidata": null, "wikipedia": null, "building:levels": "5", "operator:wikidata": null, "operator:wikipedia": null, "roof:levels": "0", "website": null, "height": null, "ref": null, "short_name": null, "alt_name": null, "historic": null, "atm_ref": null, "brand": null, "brand:wikidata": null, "millennium:date": null, "millennium:network": null, "millennium:ref": null, "millennium:subtype": null, "opening_hours": null, "operator": null, "shop": null, "brand:wikipedia": null, "check_date:opening_hours": null, "toilets:wheelchair": null, "wheelchair": null, "source:building": null, "email": null, "fax": null, "government": null, "office": null, "official_name": null, "phone": null, "source:office": null, "addr:country": null, "addr:street:sym_ul": null, "church:id": null, "church:type": null, "name:etymology:wikidata": null, "name:etymology:wikipedia": null, "parish": null, "parish:wikidata": null, "parish:wikipedia": null, "shrine": null, "shrine:name": null, "shrine:type": null, "start_date": null, "wikimedia_commons": null, "building:colour": null, "building:material": null, "roof:colour": null, "roof:material": null, "theatre:type": null, "admin_level": null, "website:ua": null, "emergency": null, "note": null, "layer": null, "level": null, "panoramax": null, "payment:cards": null, "payment:cash": null, "payment:qr_code": null, "cuisine": null, "drive_through": null, "smoking": null, "takeaway": null, "name:lt": null, "brewery": null, "outdoor_seating": null, "healthcare": null, "name:pl": null, "name:uk": null, "building:levels:underground": null, "source:geometry": null, "source": null, "service:vehicle:glass": null, "service:vehicle:glass_repair": null, "power": null, "addr:housename": null, "man_made": null, "internet_access": null, "internet_access:fee": null, "roof:shape": null, "stars": null, "tourism": null, "museum": null, "ref:ckkp": null, "townhall:type": null, "leisure": null, "social_facility": null, "social_facility:for": null, "fuel:HGV_diesel": null, "fuel:diesel": null, "fuel:lpg": null, "fuel:octane_95": null, "fuel:octane_98": null, "payment:credit_cards": null, "second_hand": null, "service:vehicle:air_conditioning": null, "service:vehicle:car_repair": null, "service:vehicle:new_car_sales": null, "service:vehicle:oil_change": null, "service:vehicle:repairs": null, "service:vehicle:tyres": null, "service:vehicle:used_car_sales": null, "sport": null, "payment:debit_cards": null, "payment:maestro": null, "payment:mastercard": null, "payment:visa": null, "payment:visa_electron": null, "rooms": null, "check_date": null, "railway": null, "railway:ref": null, "railway:signal_box": null, "bus": null, "public_transport": null, "access": null, "changing_table": null, "fee": null, "toilets:disposal": null, "unisex": null, "ref:csioz": null, "contact:phone": null, "contact:email": null, "contact:website": null, "capacity": null, "isced:level": null, "nursery": null, "operator:website": null, "source:amenity": null, "roof:direction": null, "beds": null, "payment:credit_card": null, "payment:girocard": null, "operator:type": null, "indoor": null, "entrance": null, "frequency": null, "location": null, "substation": null, "voltage": null, "fixme": null, "maxwidth": null, "payment:dkv": null, "payment:routex": null, "payment:uta": null, "branch": null, "roof:orientation": null, "communication:mobile_phone": null, "material": null, "tower:construction": null, "tower:type": null, "name:en": null, "addr:place": null, "name:pdc": null, "service:vehicle:window_tinting": null, "service:vehicle:windshields": null, "craft": null, "bench": null, "roof:height": null, "shelter_type": null, "building:part": null, "service": null, "atm": null, "blood:whole": null, "description": null, "construction": null, "wholesale": null, "type": null, "height_nmt": null, "height_nmpt": null, "height_obj": null}, "geometry": {"type": "Polygon", "coordinates": [[[22.9220007, 54.1050356], [22.9224367, 54.105050199999994], [22.9224378, 54.1050585], [22.922739, 54.10507230000001], [22.9227509, 54.104966], [22.9224508, 54.104952600000004], [22.9224476, 54.1049424], [22.9220113, 54.1049305], [22.9220007, 54.1050356]]]}}, {"id": "63", "type": "Feature", "properties": {"element": "way", "id": 188354520, "addr:city": "Suwa\u0142ki", "addr:city:simc": "0977456", "addr:housenumber": "45a", "addr:postcode": "16-400", "addr:street": "Emilii Plater", "amenity": null, "building": "yes", "deanery": null, "denomination": null, "diocese": null, "heritage": null, "heritage:operator": null, "image": null, "name": null, "ref:nid": null, "religion": null, "source:addr": "EMUiA (emuia.gugik.gov.pl)", "url": null, "wikidata": null, "wikipedia": null, "building:levels": "5", "operator:wikidata": null, "operator:wikipedia": null, "roof:levels": null, "website": null, "height": "17", "ref": null, "short_name": null, "alt_name": null, "historic": null, "atm_ref": null, "brand": null, "brand:wikidata": null, "millennium:date": null, "millennium:network": null, "millennium:ref": null, "millennium:subtype": null, "opening_hours": null, "operator": null, "shop": null, "brand:wikipedia": null, "check_date:opening_hours": null, "toilets:wheelchair": null, "wheelchair": null, "source:building": null, "email": null, "fax": null, "government": null, "office": null, "official_name": null, "phone": null, "source:office": null, "addr:country": null, "addr:street:sym_ul": null, "church:id": null, "church:type": null, "name:etymology:wikidata": null, "name:etymology:wikipedia": null, "parish": null, "parish:wikidata": null, "parish:wikipedia": null, "shrine": null, "shrine:name": null, "shrine:type": null, "start_date": null, "wikimedia_commons": null, "building:colour": null, "building:material": null, "roof:colour": null, "roof:material": null, "theatre:type": null, "admin_level": null, "website:ua": null, "emergency": null, "note": null, "layer": null, "level": null, "panoramax": null, "payment:cards": null, "payment:cash": null, "payment:qr_code": null, "cuisine": null, "drive_through": null, "smoking": null, "takeaway": null, "name:lt": null, "brewery": null, "outdoor_seating": null, "healthcare": null, "name:pl": null, "name:uk": null, "building:levels:underground": null, "source:geometry": null, "source": null, "service:vehicle:glass": null, "service:vehicle:glass_repair": null, "power": null, "addr:housename": null, "man_made": null, "internet_access": null, "internet_access:fee": null, "roof:shape": null, "stars": null, "tourism": null, "museum": null, "ref:ckkp": null, "townhall:type": null, "leisure": null, "social_facility": null, "social_facility:for": null, "fuel:HGV_diesel": null, "fuel:diesel": null, "fuel:lpg": null, "fuel:octane_95": null, "fuel:octane_98": null, "payment:credit_cards": null, "second_hand": null, "service:vehicle:air_conditioning": null, "service:vehicle:car_repair": null, "service:vehicle:new_car_sales": null, "service:vehicle:oil_change": null, "service:vehicle:repairs": null, "service:vehicle:tyres": null, "service:vehicle:used_car_sales": null, "sport": null, "payment:debit_cards": null, "payment:maestro": null, "payment:mastercard": null, "payment:visa": null, "payment:visa_electron": null, "rooms": null, "check_date": null, "railway": null, "railway:ref": null, "railway:signal_box": null, "bus": null, "public_transport": null, "access": null, "changing_table": null, "fee": null, "toilets:disposal": null, "unisex": null, "ref:csioz": null, "contact:phone": null, "contact:email": null, "contact:website": null, "capacity": null, "isced:level": null, "nursery": null, "operator:website": null, "source:amenity": null, "roof:direction": null, "beds": null, "payment:credit_card": null, "payment:girocard": null, "operator:type": null, "indoor": null, "entrance": null, "frequency": null, "location": null, "substation": null, "voltage": null, "fixme": null, "maxwidth": null, "payment:dkv": null, "payment:routex": null, "payment:uta": null, "branch": null, "roof:orientation": null, "communication:mobile_phone": null, "material": null, "tower:construction": null, "tower:type": null, "name:en": null, "addr:place": null, "name:pdc": null, "service:vehicle:window_tinting": null, "service:vehicle:windshields": null, "craft": null, "bench": null, "roof:height": null, "shelter_type": null, "building:part": null, "service": null, "atm": null, "blood:whole": null, "description": null, "construction": null, "wholesale": null, "type": null, "height_nmt": 171.66000366210938, "height_nmpt": 171.66000366210938, "height_obj": 0.0}, "geometry": {"type": "Polygon", "coordinates": [[[22.9226137, 54.10614369999998], [22.9232703, 54.1061552], [22.923272599999997, 54.106110699999995], [22.923514199999996, 54.10611489999999], [22.923529, 54.1058219], [22.9239231, 54.105828699999996], [22.9239269, 54.105753799999995], [22.9234786, 54.105746], [22.9234725, 54.10586709999998], [22.9233619, 54.1058651], [22.9233517, 54.106065], [22.922618299999996, 54.106052199999986], [22.9226137, 54.10614369999998]]]}}, {"id": "64", "type": "Feature", "properties": {"element": "way", "id": 188354522, "addr:city": "Suwa\u0142ki", "addr:city:simc": "0977456", "addr:housenumber": "45b", "addr:postcode": "16-400", "addr:street": "Emilii Plater", "amenity": null, "building": "yes", "deanery": null, "denomination": null, "diocese": null, "heritage": null, "heritage:operator": null, "image": null, "name": null, "ref:nid": null, "religion": null, "source:addr": "EMUiA (emuia.gugik.gov.pl)", "url": null, "wikidata": null, "wikipedia": null, "building:levels": null, "operator:wikidata": null, "operator:wikipedia": null, "roof:levels": null, "website": null, "height": null, "ref": null, "short_name": null, "alt_name": null, "historic": null, "atm_ref": null, "brand": null, "brand:wikidata": null, "millennium:date": null, "millennium:network": null, "millennium:ref": null, "millennium:subtype": null, "opening_hours": null, "operator": null, "shop": null, "brand:wikipedia": null, "check_date:opening_hours": null, "toilets:wheelchair": null, "wheelchair": null, "source:building": null, "email": null, "fax": null, "government": null, "office": null, "official_name": null, "phone": null, "source:office": null, "addr:country": null, "addr:street:sym_ul": null, "church:id": null, "church:type": null, "name:etymology:wikidata": null, "name:etymology:wikipedia": null, "parish": null, "parish:wikidata": null, "parish:wikipedia": null, "shrine": null, "shrine:name": null, "shrine:type": null, "start_date": null, "wikimedia_commons": null, "building:colour": null, "building:material": null, "roof:colour": null, "roof:material": null, "theatre:type": null, "admin_level": null, "website:ua": null, "emergency": null, "note": null, "layer": null, "level": null, "panoramax": null, "payment:cards": null, "payment:cash": null, "payment:qr_code": null, "cuisine": null, "drive_through": null, "smoking": null, "takeaway": null, "name:lt": null, "brewery": null, "outdoor_seating": null, "healthcare": null, "name:pl": null, "name:uk": null, "building:levels:underground": null, "source:geometry": null, "source": null, "service:vehicle:glass": null, "service:vehicle:glass_repair": null, "power": null, "addr:housename": null, "man_made": null, "internet_access": null, "internet_access:fee": null, "roof:shape": null, "stars": null, "tourism": null, "museum": null, "ref:ckkp": null, "townhall:type": null, "leisure": null, "social_facility": null, "social_facility:for": null, "fuel:HGV_diesel": null, "fuel:diesel": null, "fuel:lpg": null, "fuel:octane_95": null, "fuel:octane_98": null, "payment:credit_cards": null, "second_hand": null, "service:vehicle:air_conditioning": null, "service:vehicle:car_repair": null, "service:vehicle:new_car_sales": null, "service:vehicle:oil_change": null, "service:vehicle:repairs": null, "service:vehicle:tyres": null, "service:vehicle:used_car_sales": null, "sport": null, "payment:debit_cards": null, "payment:maestro": null, "payment:mastercard": null, "payment:visa": null, "payment:visa_electron": null, "rooms": null, "check_date": null, "railway": null, "railway:ref": null, "railway:signal_box": null, "bus": null, "public_transport": null, "access": null, "changing_table": null, "fee": null, "toilets:disposal": null, "unisex": null, "ref:csioz": null, "contact:phone": null, "contact:email": null, "contact:website": null, "capacity": null, "isced:level": null, "nursery": null, "operator:website": null, "source:amenity": null, "roof:direction": null, "beds": null, "payment:credit_card": null, "payment:girocard": null, "operator:type": null, "indoor": null, "entrance": null, "frequency": null, "location": null, "substation": null, "voltage": null, "fixme": null, "maxwidth": null, "payment:dkv": null, "payment:routex": null, "payment:uta": null, "branch": null, "roof:orientation": null, "communication:mobile_phone": null, "material": null, "tower:construction": null, "tower:type": null, "name:en": null, "addr:place": null, "name:pdc": null, "service:vehicle:window_tinting": null, "service:vehicle:windshields": null, "craft": null, "bench": null, "roof:height": null, "shelter_type": null, "building:part": null, "service": null, "atm": null, "blood:whole": null, "description": null, "construction": null, "wholesale": null, "type": null, "height_nmt": 171.17999267578125, "height_nmpt": 186.69000244140625, "height_obj": 15.510009765625}, "geometry": {"type": "Polygon", "coordinates": [[[22.922392, 54.10587970000001], [22.9225534, 54.1058826], [22.9225576, 54.10580379999999], [22.923158, 54.105814599999995], [22.9231629, 54.1057216], [22.922401, 54.1057079], [22.922392, 54.10587970000001]]]}}, {"id": "65", "type": "Feature", "properties": {"element": "way", "id": 188354523, "addr:city": "Suwa\u0142ki", "addr:city:simc": "0977456", "addr:housenumber": "45", "addr:postcode": "16-400", "addr:street": "Emilii Plater", "amenity": null, "building": "yes", "deanery": null, "denomination": null, "diocese": null, "heritage": null, "heritage:operator": null, "image": null, "name": null, "ref:nid": null, "religion": null, "source:addr": "EMUiA (emuia.gugik.gov.pl)", "url": null, "wikidata": null, "wikipedia": null, "building:levels": "6", "operator:wikidata": null, "operator:wikipedia": null, "roof:levels": null, "website": null, "height": "20", "ref": null, "short_name": null, "alt_name": null, "historic": null, "atm_ref": null, "brand": null, "brand:wikidata": null, "millennium:date": null, "millennium:network": null, "millennium:ref": null, "millennium:subtype": null, "opening_hours": null, "operator": null, "shop": null, "brand:wikipedia": null, "check_date:opening_hours": null, "toilets:wheelchair": null, "wheelchair": null, "source:building": null, "email": null, "fax": null, "government": null, "office": null, "official_name": null, "phone": null, "source:office": null, "addr:country": null, "addr:street:sym_ul": null, "church:id": null, "church:type": null, "name:etymology:wikidata": null, "name:etymology:wikipedia": null, "parish": null, "parish:wikidata": null, "parish:wikipedia": null, "shrine": null, "shrine:name": null, "shrine:type": null, "start_date": null, "wikimedia_commons": null, "building:colour": null, "building:material": null, "roof:colour": null, "roof:material": null, "theatre:type": null, "admin_level": null, "website:ua": null, "emergency": null, "note": null, "layer": null, "level": null, "panoramax": null, "payment:cards": null, "payment:cash": null, "payment:qr_code": null, "cuisine": null, "drive_through": null, "smoking": null, "takeaway": null, "name:lt": null, "brewery": null, "outdoor_seating": null, "healthcare": null, "name:pl": null, "name:uk": null, "building:levels:underground": null, "source:geometry": null, "source": null, "service:vehicle:glass": null, "service:vehicle:glass_repair": null, "power": null, "addr:housename": null, "man_made": null, "internet_access": null, "internet_access:fee": null, "roof:shape": null, "stars": null, "tourism": null, "museum": null, "ref:ckkp": null, "townhall:type": null, "leisure": null, "social_facility": null, "social_facility:for": null, "fuel:HGV_diesel": null, "fuel:diesel": null, "fuel:lpg": null, "fuel:octane_95": null, "fuel:octane_98": null, "payment:credit_cards": null, "second_hand": null, "service:vehicle:air_conditioning": null, "service:vehicle:car_repair": null, "service:vehicle:new_car_sales": null, "service:vehicle:oil_change": null, "service:vehicle:repairs": null, "service:vehicle:tyres": null, "service:vehicle:used_car_sales": null, "sport": null, "payment:debit_cards": null, "payment:maestro": null, "payment:mastercard": null, "payment:visa": null, "payment:visa_electron": null, "rooms": null, "check_date": null, "railway": null, "railway:ref": null, "railway:signal_box": null, "bus": null, "public_transport": null, "access": null, "changing_table": null, "fee": null, "toilets:disposal": null, "unisex": null, "ref:csioz": null, "contact:phone": null, "contact:email": null, "contact:website": null, "capacity": null, "isced:level": null, "nursery": null, "operator:website": null, "source:amenity": null, "roof:direction": null, "beds": null, "payment:credit_card": null, "payment:girocard": null, "operator:type": null, "indoor": null, "entrance": null, "frequency": null, "location": null, "substation": null, "voltage": null, "fixme": null, "maxwidth": null, "payment:dkv": null, "payment:routex": null, "payment:uta": null, "branch": null, "roof:orientation": null, "communication:mobile_phone": null, "material": null, "tower:construction": null, "tower:type": null, "name:en": null, "addr:place": null, "name:pdc": null, "service:vehicle:window_tinting": null, "service:vehicle:windshields": null, "craft": null, "bench": null, "roof:height": null, "shelter_type": null, "building:part": null, "service": null, "atm": null, "blood:whole": null, "description": null, "construction": null, "wholesale": null, "type": null, "height_nmt": 172.39999389648438, "height_nmpt": 187.5800018310547, "height_obj": 15.180007934570312}, "geometry": {"type": "Polygon", "coordinates": [[[22.9237883, 54.1061622], [22.9237895, 54.106140599999996], [22.9237596, 54.10614], [22.9237577, 54.10613179999999], [22.923739900000005, 54.10613229999999], [22.9237464, 54.106066199999994], [22.9238194, 54.1060644], [22.9238213, 54.106043], [22.9240233, 54.1060474], [22.9240251, 54.106032600000006], [22.924129900000004, 54.106032600000006], [22.9241336, 54.10604679999999], [22.9241794, 54.1060479], [22.9242309, 54.106024299999994], [22.9242318, 54.105989799999996], [22.924204699999997, 54.105990299999995], [22.9242075, 54.10590809999999], [22.9241785, 54.10590859999999], [22.9241832, 54.1058171], [22.924238500000005, 54.105814099999996], [22.9242412, 54.10577870000001], [22.9243823, 54.10578559999999], [22.9244282, 54.105816499999996], [22.9244319, 54.10585879999999], [22.924464, 54.105858699999985], [22.9244505, 54.10607529999999], [22.9242309, 54.1061965], [22.924093, 54.10619379999999], [22.9240999, 54.10615210000001], [22.9240242, 54.10614879999999], [22.924021400000004, 54.1061658], [22.9237883, 54.1061622]]]}}, {"id": "66", "type": "Feature", "properties": {"element": "way", "id": 224085210, "addr:city": "Suwa\u0142ki", "addr:city:simc": "0977456", "addr:housenumber": "120", "addr:postcode": "16-400", "addr:street": "Tadeusza Ko\u015bciuszki", "amenity": null, "building": "yes", "deanery": null, "denomination": null, "diocese": null, "heritage": null, "heritage:operator": null, "image": null, "name": null, "ref:nid": null, "religion": null, "source:addr": "EMUiA (emuia.gugik.gov.pl)", "url": null, "wikidata": null, "wikipedia": null, "building:levels": null, "operator:wikidata": null, "operator:wikipedia": null, "roof:levels": null, "website": null, "height": null, "ref": null, "short_name": null, "alt_name": null, "historic": null, "atm_ref": null, "brand": null, "brand:wikidata": null, "millennium:date": null, "millennium:network": null, "millennium:ref": null, "millennium:subtype": null, "opening_hours": null, "operator": null, "shop": null, "brand:wikipedia": null, "check_date:opening_hours": null, "toilets:wheelchair": null, "wheelchair": null, "source:building": null, "email": null, "fax": null, "government": null, "office": null, "official_name": null, "phone": null, "source:office": null, "addr:country": "PL", "addr:street:sym_ul": null, "church:id": null, "church:type": null, "name:etymology:wikidata": null, "name:etymology:wikipedia": null, "parish": null, "parish:wikidata": null, "parish:wikipedia": null, "shrine": null, "shrine:name": null, "shrine:type": null, "start_date": null, "wikimedia_commons": null, "building:colour": null, "building:material": null, "roof:colour": null, "roof:material": null, "theatre:type": null, "admin_level": null, "website:ua": null, "emergency": null, "note": null, "layer": null, "level": null, "panoramax": null, "payment:cards": null, "payment:cash": null, "payment:qr_code": null, "cuisine": null, "drive_through": null, "smoking": null, "takeaway": null, "name:lt": null, "brewery": null, "outdoor_seating": null, "healthcare": null, "name:pl": null, "name:uk": null, "building:levels:underground": null, "source:geometry": null, "source": null, "service:vehicle:glass": null, "service:vehicle:glass_repair": null, "power": null, "addr:housename": null, "man_made": null, "internet_access": null, "internet_access:fee": null, "roof:shape": null, "stars": null, "tourism": null, "museum": null, "ref:ckkp": null, "townhall:type": null, "leisure": null, "social_facility": null, "social_facility:for": null, "fuel:HGV_diesel": null, "fuel:diesel": null, "fuel:lpg": null, "fuel:octane_95": null, "fuel:octane_98": null, "payment:credit_cards": null, "second_hand": null, "service:vehicle:air_conditioning": null, "service:vehicle:car_repair": null, "service:vehicle:new_car_sales": null, "service:vehicle:oil_change": null, "service:vehicle:repairs": null, "service:vehicle:tyres": null, "service:vehicle:used_car_sales": null, "sport": null, "payment:debit_cards": null, "payment:maestro": null, "payment:mastercard": null, "payment:visa": null, "payment:visa_electron": null, "rooms": null, "check_date": null, "railway": null, "railway:ref": null, "railway:signal_box": null, "bus": null, "public_transport": null, "access": null, "changing_table": null, "fee": null, "toilets:disposal": null, "unisex": null, "ref:csioz": null, "contact:phone": "(+48) 87 566 69 00", "contact:email": "biuro-suwalki@hotellogos.pl", "contact:website": "http://www.hotellogos.suwalki.pl/", "capacity": null, "isced:level": null, "nursery": null, "operator:website": null, "source:amenity": null, "roof:direction": null, "beds": null, "payment:credit_card": null, "payment:girocard": null, "operator:type": null, "indoor": null, "entrance": null, "frequency": null, "location": null, "substation": null, "voltage": null, "fixme": null, "maxwidth": null, "payment:dkv": null, "payment:routex": null, "payment:uta": null, "branch": null, "roof:orientation": null, "communication:mobile_phone": null, "material": null, "tower:construction": null, "tower:type": null, "name:en": null, "addr:place": null, "name:pdc": null, "service:vehicle:window_tinting": null, "service:vehicle:windshields": null, "craft": null, "bench": null, "roof:height": null, "shelter_type": null, "building:part": null, "service": null, "atm": null, "blood:whole": null, "description": null, "construction": null, "wholesale": null, "type": null, "height_nmt": 170.7899932861328, "height_nmpt": 175.88999938964844, "height_obj": 5.100006103515625}, "geometry": {"type": "Polygon", "coordinates": [[[22.9285974, 54.1051444], [22.9288287, 54.105152499999996], [22.9288237, 54.1052018], [22.9289623, 54.105206599999995], [22.9289556, 54.105272699999986], [22.9288648, 54.10526949999999], [22.9288563, 54.1053539], [22.9281432, 54.10532909999999], [22.9281751, 54.105014], [22.928378000000002, 54.10502099999999], [22.9283576, 54.1052226], [22.9285887, 54.105230599999985], [22.9285974, 54.1051444]]]}}, {"id": "67", "type": "Feature", "properties": {"element": "way", "id": 224085213, "addr:city": "Suwa\u0142ki", "addr:city:simc": "0977456", "addr:housenumber": "122", "addr:postcode": "16-400", "addr:street": "Tadeusza Ko\u015bciuszki", "amenity": null, "building": "yes", "deanery": null, "denomination": null, "diocese": null, "heritage": null, "heritage:operator": null, "image": null, "name": null, "ref:nid": null, "religion": null, "source:addr": "EMUiA (emuia.gugik.gov.pl)", "url": null, "wikidata": null, "wikipedia": null, "building:levels": null, "operator:wikidata": null, "operator:wikipedia": null, "roof:levels": null, "website": null, "height": null, "ref": null, "short_name": null, "alt_name": null, "historic": null, "atm_ref": null, "brand": null, "brand:wikidata": null, "millennium:date": null, "millennium:network": null, "millennium:ref": null, "millennium:subtype": null, "opening_hours": null, "operator": null, "shop": null, "brand:wikipedia": null, "check_date:opening_hours": null, "toilets:wheelchair": null, "wheelchair": null, "source:building": null, "email": null, "fax": null, "government": null, "office": null, "official_name": null, "phone": null, "source:office": null, "addr:country": null, "addr:street:sym_ul": null, "church:id": null, "church:type": null, "name:etymology:wikidata": null, "name:etymology:wikipedia": null, "parish": null, "parish:wikidata": null, "parish:wikipedia": null, "shrine": null, "shrine:name": null, "shrine:type": null, "start_date": null, "wikimedia_commons": null, "building:colour": null, "building:material": null, "roof:colour": null, "roof:material": null, "theatre:type": null, "admin_level": null, "website:ua": null, "emergency": null, "note": null, "layer": null, "level": null, "panoramax": null, "payment:cards": null, "payment:cash": null, "payment:qr_code": null, "cuisine": null, "drive_through": null, "smoking": null, "takeaway": null, "name:lt": null, "brewery": null, "outdoor_seating": null, "healthcare": null, "name:pl": null, "name:uk": null, "building:levels:underground": null, "source:geometry": null, "source": null, "service:vehicle:glass": null, "service:vehicle:glass_repair": null, "power": null, "addr:housename": null, "man_made": null, "internet_access": null, "internet_access:fee": null, "roof:shape": null, "stars": null, "tourism": null, "museum": null, "ref:ckkp": null, "townhall:type": null, "leisure": null, "social_facility": null, "social_facility:for": null, "fuel:HGV_diesel": null, "fuel:diesel": null, "fuel:lpg": null, "fuel:octane_95": null, "fuel:octane_98": null, "payment:credit_cards": null, "second_hand": null, "service:vehicle:air_conditioning": null, "service:vehicle:car_repair": null, "service:vehicle:new_car_sales": null, "service:vehicle:oil_change": null, "service:vehicle:repairs": null, "service:vehicle:tyres": null, "service:vehicle:used_car_sales": null, "sport": null, "payment:debit_cards": null, "payment:maestro": null, "payment:mastercard": null, "payment:visa": null, "payment:visa_electron": null, "rooms": null, "check_date": null, "railway": null, "railway:ref": null, "railway:signal_box": null, "bus": null, "public_transport": null, "access": null, "changing_table": null, "fee": null, "toilets:disposal": null, "unisex": null, "ref:csioz": null, "contact:phone": null, "contact:email": null, "contact:website": null, "capacity": null, "isced:level": null, "nursery": null, "operator:website": null, "source:amenity": null, "roof:direction": null, "beds": null, "payment:credit_card": null, "payment:girocard": null, "operator:type": null, "indoor": null, "entrance": null, "frequency": null, "location": null, "substation": null, "voltage": null, "fixme": null, "maxwidth": null, "payment:dkv": null, "payment:routex": null, "payment:uta": null, "branch": null, "roof:orientation": null, "communication:mobile_phone": null, "material": null, "tower:construction": null, "tower:type": null, "name:en": null, "addr:place": null, "name:pdc": null, "service:vehicle:window_tinting": null, "service:vehicle:windshields": null, "craft": null, "bench": null, "roof:height": null, "shelter_type": null, "building:part": null, "service": null, "atm": null, "blood:whole": null, "description": null, "construction": null, "wholesale": null, "type": null, "height_nmt": 171.07000732421875, "height_nmpt": 179.13999938964844, "height_obj": 8.069992065429688}, "geometry": {"type": "Polygon", "coordinates": [[[22.9284218, 54.1055088], [22.928708599999997, 54.1055146], [22.9287121, 54.10545569999999], [22.9287145, 54.10541489999999], [22.928427699999997, 54.105409099999996], [22.9284218, 54.1055088]]]}}, {"id": "68", "type": "Feature", "properties": {"element": "way", "id": 224085215, "addr:city": "Suwa\u0142ki", "addr:city:simc": "0977456", "addr:housenumber": "87", "addr:postcode": "16-400", "addr:street": "Tadeusza Ko\u015bciuszki", "amenity": null, "building": "apartments", "deanery": null, "denomination": null, "diocese": null, "heritage": null, "heritage:operator": null, "image": null, "name": null, "ref:nid": null, "religion": null, "source:addr": "EMUiA (emuia.gugik.gov.pl)", "url": null, "wikidata": null, "wikipedia": null, "building:levels": "2", "operator:wikidata": null, "operator:wikipedia": null, "roof:levels": null, "website": null, "height": null, "ref": null, "short_name": null, "alt_name": null, "historic": null, "atm_ref": null, "brand": null, "brand:wikidata": null, "millennium:date": null, "millennium:network": null, "millennium:ref": null, "millennium:subtype": null, "opening_hours": null, "operator": null, "shop": null, "brand:wikipedia": null, "check_date:opening_hours": null, "toilets:wheelchair": null, "wheelchair": null, "source:building": null, "email": null, "fax": null, "government": null, "office": null, "official_name": null, "phone": null, "source:office": null, "addr:country": null, "addr:street:sym_ul": null, "church:id": null, "church:type": null, "name:etymology:wikidata": null, "name:etymology:wikipedia": null, "parish": null, "parish:wikidata": null, "parish:wikipedia": null, "shrine": null, "shrine:name": null, "shrine:type": null, "start_date": null, "wikimedia_commons": null, "building:colour": null, "building:material": null, "roof:colour": null, "roof:material": null, "theatre:type": null, "admin_level": null, "website:ua": null, "emergency": null, "note": null, "layer": null, "level": null, "panoramax": null, "payment:cards": null, "payment:cash": null, "payment:qr_code": null, "cuisine": null, "drive_through": null, "smoking": null, "takeaway": null, "name:lt": null, "brewery": null, "outdoor_seating": null, "healthcare": null, "name:pl": null, "name:uk": null, "building:levels:underground": null, "source:geometry": null, "source": null, "service:vehicle:glass": null, "service:vehicle:glass_repair": null, "power": null, "addr:housename": null, "man_made": null, "internet_access": null, "internet_access:fee": null, "roof:shape": null, "stars": null, "tourism": null, "museum": null, "ref:ckkp": null, "townhall:type": null, "leisure": null, "social_facility": null, "social_facility:for": null, "fuel:HGV_diesel": null, "fuel:diesel": null, "fuel:lpg": null, "fuel:octane_95": null, "fuel:octane_98": null, "payment:credit_cards": null, "second_hand": null, "service:vehicle:air_conditioning": null, "service:vehicle:car_repair": null, "service:vehicle:new_car_sales": null, "service:vehicle:oil_change": null, "service:vehicle:repairs": null, "service:vehicle:tyres": null, "service:vehicle:used_car_sales": null, "sport": null, "payment:debit_cards": null, "payment:maestro": null, "payment:mastercard": null, "payment:visa": null, "payment:visa_electron": null, "rooms": null, "check_date": null, "railway": null, "railway:ref": null, "railway:signal_box": null, "bus": null, "public_transport": null, "access": null, "changing_table": null, "fee": null, "toilets:disposal": null, "unisex": null, "ref:csioz": null, "contact:phone": null, "contact:email": null, "contact:website": null, "capacity": null, "isced:level": null, "nursery": null, "operator:website": null, "source:amenity": null, "roof:direction": null, "beds": null, "payment:credit_card": null, "payment:girocard": null, "operator:type": null, "indoor": null, "entrance": null, "frequency": null, "location": null, "substation": null, "voltage": null, "fixme": null, "maxwidth": null, "payment:dkv": null, "payment:routex": null, "payment:uta": null, "branch": null, "roof:orientation": null, "communication:mobile_phone": null, "material": null, "tower:construction": null, "tower:type": null, "name:en": null, "addr:place": null, "name:pdc": null, "service:vehicle:window_tinting": null, "service:vehicle:windshields": null, "craft": null, "bench": null, "roof:height": null, "shelter_type": null, "building:part": null, "service": null, "atm": null, "blood:whole": null, "description": null, "construction": null, "wholesale": null, "type": null, "height_nmt": 170.97000122070312, "height_nmpt": 182.6699981689453, "height_obj": 11.699996948242188}, "geometry": {"type": "Polygon", "coordinates": [[[22.92754, 54.1052546], [22.9277577, 54.105259399999994], [22.9277645, 54.1050357], [22.9275551, 54.10503239999999], [22.92754, 54.1052546]]]}}, {"id": "69", "type": "Feature", "properties": {"element": "way", "id": 224085216, "addr:city": "Suwa\u0142ki", "addr:city:simc": "0977456", "addr:housenumber": "118", "addr:postcode": "16-400", "addr:street": "Tadeusza Ko\u015bciuszki", "amenity": null, "building": "yes", "deanery": null, "denomination": null, "diocese": null, "heritage": null, "heritage:operator": null, "image": null, "name": null, "ref:nid": null, "religion": null, "source:addr": "EMUiA (emuia.gugik.gov.pl)", "url": null, "wikidata": null, "wikipedia": null, "building:levels": null, "operator:wikidata": null, "operator:wikipedia": null, "roof:levels": null, "website": null, "height": null, "ref": null, "short_name": null, "alt_name": null, "historic": null, "atm_ref": null, "brand": null, "brand:wikidata": null, "millennium:date": null, "millennium:network": null, "millennium:ref": null, "millennium:subtype": null, "opening_hours": null, "operator": null, "shop": null, "brand:wikipedia": null, "check_date:opening_hours": null, "toilets:wheelchair": null, "wheelchair": null, "source:building": null, "email": null, "fax": null, "government": null, "office": null, "official_name": null, "phone": null, "source:office": null, "addr:country": null, "addr:street:sym_ul": null, "church:id": null, "church:type": null, "name:etymology:wikidata": null, "name:etymology:wikipedia": null, "parish": null, "parish:wikidata": null, "parish:wikipedia": null, "shrine": null, "shrine:name": null, "shrine:type": null, "start_date": null, "wikimedia_commons": null, "building:colour": null, "building:material": null, "roof:colour": null, "roof:material": null, "theatre:type": null, "admin_level": null, "website:ua": null, "emergency": null, "note": null, "layer": null, "level": null, "panoramax": null, "payment:cards": null, "payment:cash": null, "payment:qr_code": null, "cuisine": null, "drive_through": null, "smoking": null, "takeaway": null, "name:lt": null, "brewery": null, "outdoor_seating": null, "healthcare": null, "name:pl": null, "name:uk": null, "building:levels:underground": null, "source:geometry": null, "source": null, "service:vehicle:glass": null, "service:vehicle:glass_repair": null, "power": null, "addr:housename": null, "man_made": null, "internet_access": null, "internet_access:fee": null, "roof:shape": null, "stars": null, "tourism": null, "museum": null, "ref:ckkp": null, "townhall:type": null, "leisure": null, "social_facility": null, "social_facility:for": null, "fuel:HGV_diesel": null, "fuel:diesel": null, "fuel:lpg": null, "fuel:octane_95": null, "fuel:octane_98": null, "payment:credit_cards": null, "second_hand": null, "service:vehicle:air_conditioning": null, "service:vehicle:car_repair": null, "service:vehicle:new_car_sales": null, "service:vehicle:oil_change": null, "service:vehicle:repairs": null, "service:vehicle:tyres": null, "service:vehicle:used_car_sales": null, "sport": null, "payment:debit_cards": null, "payment:maestro": null, "payment:mastercard": null, "payment:visa": null, "payment:visa_electron": null, "rooms": null, "check_date": null, "railway": null, "railway:ref": null, "railway:signal_box": null, "bus": null, "public_transport": null, "access": null, "changing_table": null, "fee": null, "toilets:disposal": null, "unisex": null, "ref:csioz": null, "contact:phone": null, "contact:email": null, "contact:website": null, "capacity": null, "isced:level": null, "nursery": null, "operator:website": null, "source:amenity": null, "roof:direction": null, "beds": null, "payment:credit_card": null, "payment:girocard": null, "operator:type": null, "indoor": null, "entrance": null, "frequency": null, "location": null, "substation": null, "voltage": null, "fixme": null, "maxwidth": null, "payment:dkv": null, "payment:routex": null, "payment:uta": null, "branch": null, "roof:orientation": null, "communication:mobile_phone": null, "material": null, "tower:construction": null, "tower:type": null, "name:en": null, "addr:place": null, "name:pdc": null, "service:vehicle:window_tinting": null, "service:vehicle:windshields": null, "craft": null, "bench": null, "roof:height": null, "shelter_type": null, "building:part": null, "service": null, "atm": null, "blood:whole": null, "description": null, "construction": null, "wholesale": null, "type": null, "height_nmt": 171.1199951171875, "height_nmpt": 180.41000366210938, "height_obj": 9.290008544921875}, "geometry": {"type": "Polygon", "coordinates": [[[22.9283767, 54.10486160000001], [22.9281594, 54.1048561], [22.9281463, 54.1049624], [22.9283681, 54.104967900000005], [22.9283767, 54.10486160000001]]]}}, {"id": "70", "type": "Feature", "properties": {"element": "way", "id": 224085218, "addr:city": "Suwa\u0142ki", "addr:city:simc": "0977456", "addr:housenumber": "95", "addr:postcode": "16-400", "addr:street": "Tadeusza Ko\u015bciuszki", "amenity": null, "building": "yes", "deanery": null, "denomination": null, "diocese": null, "heritage": null, "heritage:operator": null, "image": null, "name": null, "ref:nid": null, "religion": null, "source:addr": "EMUiA (emuia.gugik.gov.pl)", "url": null, "wikidata": null, "wikipedia": null, "building:levels": null, "operator:wikidata": null, "operator:wikipedia": null, "roof:levels": null, "website": null, "height": null, "ref": null, "short_name": null, "alt_name": null, "historic": null, "atm_ref": null, "brand": null, "brand:wikidata": null, "millennium:date": null, "millennium:network": null, "millennium:ref": null, "millennium:subtype": null, "opening_hours": null, "operator": null, "shop": null, "brand:wikipedia": null, "check_date:opening_hours": null, "toilets:wheelchair": null, "wheelchair": null, "source:building": null, "email": null, "fax": null, "government": null, "office": null, "official_name": null, "phone": null, "source:office": null, "addr:country": null, "addr:street:sym_ul": null, "church:id": null, "church:type": null, "name:etymology:wikidata": null, "name:etymology:wikipedia": null, "parish": null, "parish:wikidata": null, "parish:wikipedia": null, "shrine": null, "shrine:name": null, "shrine:type": null, "start_date": null, "wikimedia_commons": null, "building:colour": null, "building:material": null, "roof:colour": null, "roof:material": null, "theatre:type": null, "admin_level": null, "website:ua": null, "emergency": null, "note": null, "layer": null, "level": null, "panoramax": null, "payment:cards": null, "payment:cash": null, "payment:qr_code": null, "cuisine": null, "drive_through": null, "smoking": null, "takeaway": null, "name:lt": null, "brewery": null, "outdoor_seating": null, "healthcare": null, "name:pl": null, "name:uk": null, "building:levels:underground": null, "source:geometry": null, "source": null, "service:vehicle:glass": null, "service:vehicle:glass_repair": null, "power": null, "addr:housename": null, "man_made": null, "internet_access": null, "internet_access:fee": null, "roof:shape": null, "stars": null, "tourism": null, "museum": null, "ref:ckkp": null, "townhall:type": null, "leisure": null, "social_facility": null, "social_facility:for": null, "fuel:HGV_diesel": null, "fuel:diesel": null, "fuel:lpg": null, "fuel:octane_95": null, "fuel:octane_98": null, "payment:credit_cards": null, "second_hand": null, "service:vehicle:air_conditioning": null, "service:vehicle:car_repair": null, "service:vehicle:new_car_sales": null, "service:vehicle:oil_change": null, "service:vehicle:repairs": null, "service:vehicle:tyres": null, "service:vehicle:used_car_sales": null, "sport": null, "payment:debit_cards": null, "payment:maestro": null, "payment:mastercard": null, "payment:visa": null, "payment:visa_electron": null, "rooms": null, "check_date": null, "railway": null, "railway:ref": null, "railway:signal_box": null, "bus": null, "public_transport": null, "access": null, "changing_table": null, "fee": null, "toilets:disposal": null, "unisex": null, "ref:csioz": null, "contact:phone": null, "contact:email": null, "contact:website": null, "capacity": null, "isced:level": null, "nursery": null, "operator:website": null, "source:amenity": null, "roof:direction": null, "beds": null, "payment:credit_card": null, "payment:girocard": null, "operator:type": null, "indoor": null, "entrance": null, "frequency": null, "location": null, "substation": null, "voltage": null, "fixme": null, "maxwidth": null, "payment:dkv": null, "payment:routex": null, "payment:uta": null, "branch": null, "roof:orientation": null, "communication:mobile_phone": null, "material": null, "tower:construction": null, "tower:type": null, "name:en": null, "addr:place": null, "name:pdc": null, "service:vehicle:window_tinting": null, "service:vehicle:windshields": null, "craft": null, "bench": null, "roof:height": null, "shelter_type": null, "building:part": null, "service": null, "atm": null, "blood:whole": null, "description": null, "construction": null, "wholesale": null, "type": null, "height_nmt": 171.2100067138672, "height_nmpt": 182.5800018310547, "height_obj": 11.3699951171875}, "geometry": {"type": "Polygon", "coordinates": [[[22.9275115, 54.1059956], [22.9276614, 54.1060002], [22.927647499999996, 54.10615789999999], [22.9274976, 54.10615339999999], [22.9275115, 54.1059956]]]}}, {"id": "71", "type": "Feature", "properties": {"element": "way", "id": 224085219, "addr:city": "Suwa\u0142ki", "addr:city:simc": "0977456", "addr:housenumber": "83", "addr:postcode": "16-400", "addr:street": "Tadeusza Ko\u015bciuszki", "amenity": null, "building": "yes", "deanery": null, "denomination": null, "diocese": null, "heritage": null, "heritage:operator": null, "image": null, "name": null, "ref:nid": null, "religion": null, "source:addr": "EMUiA (emuia.gugik.gov.pl)", "url": null, "wikidata": null, "wikipedia": null, "building:levels": null, "operator:wikidata": null, "operator:wikipedia": null, "roof:levels": null, "website": null, "height": null, "ref": null, "short_name": null, "alt_name": null, "historic": null, "atm_ref": null, "brand": null, "brand:wikidata": null, "millennium:date": null, "millennium:network": null, "millennium:ref": null, "millennium:subtype": null, "opening_hours": null, "operator": null, "shop": null, "brand:wikipedia": null, "check_date:opening_hours": null, "toilets:wheelchair": null, "wheelchair": null, "source:building": null, "email": null, "fax": null, "government": null, "office": null, "official_name": null, "phone": null, "source:office": null, "addr:country": null, "addr:street:sym_ul": null, "church:id": null, "church:type": null, "name:etymology:wikidata": null, "name:etymology:wikipedia": null, "parish": null, "parish:wikidata": null, "parish:wikipedia": null, "shrine": null, "shrine:name": null, "shrine:type": null, "start_date": null, "wikimedia_commons": null, "building:colour": null, "building:material": null, "roof:colour": null, "roof:material": null, "theatre:type": null, "admin_level": null, "website:ua": null, "emergency": null, "note": null, "layer": null, "level": null, "panoramax": null, "payment:cards": null, "payment:cash": null, "payment:qr_code": null, "cuisine": null, "drive_through": null, "smoking": null, "takeaway": null, "name:lt": null, "brewery": null, "outdoor_seating": null, "healthcare": null, "name:pl": null, "name:uk": null, "building:levels:underground": null, "source:geometry": null, "source": null, "service:vehicle:glass": null, "service:vehicle:glass_repair": null, "power": null, "addr:housename": null, "man_made": null, "internet_access": null, "internet_access:fee": null, "roof:shape": null, "stars": null, "tourism": null, "museum": null, "ref:ckkp": null, "townhall:type": null, "leisure": null, "social_facility": null, "social_facility:for": null, "fuel:HGV_diesel": null, "fuel:diesel": null, "fuel:lpg": null, "fuel:octane_95": null, "fuel:octane_98": null, "payment:credit_cards": null, "second_hand": null, "service:vehicle:air_conditioning": null, "service:vehicle:car_repair": null, "service:vehicle:new_car_sales": null, "service:vehicle:oil_change": null, "service:vehicle:repairs": null, "service:vehicle:tyres": null, "service:vehicle:used_car_sales": null, "sport": null, "payment:debit_cards": null, "payment:maestro": null, "payment:mastercard": null, "payment:visa": null, "payment:visa_electron": null, "rooms": null, "check_date": null, "railway": null, "railway:ref": null, "railway:signal_box": null, "bus": null, "public_transport": null, "access": null, "changing_table": null, "fee": null, "toilets:disposal": null, "unisex": null, "ref:csioz": null, "contact:phone": null, "contact:email": null, "contact:website": null, "capacity": null, "isced:level": null, "nursery": null, "operator:website": null, "source:amenity": null, "roof:direction": null, "beds": null, "payment:credit_card": null, "payment:girocard": null, "operator:type": null, "indoor": null, "entrance": null, "frequency": null, "location": null, "substation": null, "voltage": null, "fixme": null, "maxwidth": null, "payment:dkv": null, "payment:routex": null, "payment:uta": null, "branch": null, "roof:orientation": null, "communication:mobile_phone": null, "material": null, "tower:construction": null, "tower:type": null, "name:en": null, "addr:place": null, "name:pdc": null, "service:vehicle:window_tinting": null, "service:vehicle:windshields": null, "craft": null, "bench": null, "roof:height": null, "shelter_type": null, "building:part": null, "service": null, "atm": null, "blood:whole": null, "description": null, "construction": null, "wholesale": null, "type": null, "height_nmt": null, "height_nmpt": null, "height_obj": null}, "geometry": {"type": "Polygon", "coordinates": [[[22.927608999999997, 54.1045311], [22.927788999999997, 54.10452949999999], [22.927776499999997, 54.10483679999999], [22.9275916, 54.104826599999996], [22.927608999999997, 54.1045311]]]}}, {"id": "72", "type": "Feature", "properties": {"element": "way", "id": 224085220, "addr:city": "Suwa\u0142ki", "addr:city:simc": "0977456", "addr:housenumber": "93", "addr:postcode": "16-400", "addr:street": "Tadeusza Ko\u015bciuszki", "amenity": null, "building": "apartments", "deanery": null, "denomination": null, "diocese": null, "heritage": null, "heritage:operator": null, "image": null, "name": null, "ref:nid": null, "religion": null, "source:addr": "EMUiA (emuia.gugik.gov.pl)", "url": null, "wikidata": null, "wikipedia": null, "building:levels": "2", "operator:wikidata": null, "operator:wikipedia": null, "roof:levels": null, "website": null, "height": null, "ref": null, "short_name": null, "alt_name": null, "historic": null, "atm_ref": null, "brand": null, "brand:wikidata": null, "millennium:date": null, "millennium:network": null, "millennium:ref": null, "millennium:subtype": null, "opening_hours": null, "operator": null, "shop": null, "brand:wikipedia": null, "check_date:opening_hours": null, "toilets:wheelchair": null, "wheelchair": null, "source:building": null, "email": null, "fax": null, "government": null, "office": null, "official_name": null, "phone": null, "source:office": null, "addr:country": null, "addr:street:sym_ul": null, "church:id": null, "church:type": null, "name:etymology:wikidata": null, "name:etymology:wikipedia": null, "parish": null, "parish:wikidata": null, "parish:wikipedia": null, "shrine": null, "shrine:name": null, "shrine:type": null, "start_date": null, "wikimedia_commons": null, "building:colour": null, "building:material": null, "roof:colour": null, "roof:material": null, "theatre:type": null, "admin_level": null, "website:ua": null, "emergency": null, "note": null, "layer": null, "level": null, "panoramax": null, "payment:cards": null, "payment:cash": null, "payment:qr_code": null, "cuisine": null, "drive_through": null, "smoking": null, "takeaway": null, "name:lt": null, "brewery": null, "outdoor_seating": null, "healthcare": null, "name:pl": null, "name:uk": null, "building:levels:underground": null, "source:geometry": null, "source": null, "service:vehicle:glass": null, "service:vehicle:glass_repair": null, "power": null, "addr:housename": null, "man_made": null, "internet_access": null, "internet_access:fee": null, "roof:shape": null, "stars": null, "tourism": null, "museum": null, "ref:ckkp": null, "townhall:type": null, "leisure": null, "social_facility": null, "social_facility:for": null, "fuel:HGV_diesel": null, "fuel:diesel": null, "fuel:lpg": null, "fuel:octane_95": null, "fuel:octane_98": null, "payment:credit_cards": null, "second_hand": null, "service:vehicle:air_conditioning": null, "service:vehicle:car_repair": null, "service:vehicle:new_car_sales": null, "service:vehicle:oil_change": null, "service:vehicle:repairs": null, "service:vehicle:tyres": null, "service:vehicle:used_car_sales": null, "sport": null, "payment:debit_cards": null, "payment:maestro": null, "payment:mastercard": null, "payment:visa": null, "payment:visa_electron": null, "rooms": null, "check_date": null, "railway": null, "railway:ref": null, "railway:signal_box": null, "bus": null, "public_transport": null, "access": null, "changing_table": null, "fee": null, "toilets:disposal": null, "unisex": null, "ref:csioz": null, "contact:phone": null, "contact:email": null, "contact:website": null, "capacity": null, "isced:level": null, "nursery": null, "operator:website": null, "source:amenity": null, "roof:direction": null, "beds": null, "payment:credit_card": null, "payment:girocard": null, "operator:type": null, "indoor": null, "entrance": null, "frequency": null, "location": null, "substation": null, "voltage": null, "fixme": null, "maxwidth": null, "payment:dkv": null, "payment:routex": null, "payment:uta": null, "branch": null, "roof:orientation": null, "communication:mobile_phone": null, "material": null, "tower:construction": null, "tower:type": null, "name:en": null, "addr:place": null, "name:pdc": null, "service:vehicle:window_tinting": null, "service:vehicle:windshields": null, "craft": null, "bench": null, "roof:height": null, "shelter_type": null, "building:part": null, "service": null, "atm": null, "blood:whole": null, "description": null, "construction": null, "wholesale": null, "type": null, "height_nmt": 171.13999938964844, "height_nmpt": 180.11000061035156, "height_obj": 8.970001220703125}, "geometry": {"type": "Polygon", "coordinates": [[[22.927483, 54.1059141], [22.9276901, 54.10592299999999], [22.927714699999996, 54.10572599999998], [22.9275075, 54.1057171], [22.927483, 54.1059141]]]}}, {"id": "73", "type": "Feature", "properties": {"element": "way", "id": 224085221, "addr:city": "Suwa\u0142ki", "addr:city:simc": "0977456", "addr:housenumber": "89", "addr:postcode": "16-400", "addr:street": "Tadeusza Ko\u015bciuszki", "amenity": null, "building": "apartments", "deanery": null, "denomination": null, "diocese": null, "heritage": null, "heritage:operator": null, "image": null, "name": null, "ref:nid": null, "religion": null, "source:addr": "EMUiA (emuia.gugik.gov.pl)", "url": null, "wikidata": null, "wikipedia": null, "building:levels": "3", "operator:wikidata": null, "operator:wikipedia": null, "roof:levels": null, "website": null, "height": null, "ref": null, "short_name": null, "alt_name": null, "historic": null, "atm_ref": null, "brand": null, "brand:wikidata": null, "millennium:date": null, "millennium:network": null, "millennium:ref": null, "millennium:subtype": null, "opening_hours": null, "operator": null, "shop": null, "brand:wikipedia": null, "check_date:opening_hours": null, "toilets:wheelchair": null, "wheelchair": null, "source:building": null, "email": null, "fax": null, "government": null, "office": null, "official_name": null, "phone": null, "source:office": null, "addr:country": null, "addr:street:sym_ul": null, "church:id": null, "church:type": null, "name:etymology:wikidata": null, "name:etymology:wikipedia": null, "parish": null, "parish:wikidata": null, "parish:wikipedia": null, "shrine": null, "shrine:name": null, "shrine:type": null, "start_date": null, "wikimedia_commons": null, "building:colour": null, "building:material": null, "roof:colour": null, "roof:material": null, "theatre:type": null, "admin_level": null, "website:ua": null, "emergency": null, "note": null, "layer": null, "level": null, "panoramax": null, "payment:cards": null, "payment:cash": null, "payment:qr_code": null, "cuisine": null, "drive_through": null, "smoking": null, "takeaway": null, "name:lt": null, "brewery": null, "outdoor_seating": null, "healthcare": null, "name:pl": null, "name:uk": null, "building:levels:underground": null, "source:geometry": null, "source": null, "service:vehicle:glass": null, "service:vehicle:glass_repair": null, "power": null, "addr:housename": null, "man_made": null, "internet_access": null, "internet_access:fee": null, "roof:shape": null, "stars": null, "tourism": null, "museum": null, "ref:ckkp": null, "townhall:type": null, "leisure": null, "social_facility": null, "social_facility:for": null, "fuel:HGV_diesel": null, "fuel:diesel": null, "fuel:lpg": null, "fuel:octane_95": null, "fuel:octane_98": null, "payment:credit_cards": null, "second_hand": null, "service:vehicle:air_conditioning": null, "service:vehicle:car_repair": null, "service:vehicle:new_car_sales": null, "service:vehicle:oil_change": null, "service:vehicle:repairs": null, "service:vehicle:tyres": null, "service:vehicle:used_car_sales": null, "sport": null, "payment:debit_cards": null, "payment:maestro": null, "payment:mastercard": null, "payment:visa": null, "payment:visa_electron": null, "rooms": null, "check_date": null, "railway": null, "railway:ref": null, "railway:signal_box": null, "bus": null, "public_transport": null, "access": null, "changing_table": null, "fee": null, "toilets:disposal": null, "unisex": null, "ref:csioz": null, "contact:phone": null, "contact:email": null, "contact:website": null, "capacity": null, "isced:level": null, "nursery": null, "operator:website": null, "source:amenity": null, "roof:direction": null, "beds": null, "payment:credit_card": null, "payment:girocard": null, "operator:type": null, "indoor": null, "entrance": null, "frequency": null, "location": null, "substation": null, "voltage": null, "fixme": null, "maxwidth": null, "payment:dkv": null, "payment:routex": null, "payment:uta": null, "branch": null, "roof:orientation": null, "communication:mobile_phone": null, "material": null, "tower:construction": null, "tower:type": null, "name:en": null, "addr:place": null, "name:pdc": null, "service:vehicle:window_tinting": null, "service:vehicle:windshields": null, "craft": null, "bench": null, "roof:height": null, "shelter_type": null, "building:part": null, "service": null, "atm": null, "blood:whole": null, "description": null, "construction": null, "wholesale": null, "type": null, "height_nmt": 171.00999450683594, "height_nmpt": 187.5, "height_obj": 16.490005493164062}, "geometry": {"type": "Polygon", "coordinates": [[[22.92754, 54.1052546], [22.927535499999998, 54.10532289999999], [22.9275182, 54.105509699999985], [22.9277371, 54.1055169], [22.9277577, 54.105259399999994], [22.92754, 54.1052546]]]}}, {"id": "74", "type": "Feature", "properties": {"element": "way", "id": 224085222, "addr:city": "Suwa\u0142ki", "addr:city:simc": "0977456", "addr:housenumber": "124", "addr:postcode": "16-400", "addr:street": "Tadeusza Ko\u015bciuszki", "amenity": null, "building": "yes", "deanery": null, "denomination": null, "diocese": null, "heritage": null, "heritage:operator": null, "image": null, "name": null, "ref:nid": null, "religion": null, "source:addr": "EMUiA (emuia.gugik.gov.pl)", "url": null, "wikidata": null, "wikipedia": null, "building:levels": null, "operator:wikidata": null, "operator:wikipedia": null, "roof:levels": null, "website": null, "height": null, "ref": null, "short_name": null, "alt_name": null, "historic": null, "atm_ref": null, "brand": null, "brand:wikidata": null, "millennium:date": null, "millennium:network": null, "millennium:ref": null, "millennium:subtype": null, "opening_hours": null, "operator": null, "shop": null, "brand:wikipedia": null, "check_date:opening_hours": null, "toilets:wheelchair": null, "wheelchair": null, "source:building": null, "email": null, "fax": null, "government": null, "office": null, "official_name": null, "phone": null, "source:office": null, "addr:country": null, "addr:street:sym_ul": null, "church:id": null, "church:type": null, "name:etymology:wikidata": null, "name:etymology:wikipedia": null, "parish": null, "parish:wikidata": null, "parish:wikipedia": null, "shrine": null, "shrine:name": null, "shrine:type": null, "start_date": null, "wikimedia_commons": null, "building:colour": null, "building:material": null, "roof:colour": null, "roof:material": null, "theatre:type": null, "admin_level": null, "website:ua": null, "emergency": null, "note": null, "layer": null, "level": null, "panoramax": null, "payment:cards": null, "payment:cash": null, "payment:qr_code": null, "cuisine": null, "drive_through": null, "smoking": null, "takeaway": null, "name:lt": null, "brewery": null, "outdoor_seating": null, "healthcare": null, "name:pl": null, "name:uk": null, "building:levels:underground": null, "source:geometry": null, "source": null, "service:vehicle:glass": null, "service:vehicle:glass_repair": null, "power": null, "addr:housename": null, "man_made": null, "internet_access": null, "internet_access:fee": null, "roof:shape": null, "stars": null, "tourism": null, "museum": null, "ref:ckkp": null, "townhall:type": null, "leisure": null, "social_facility": null, "social_facility:for": null, "fuel:HGV_diesel": null, "fuel:diesel": null, "fuel:lpg": null, "fuel:octane_95": null, "fuel:octane_98": null, "payment:credit_cards": null, "second_hand": null, "service:vehicle:air_conditioning": null, "service:vehicle:car_repair": null, "service:vehicle:new_car_sales": null, "service:vehicle:oil_change": null, "service:vehicle:repairs": null, "service:vehicle:tyres": null, "service:vehicle:used_car_sales": null, "sport": null, "payment:debit_cards": null, "payment:maestro": null, "payment:mastercard": null, "payment:visa": null, "payment:visa_electron": null, "rooms": null, "check_date": null, "railway": null, "railway:ref": null, "railway:signal_box": null, "bus": null, "public_transport": null, "access": null, "changing_table": null, "fee": null, "toilets:disposal": null, "unisex": null, "ref:csioz": null, "contact:phone": null, "contact:email": null, "contact:website": null, "capacity": null, "isced:level": null, "nursery": null, "operator:website": null, "source:amenity": null, "roof:direction": null, "beds": null, "payment:credit_card": null, "payment:girocard": null, "operator:type": null, "indoor": null, "entrance": null, "frequency": null, "location": null, "substation": null, "voltage": null, "fixme": null, "maxwidth": null, "payment:dkv": null, "payment:routex": null, "payment:uta": null, "branch": null, "roof:orientation": null, "communication:mobile_phone": null, "material": null, "tower:construction": null, "tower:type": null, "name:en": null, "addr:place": null, "name:pdc": null, "service:vehicle:window_tinting": null, "service:vehicle:windshields": null, "craft": null, "bench": null, "roof:height": null, "shelter_type": null, "building:part": null, "service": null, "atm": null, "blood:whole": null, "description": null, "construction": null, "wholesale": null, "type": null, "height_nmt": 171.4499969482422, "height_nmpt": 182.61000061035156, "height_obj": 11.160003662109375}, "geometry": {"type": "Polygon", "coordinates": [[[22.9283026, 54.10554969999999], [22.9282801, 54.1058064], [22.9281874, 54.1058036], [22.9280812, 54.10580039999999], [22.928103699999998, 54.10554369999999], [22.9283026, 54.10554969999999]]]}}, {"id": "75", "type": "Feature", "properties": {"element": "way", "id": 224085229, "addr:city": "Suwa\u0142ki", "addr:city:simc": "0977456", "addr:housenumber": "97", "addr:postcode": "16-400", "addr:street": "Tadeusza Ko\u015bciuszki", "amenity": null, "building": "yes", "deanery": null, "denomination": null, "diocese": null, "heritage": null, "heritage:operator": null, "image": null, "name": null, "ref:nid": null, "religion": null, "source:addr": "EMUiA (emuia.gugik.gov.pl)", "url": null, "wikidata": null, "wikipedia": null, "building:levels": "2", "operator:wikidata": null, "operator:wikipedia": null, "roof:levels": null, "website": null, "height": null, "ref": null, "short_name": null, "alt_name": null, "historic": "yes", "atm_ref": null, "brand": null, "brand:wikidata": null, "millennium:date": null, "millennium:network": null, "millennium:ref": null, "millennium:subtype": null, "opening_hours": null, "operator": null, "shop": null, "brand:wikipedia": null, "check_date:opening_hours": null, "toilets:wheelchair": null, "wheelchair": null, "source:building": "BDOT", "email": null, "fax": null, "government": null, "office": null, "official_name": null, "phone": null, "source:office": null, "addr:country": null, "addr:street:sym_ul": null, "church:id": null, "church:type": null, "name:etymology:wikidata": null, "name:etymology:wikipedia": null, "parish": null, "parish:wikidata": null, "parish:wikipedia": null, "shrine": null, "shrine:name": null, "shrine:type": null, "start_date": null, "wikimedia_commons": null, "building:colour": null, "building:material": null, "roof:colour": null, "roof:material": null, "theatre:type": null, "admin_level": null, "website:ua": null, "emergency": null, "note": null, "layer": null, "level": null, "panoramax": null, "payment:cards": null, "payment:cash": null, "payment:qr_code": null, "cuisine": null, "drive_through": null, "smoking": null, "takeaway": null, "name:lt": null, "brewery": null, "outdoor_seating": null, "healthcare": null, "name:pl": null, "name:uk": null, "building:levels:underground": null, "source:geometry": null, "source": null, "service:vehicle:glass": null, "service:vehicle:glass_repair": null, "power": null, "addr:housename": null, "man_made": null, "internet_access": null, "internet_access:fee": null, "roof:shape": null, "stars": null, "tourism": null, "museum": null, "ref:ckkp": null, "townhall:type": null, "leisure": null, "social_facility": null, "social_facility:for": null, "fuel:HGV_diesel": null, "fuel:diesel": null, "fuel:lpg": null, "fuel:octane_95": null, "fuel:octane_98": null, "payment:credit_cards": null, "second_hand": null, "service:vehicle:air_conditioning": null, "service:vehicle:car_repair": null, "service:vehicle:new_car_sales": null, "service:vehicle:oil_change": null, "service:vehicle:repairs": null, "service:vehicle:tyres": null, "service:vehicle:used_car_sales": null, "sport": null, "payment:debit_cards": null, "payment:maestro": null, "payment:mastercard": null, "payment:visa": null, "payment:visa_electron": null, "rooms": null, "check_date": null, "railway": null, "railway:ref": null, "railway:signal_box": null, "bus": null, "public_transport": null, "access": null, "changing_table": null, "fee": null, "toilets:disposal": null, "unisex": null, "ref:csioz": null, "contact:phone": null, "contact:email": null, "contact:website": null, "capacity": null, "isced:level": null, "nursery": null, "operator:website": null, "source:amenity": null, "roof:direction": null, "beds": null, "payment:credit_card": null, "payment:girocard": null, "operator:type": null, "indoor": null, "entrance": null, "frequency": null, "location": null, "substation": null, "voltage": null, "fixme": null, "maxwidth": null, "payment:dkv": null, "payment:routex": null, "payment:uta": null, "branch": null, "roof:orientation": null, "communication:mobile_phone": null, "material": null, "tower:construction": null, "tower:type": null, "name:en": null, "addr:place": null, "name:pdc": null, "service:vehicle:window_tinting": null, "service:vehicle:windshields": null, "craft": null, "bench": null, "roof:height": null, "shelter_type": null, "building:part": null, "service": null, "atm": null, "blood:whole": null, "description": null, "construction": null, "wholesale": null, "type": null, "height_nmt": 171.61000061035156, "height_nmpt": 176.97000122070312, "height_obj": 5.3600006103515625}, "geometry": {"type": "Polygon", "coordinates": [[[22.9274479, 54.1063747], [22.927626, 54.10638019999999], [22.9276418, 54.1062239], [22.927249700000004, 54.1062112], [22.9272452, 54.10625269999999], [22.927242400000004, 54.1062972], [22.9274196, 54.1063009], [22.9274207, 54.1062735], [22.927460699999997, 54.1062647], [22.9274479, 54.1063747]]]}}, {"id": "76", "type": "Feature", "properties": {"element": "way", "id": 224085234, "addr:city": "Suwa\u0142ki", "addr:city:simc": "0977456", "addr:housenumber": "85", "addr:postcode": "16-400", "addr:street": "Tadeusza Ko\u015bciuszki", "amenity": null, "building": "apartments", "deanery": null, "denomination": null, "diocese": null, "heritage": null, "heritage:operator": null, "image": null, "name": null, "ref:nid": null, "religion": null, "source:addr": "EMUiA (emuia.gugik.gov.pl)", "url": null, "wikidata": null, "wikipedia": null, "building:levels": "2", "operator:wikidata": null, "operator:wikipedia": null, "roof:levels": null, "website": null, "height": null, "ref": null, "short_name": null, "alt_name": null, "historic": null, "atm_ref": null, "brand": null, "brand:wikidata": null, "millennium:date": null, "millennium:network": null, "millennium:ref": null, "millennium:subtype": null, "opening_hours": null, "operator": null, "shop": null, "brand:wikipedia": null, "check_date:opening_hours": null, "toilets:wheelchair": null, "wheelchair": null, "source:building": null, "email": null, "fax": null, "government": null, "office": null, "official_name": null, "phone": null, "source:office": null, "addr:country": null, "addr:street:sym_ul": null, "church:id": null, "church:type": null, "name:etymology:wikidata": null, "name:etymology:wikipedia": null, "parish": null, "parish:wikidata": null, "parish:wikipedia": null, "shrine": null, "shrine:name": null, "shrine:type": null, "start_date": null, "wikimedia_commons": null, "building:colour": null, "building:material": null, "roof:colour": null, "roof:material": null, "theatre:type": null, "admin_level": null, "website:ua": null, "emergency": null, "note": null, "layer": null, "level": null, "panoramax": null, "payment:cards": null, "payment:cash": null, "payment:qr_code": null, "cuisine": null, "drive_through": null, "smoking": null, "takeaway": null, "name:lt": null, "brewery": null, "outdoor_seating": null, "healthcare": null, "name:pl": null, "name:uk": null, "building:levels:underground": null, "source:geometry": null, "source": null, "service:vehicle:glass": null, "service:vehicle:glass_repair": null, "power": null, "addr:housename": null, "man_made": null, "internet_access": null, "internet_access:fee": null, "roof:shape": null, "stars": null, "tourism": null, "museum": null, "ref:ckkp": null, "townhall:type": null, "leisure": null, "social_facility": null, "social_facility:for": null, "fuel:HGV_diesel": null, "fuel:diesel": null, "fuel:lpg": null, "fuel:octane_95": null, "fuel:octane_98": null, "payment:credit_cards": null, "second_hand": null, "service:vehicle:air_conditioning": null, "service:vehicle:car_repair": null, "service:vehicle:new_car_sales": null, "service:vehicle:oil_change": null, "service:vehicle:repairs": null, "service:vehicle:tyres": null, "service:vehicle:used_car_sales": null, "sport": null, "payment:debit_cards": null, "payment:maestro": null, "payment:mastercard": null, "payment:visa": null, "payment:visa_electron": null, "rooms": null, "check_date": null, "railway": null, "railway:ref": null, "railway:signal_box": null, "bus": null, "public_transport": null, "access": null, "changing_table": null, "fee": null, "toilets:disposal": null, "unisex": null, "ref:csioz": null, "contact:phone": null, "contact:email": null, "contact:website": null, "capacity": null, "isced:level": null, "nursery": null, "operator:website": null, "source:amenity": null, "roof:direction": null, "beds": null, "payment:credit_card": null, "payment:girocard": null, "operator:type": null, "indoor": null, "entrance": null, "frequency": null, "location": null, "substation": null, "voltage": null, "fixme": null, "maxwidth": null, "payment:dkv": null, "payment:routex": null, "payment:uta": null, "branch": null, "roof:orientation": null, "communication:mobile_phone": null, "material": null, "tower:construction": null, "tower:type": null, "name:en": null, "addr:place": null, "name:pdc": null, "service:vehicle:window_tinting": null, "service:vehicle:windshields": null, "craft": null, "bench": null, "roof:height": null, "shelter_type": null, "building:part": null, "service": null, "atm": null, "blood:whole": null, "description": null, "construction": null, "wholesale": null, "type": null, "height_nmt": 171.32000732421875, "height_nmpt": 181.8000030517578, "height_obj": 10.479995727539062}, "geometry": {"type": "Polygon", "coordinates": [[[22.9273844, 54.10482069999999], [22.9275916, 54.104826599999996], [22.927776499999997, 54.10483679999999], [22.9277645, 54.1050357], [22.9275551, 54.10503239999999], [22.9275661, 54.104888800000005], [22.927373899999996, 54.1048838], [22.9273844, 54.10482069999999]]]}}, {"id": "77", "type": "Feature", "properties": {"element": "way", "id": 224085239, "addr:city": "Suwa\u0142ki", "addr:city:simc": "0977456", "addr:housenumber": "91", "addr:postcode": "16-400", "addr:street": "Tadeusza Ko\u015bciuszki", "amenity": null, "building": "apartments", "deanery": null, "denomination": null, "diocese": null, "heritage": null, "heritage:operator": null, "image": null, "name": null, "ref:nid": null, "religion": null, "source:addr": "EMUiA (emuia.gugik.gov.pl)", "url": null, "wikidata": null, "wikipedia": null, "building:levels": "2", "operator:wikidata": null, "operator:wikipedia": null, "roof:levels": null, "website": null, "height": null, "ref": null, "short_name": null, "alt_name": null, "historic": null, "atm_ref": null, "brand": null, "brand:wikidata": null, "millennium:date": null, "millennium:network": null, "millennium:ref": null, "millennium:subtype": null, "opening_hours": null, "operator": null, "shop": null, "brand:wikipedia": null, "check_date:opening_hours": null, "toilets:wheelchair": null, "wheelchair": null, "source:building": null, "email": null, "fax": null, "government": null, "office": null, "official_name": null, "phone": null, "source:office": null, "addr:country": null, "addr:street:sym_ul": null, "church:id": null, "church:type": null, "name:etymology:wikidata": null, "name:etymology:wikipedia": null, "parish": null, "parish:wikidata": null, "parish:wikipedia": null, "shrine": null, "shrine:name": null, "shrine:type": null, "start_date": null, "wikimedia_commons": null, "building:colour": null, "building:material": null, "roof:colour": null, "roof:material": null, "theatre:type": null, "admin_level": null, "website:ua": null, "emergency": null, "note": null, "layer": null, "level": null, "panoramax": null, "payment:cards": null, "payment:cash": null, "payment:qr_code": null, "cuisine": null, "drive_through": null, "smoking": null, "takeaway": null, "name:lt": null, "brewery": null, "outdoor_seating": null, "healthcare": null, "name:pl": null, "name:uk": null, "building:levels:underground": null, "source:geometry": null, "source": null, "service:vehicle:glass": null, "service:vehicle:glass_repair": null, "power": null, "addr:housename": null, "man_made": null, "internet_access": null, "internet_access:fee": null, "roof:shape": null, "stars": null, "tourism": null, "museum": null, "ref:ckkp": null, "townhall:type": null, "leisure": null, "social_facility": null, "social_facility:for": null, "fuel:HGV_diesel": null, "fuel:diesel": null, "fuel:lpg": null, "fuel:octane_95": null, "fuel:octane_98": null, "payment:credit_cards": null, "second_hand": null, "service:vehicle:air_conditioning": null, "service:vehicle:car_repair": null, "service:vehicle:new_car_sales": null, "service:vehicle:oil_change": null, "service:vehicle:repairs": null, "service:vehicle:tyres": null, "service:vehicle:used_car_sales": null, "sport": null, "payment:debit_cards": null, "payment:maestro": null, "payment:mastercard": null, "payment:visa": null, "payment:visa_electron": null, "rooms": null, "check_date": null, "railway": null, "railway:ref": null, "railway:signal_box": null, "bus": null, "public_transport": null, "access": null, "changing_table": null, "fee": null, "toilets:disposal": null, "unisex": null, "ref:csioz": null, "contact:phone": null, "contact:email": null, "contact:website": null, "capacity": null, "isced:level": null, "nursery": null, "operator:website": null, "source:amenity": null, "roof:direction": null, "beds": null, "payment:credit_card": null, "payment:girocard": null, "operator:type": null, "indoor": null, "entrance": null, "frequency": null, "location": null, "substation": null, "voltage": null, "fixme": null, "maxwidth": null, "payment:dkv": null, "payment:routex": null, "payment:uta": null, "branch": null, "roof:orientation": null, "communication:mobile_phone": null, "material": null, "tower:construction": null, "tower:type": null, "name:en": null, "addr:place": null, "name:pdc": null, "service:vehicle:window_tinting": null, "service:vehicle:windshields": null, "craft": null, "bench": null, "roof:height": null, "shelter_type": null, "building:part": null, "service": null, "atm": null, "blood:whole": null, "description": null, "construction": null, "wholesale": null, "type": null, "height_nmt": 171.24000549316406, "height_nmpt": 182.41000366210938, "height_obj": 11.169998168945312}, "geometry": {"type": "Polygon", "coordinates": [[[22.9273054, 54.1056729], [22.927306799999997, 54.10565789999999], [22.9275034, 54.1056643], [22.9275182, 54.105509699999985], [22.9277371, 54.1055169], [22.927714699999996, 54.10572599999998], [22.9275075, 54.1057171], [22.9273014, 54.1057102], [22.9273054, 54.1056729]]]}}, {"id": "78", "type": "Feature", "properties": {"element": "way", "id": 224089584, "addr:city": "Suwa\u0142ki", "addr:city:simc": "0977456", "addr:housenumber": "12", "addr:postcode": "16-400", "addr:street": "Paw\u0142a Suzina", "amenity": null, "building": "yes", "deanery": null, "denomination": null, "diocese": null, "heritage": null, "heritage:operator": null, "image": null, "name": null, "ref:nid": null, "religion": null, "source:addr": "gugik.gov.pl", "url": null, "wikidata": null, "wikipedia": null, "building:levels": null, "operator:wikidata": null, "operator:wikipedia": null, "roof:levels": null, "website": null, "height": null, "ref": null, "short_name": null, "alt_name": null, "historic": null, "atm_ref": null, "brand": null, "brand:wikidata": null, "millennium:date": null, "millennium:network": null, "millennium:ref": null, "millennium:subtype": null, "opening_hours": null, "operator": null, "shop": null, "brand:wikipedia": null, "check_date:opening_hours": null, "toilets:wheelchair": null, "wheelchair": null, "source:building": null, "email": null, "fax": null, "government": null, "office": null, "official_name": null, "phone": null, "source:office": null, "addr:country": null, "addr:street:sym_ul": null, "church:id": null, "church:type": null, "name:etymology:wikidata": null, "name:etymology:wikipedia": null, "parish": null, "parish:wikidata": null, "parish:wikipedia": null, "shrine": null, "shrine:name": null, "shrine:type": null, "start_date": null, "wikimedia_commons": null, "building:colour": null, "building:material": null, "roof:colour": null, "roof:material": null, "theatre:type": null, "admin_level": null, "website:ua": null, "emergency": null, "note": null, "layer": null, "level": null, "panoramax": null, "payment:cards": null, "payment:cash": null, "payment:qr_code": null, "cuisine": null, "drive_through": null, "smoking": null, "takeaway": null, "name:lt": null, "brewery": null, "outdoor_seating": null, "healthcare": null, "name:pl": null, "name:uk": null, "building:levels:underground": null, "source:geometry": null, "source": null, "service:vehicle:glass": null, "service:vehicle:glass_repair": null, "power": null, "addr:housename": null, "man_made": null, "internet_access": null, "internet_access:fee": null, "roof:shape": null, "stars": null, "tourism": null, "museum": null, "ref:ckkp": null, "townhall:type": null, "leisure": null, "social_facility": null, "social_facility:for": null, "fuel:HGV_diesel": null, "fuel:diesel": null, "fuel:lpg": null, "fuel:octane_95": null, "fuel:octane_98": null, "payment:credit_cards": null, "second_hand": null, "service:vehicle:air_conditioning": null, "service:vehicle:car_repair": null, "service:vehicle:new_car_sales": null, "service:vehicle:oil_change": null, "service:vehicle:repairs": null, "service:vehicle:tyres": null, "service:vehicle:used_car_sales": null, "sport": null, "payment:debit_cards": null, "payment:maestro": null, "payment:mastercard": null, "payment:visa": null, "payment:visa_electron": null, "rooms": null, "check_date": null, "railway": null, "railway:ref": null, "railway:signal_box": null, "bus": null, "public_transport": null, "access": null, "changing_table": null, "fee": null, "toilets:disposal": null, "unisex": null, "ref:csioz": null, "contact:phone": null, "contact:email": null, "contact:website": null, "capacity": null, "isced:level": null, "nursery": null, "operator:website": null, "source:amenity": null, "roof:direction": null, "beds": null, "payment:credit_card": null, "payment:girocard": null, "operator:type": null, "indoor": null, "entrance": null, "frequency": null, "location": null, "substation": null, "voltage": null, "fixme": null, "maxwidth": null, "payment:dkv": null, "payment:routex": null, "payment:uta": null, "branch": null, "roof:orientation": null, "communication:mobile_phone": null, "material": null, "tower:construction": null, "tower:type": null, "name:en": null, "addr:place": null, "name:pdc": null, "service:vehicle:window_tinting": null, "service:vehicle:windshields": null, "craft": null, "bench": null, "roof:height": null, "shelter_type": null, "building:part": null, "service": null, "atm": null, "blood:whole": null, "description": null, "construction": null, "wholesale": null, "type": null, "height_nmt": 171.89999389648438, "height_nmpt": 175.72999572753906, "height_obj": 3.8300018310546875}, "geometry": {"type": "Polygon", "coordinates": [[[22.9252141, 54.10627579999999], [22.9252203, 54.1061654], [22.9249501, 54.106160200000005], [22.924943899999995, 54.106270499999994], [22.9252141, 54.10627579999999]]]}}, {"id": "79", "type": "Feature", "properties": {"element": "way", "id": 224089585, "addr:city": "Suwa\u0142ki", "addr:city:simc": "0977456", "addr:housenumber": "10", "addr:postcode": "16-400", "addr:street": "Paw\u0142a Suzina", "amenity": null, "building": "house", "deanery": null, "denomination": null, "diocese": null, "heritage": null, "heritage:operator": null, "image": null, "name": null, "ref:nid": null, "religion": null, "source:addr": "EMUiA (emuia.gugik.gov.pl)", "url": null, "wikidata": null, "wikipedia": null, "building:levels": "2", "operator:wikidata": null, "operator:wikipedia": null, "roof:levels": null, "website": null, "height": null, "ref": null, "short_name": null, "alt_name": null, "historic": null, "atm_ref": null, "brand": null, "brand:wikidata": null, "millennium:date": null, "millennium:network": null, "millennium:ref": null, "millennium:subtype": null, "opening_hours": null, "operator": null, "shop": null, "brand:wikipedia": null, "check_date:opening_hours": null, "toilets:wheelchair": null, "wheelchair": null, "source:building": "BDOT", "email": null, "fax": null, "government": null, "office": null, "official_name": null, "phone": null, "source:office": null, "addr:country": null, "addr:street:sym_ul": null, "church:id": null, "church:type": null, "name:etymology:wikidata": null, "name:etymology:wikipedia": null, "parish": null, "parish:wikidata": null, "parish:wikipedia": null, "shrine": null, "shrine:name": null, "shrine:type": null, "start_date": null, "wikimedia_commons": null, "building:colour": null, "building:material": null, "roof:colour": null, "roof:material": null, "theatre:type": null, "admin_level": null, "website:ua": null, "emergency": null, "note": null, "layer": null, "level": null, "panoramax": null, "payment:cards": null, "payment:cash": null, "payment:qr_code": null, "cuisine": null, "drive_through": null, "smoking": null, "takeaway": null, "name:lt": null, "brewery": null, "outdoor_seating": null, "healthcare": null, "name:pl": null, "name:uk": null, "building:levels:underground": null, "source:geometry": null, "source": null, "service:vehicle:glass": null, "service:vehicle:glass_repair": null, "power": null, "addr:housename": null, "man_made": null, "internet_access": null, "internet_access:fee": null, "roof:shape": null, "stars": null, "tourism": null, "museum": null, "ref:ckkp": null, "townhall:type": null, "leisure": null, "social_facility": null, "social_facility:for": null, "fuel:HGV_diesel": null, "fuel:diesel": null, "fuel:lpg": null, "fuel:octane_95": null, "fuel:octane_98": null, "payment:credit_cards": null, "second_hand": null, "service:vehicle:air_conditioning": null, "service:vehicle:car_repair": null, "service:vehicle:new_car_sales": null, "service:vehicle:oil_change": null, "service:vehicle:repairs": null, "service:vehicle:tyres": null, "service:vehicle:used_car_sales": null, "sport": null, "payment:debit_cards": null, "payment:maestro": null, "payment:mastercard": null, "payment:visa": null, "payment:visa_electron": null, "rooms": null, "check_date": null, "railway": null, "railway:ref": null, "railway:signal_box": null, "bus": null, "public_transport": null, "access": null, "changing_table": null, "fee": null, "toilets:disposal": null, "unisex": null, "ref:csioz": null, "contact:phone": null, "contact:email": null, "contact:website": null, "capacity": null, "isced:level": null, "nursery": null, "operator:website": null, "source:amenity": null, "roof:direction": null, "beds": null, "payment:credit_card": null, "payment:girocard": null, "operator:type": null, "indoor": null, "entrance": null, "frequency": null, "location": null, "substation": null, "voltage": null, "fixme": null, "maxwidth": null, "payment:dkv": null, "payment:routex": null, "payment:uta": null, "branch": null, "roof:orientation": null, "communication:mobile_phone": null, "material": null, "tower:construction": null, "tower:type": null, "name:en": null, "addr:place": null, "name:pdc": null, "service:vehicle:window_tinting": null, "service:vehicle:windshields": null, "craft": null, "bench": null, "roof:height": null, "shelter_type": null, "building:part": null, "service": null, "atm": null, "blood:whole": null, "description": null, "construction": null, "wholesale": null, "type": null, "height_nmt": 171.69000244140625, "height_nmpt": 180.35000610351562, "height_obj": 8.660003662109375}, "geometry": {"type": "Polygon", "coordinates": [[[22.9253892, 54.106290699999995], [22.925398099999995, 54.106199799999985], [22.9255357, 54.1062044], [22.9255267, 54.10629540000001], [22.9253892, 54.106290699999995]]]}}, {"id": "80", "type": "Feature", "properties": {"element": "way", "id": 224089586, "addr:city": "Suwa\u0142ki", "addr:city:simc": "0977456", "addr:housenumber": "4", "addr:postcode": "16-400", "addr:street": "Paw\u0142a Suzina", "amenity": null, "building": "house", "deanery": null, "denomination": null, "diocese": null, "heritage": null, "heritage:operator": null, "image": null, "name": null, "ref:nid": null, "religion": null, "source:addr": "EMUiA (emuia.gugik.gov.pl)", "url": null, "wikidata": null, "wikipedia": null, "building:levels": "1", "operator:wikidata": null, "operator:wikipedia": null, "roof:levels": null, "website": null, "height": null, "ref": null, "short_name": null, "alt_name": null, "historic": null, "atm_ref": null, "brand": null, "brand:wikidata": null, "millennium:date": null, "millennium:network": null, "millennium:ref": null, "millennium:subtype": null, "opening_hours": null, "operator": null, "shop": null, "brand:wikipedia": null, "check_date:opening_hours": null, "toilets:wheelchair": null, "wheelchair": null, "source:building": "BDOT", "email": null, "fax": null, "government": null, "office": null, "official_name": null, "phone": null, "source:office": null, "addr:country": null, "addr:street:sym_ul": null, "church:id": null, "church:type": null, "name:etymology:wikidata": null, "name:etymology:wikipedia": null, "parish": null, "parish:wikidata": null, "parish:wikipedia": null, "shrine": null, "shrine:name": null, "shrine:type": null, "start_date": null, "wikimedia_commons": null, "building:colour": null, "building:material": null, "roof:colour": null, "roof:material": null, "theatre:type": null, "admin_level": null, "website:ua": null, "emergency": null, "note": null, "layer": null, "level": null, "panoramax": null, "payment:cards": null, "payment:cash": null, "payment:qr_code": null, "cuisine": null, "drive_through": null, "smoking": null, "takeaway": null, "name:lt": null, "brewery": null, "outdoor_seating": null, "healthcare": null, "name:pl": null, "name:uk": null, "building:levels:underground": null, "source:geometry": null, "source": null, "service:vehicle:glass": null, "service:vehicle:glass_repair": null, "power": null, "addr:housename": null, "man_made": null, "internet_access": null, "internet_access:fee": null, "roof:shape": null, "stars": null, "tourism": null, "museum": null, "ref:ckkp": null, "townhall:type": null, "leisure": null, "social_facility": null, "social_facility:for": null, "fuel:HGV_diesel": null, "fuel:diesel": null, "fuel:lpg": null, "fuel:octane_95": null, "fuel:octane_98": null, "payment:credit_cards": null, "second_hand": null, "service:vehicle:air_conditioning": null, "service:vehicle:car_repair": null, "service:vehicle:new_car_sales": null, "service:vehicle:oil_change": null, "service:vehicle:repairs": null, "service:vehicle:tyres": null, "service:vehicle:used_car_sales": null, "sport": null, "payment:debit_cards": null, "payment:maestro": null, "payment:mastercard": null, "payment:visa": null, "payment:visa_electron": null, "rooms": null, "check_date": null, "railway": null, "railway:ref": null, "railway:signal_box": null, "bus": null, "public_transport": null, "access": null, "changing_table": null, "fee": null, "toilets:disposal": null, "unisex": null, "ref:csioz": null, "contact:phone": null, "contact:email": null, "contact:website": null, "capacity": null, "isced:level": null, "nursery": null, "operator:website": null, "source:amenity": null, "roof:direction": null, "beds": null, "payment:credit_card": null, "payment:girocard": null, "operator:type": null, "indoor": null, "entrance": null, "frequency": null, "location": null, "substation": null, "voltage": null, "fixme": null, "maxwidth": null, "payment:dkv": null, "payment:routex": null, "payment:uta": null, "branch": null, "roof:orientation": null, "communication:mobile_phone": null, "material": null, "tower:construction": null, "tower:type": null, "name:en": null, "addr:place": null, "name:pdc": null, "service:vehicle:window_tinting": null, "service:vehicle:windshields": null, "craft": null, "bench": null, "roof:height": null, "shelter_type": null, "building:part": null, "service": null, "atm": null, "blood:whole": null, "description": null, "construction": null, "wholesale": null, "type": null, "height_nmt": 171.74000549316406, "height_nmpt": 179.35000610351562, "height_obj": 7.6100006103515625}, "geometry": {"type": "Polygon", "coordinates": [[[22.9261684, 54.10625850000001], [22.9262563, 54.106261599999996], [22.926253400000004, 54.1062893], [22.9263104, 54.1062918], [22.9263136, 54.106263599999984], [22.9264002, 54.1062666], [22.9264135, 54.1061825], [22.926177799999998, 54.106172199999996], [22.9261684, 54.10625850000001]]]}}, {"id": "81", "type": "Feature", "properties": {"element": "way", "id": 224089587, "addr:city": "Suwa\u0142ki", "addr:city:simc": "0977456", "addr:housenumber": "8", "addr:postcode": "16-400", "addr:street": "Paw\u0142a Suzina", "amenity": null, "building": "house", "deanery": null, "denomination": null, "diocese": null, "heritage": null, "heritage:operator": null, "image": null, "name": null, "ref:nid": null, "religion": null, "source:addr": "EMUiA (emuia.gugik.gov.pl)", "url": null, "wikidata": null, "wikipedia": null, "building:levels": "2", "operator:wikidata": null, "operator:wikipedia": null, "roof:levels": null, "website": null, "height": null, "ref": null, "short_name": null, "alt_name": null, "historic": null, "atm_ref": null, "brand": null, "brand:wikidata": null, "millennium:date": null, "millennium:network": null, "millennium:ref": null, "millennium:subtype": null, "opening_hours": null, "operator": null, "shop": null, "brand:wikipedia": null, "check_date:opening_hours": null, "toilets:wheelchair": null, "wheelchair": null, "source:building": "BDOT", "email": null, "fax": null, "government": null, "office": null, "official_name": null, "phone": null, "source:office": null, "addr:country": null, "addr:street:sym_ul": null, "church:id": null, "church:type": null, "name:etymology:wikidata": null, "name:etymology:wikipedia": null, "parish": null, "parish:wikidata": null, "parish:wikipedia": null, "shrine": null, "shrine:name": null, "shrine:type": null, "start_date": null, "wikimedia_commons": null, "building:colour": null, "building:material": null, "roof:colour": null, "roof:material": null, "theatre:type": null, "admin_level": null, "website:ua": null, "emergency": null, "note": null, "layer": null, "level": null, "panoramax": null, "payment:cards": null, "payment:cash": null, "payment:qr_code": null, "cuisine": null, "drive_through": null, "smoking": null, "takeaway": null, "name:lt": null, "brewery": null, "outdoor_seating": null, "healthcare": null, "name:pl": null, "name:uk": null, "building:levels:underground": null, "source:geometry": null, "source": null, "service:vehicle:glass": null, "service:vehicle:glass_repair": null, "power": null, "addr:housename": null, "man_made": null, "internet_access": null, "internet_access:fee": null, "roof:shape": null, "stars": null, "tourism": null, "museum": null, "ref:ckkp": null, "townhall:type": null, "leisure": null, "social_facility": null, "social_facility:for": null, "fuel:HGV_diesel": null, "fuel:diesel": null, "fuel:lpg": null, "fuel:octane_95": null, "fuel:octane_98": null, "payment:credit_cards": null, "second_hand": null, "service:vehicle:air_conditioning": null, "service:vehicle:car_repair": null, "service:vehicle:new_car_sales": null, "service:vehicle:oil_change": null, "service:vehicle:repairs": null, "service:vehicle:tyres": null, "service:vehicle:used_car_sales": null, "sport": null, "payment:debit_cards": null, "payment:maestro": null, "payment:mastercard": null, "payment:visa": null, "payment:visa_electron": null, "rooms": null, "check_date": null, "railway": null, "railway:ref": null, "railway:signal_box": null, "bus": null, "public_transport": null, "access": null, "changing_table": null, "fee": null, "toilets:disposal": null, "unisex": null, "ref:csioz": null, "contact:phone": null, "contact:email": null, "contact:website": null, "capacity": null, "isced:level": null, "nursery": null, "operator:website": null, "source:amenity": null, "roof:direction": null, "beds": null, "payment:credit_card": null, "payment:girocard": null, "operator:type": null, "indoor": null, "entrance": null, "frequency": null, "location": null, "substation": null, "voltage": null, "fixme": null, "maxwidth": null, "payment:dkv": null, "payment:routex": null, "payment:uta": null, "branch": null, "roof:orientation": null, "communication:mobile_phone": null, "material": null, "tower:construction": null, "tower:type": null, "name:en": null, "addr:place": null, "name:pdc": null, "service:vehicle:window_tinting": null, "service:vehicle:windshields": null, "craft": null, "bench": null, "roof:height": null, "shelter_type": null, "building:part": null, "service": null, "atm": null, "blood:whole": null, "description": null, "construction": null, "wholesale": null, "type": null, "height_nmt": 171.6199951171875, "height_nmpt": 180.74000549316406, "height_obj": 9.120010375976562}, "geometry": {"type": "Polygon", "coordinates": [[[22.925664699999995, 54.10628109999999], [22.9257481, 54.1062828], [22.9258027, 54.106283899999994], [22.9258053, 54.1062638], [22.9258113, 54.106213999999994], [22.9257469, 54.10621199999999], [22.925672, 54.1062096], [22.925664699999995, 54.10628109999999]]]}}, {"id": "82", "type": "Feature", "properties": {"element": "way", "id": 224089589, "addr:city": "Suwa\u0142ki", "addr:city:simc": "0977456", "addr:housenumber": "2", "addr:postcode": "16-400", "addr:street": "Paw\u0142a Suzina", "amenity": null, "building": "house", "deanery": null, "denomination": null, "diocese": null, "heritage": null, "heritage:operator": null, "image": null, "name": null, "ref:nid": null, "religion": null, "source:addr": "EMUiA (emuia.gugik.gov.pl)", "url": null, "wikidata": null, "wikipedia": null, "building:levels": "1", "operator:wikidata": null, "operator:wikipedia": null, "roof:levels": null, "website": null, "height": null, "ref": null, "short_name": null, "alt_name": null, "historic": null, "atm_ref": null, "brand": null, "brand:wikidata": null, "millennium:date": null, "millennium:network": null, "millennium:ref": null, "millennium:subtype": null, "opening_hours": null, "operator": null, "shop": null, "brand:wikipedia": null, "check_date:opening_hours": null, "toilets:wheelchair": null, "wheelchair": null, "source:building": "BDOT", "email": null, "fax": null, "government": null, "office": null, "official_name": null, "phone": null, "source:office": null, "addr:country": null, "addr:street:sym_ul": null, "church:id": null, "church:type": null, "name:etymology:wikidata": null, "name:etymology:wikipedia": null, "parish": null, "parish:wikidata": null, "parish:wikipedia": null, "shrine": null, "shrine:name": null, "shrine:type": null, "start_date": null, "wikimedia_commons": null, "building:colour": null, "building:material": null, "roof:colour": null, "roof:material": null, "theatre:type": null, "admin_level": null, "website:ua": null, "emergency": null, "note": null, "layer": null, "level": null, "panoramax": null, "payment:cards": null, "payment:cash": null, "payment:qr_code": null, "cuisine": null, "drive_through": null, "smoking": null, "takeaway": null, "name:lt": null, "brewery": null, "outdoor_seating": null, "healthcare": null, "name:pl": null, "name:uk": null, "building:levels:underground": null, "source:geometry": null, "source": null, "service:vehicle:glass": null, "service:vehicle:glass_repair": null, "power": null, "addr:housename": null, "man_made": null, "internet_access": null, "internet_access:fee": null, "roof:shape": null, "stars": null, "tourism": null, "museum": null, "ref:ckkp": null, "townhall:type": null, "leisure": null, "social_facility": null, "social_facility:for": null, "fuel:HGV_diesel": null, "fuel:diesel": null, "fuel:lpg": null, "fuel:octane_95": null, "fuel:octane_98": null, "payment:credit_cards": null, "second_hand": null, "service:vehicle:air_conditioning": null, "service:vehicle:car_repair": null, "service:vehicle:new_car_sales": null, "service:vehicle:oil_change": null, "service:vehicle:repairs": null, "service:vehicle:tyres": null, "service:vehicle:used_car_sales": null, "sport": null, "payment:debit_cards": null, "payment:maestro": null, "payment:mastercard": null, "payment:visa": null, "payment:visa_electron": null, "rooms": null, "check_date": null, "railway": null, "railway:ref": null, "railway:signal_box": null, "bus": null, "public_transport": null, "access": null, "changing_table": null, "fee": null, "toilets:disposal": null, "unisex": null, "ref:csioz": null, "contact:phone": null, "contact:email": null, "contact:website": null, "capacity": null, "isced:level": null, "nursery": null, "operator:website": null, "source:amenity": null, "roof:direction": null, "beds": null, "payment:credit_card": null, "payment:girocard": null, "operator:type": null, "indoor": null, "entrance": null, "frequency": null, "location": null, "substation": null, "voltage": null, "fixme": null, "maxwidth": null, "payment:dkv": null, "payment:routex": null, "payment:uta": null, "branch": null, "roof:orientation": null, "communication:mobile_phone": null, "material": null, "tower:construction": null, "tower:type": null, "name:en": null, "addr:place": null, "name:pdc": null, "service:vehicle:window_tinting": null, "service:vehicle:windshields": null, "craft": null, "bench": null, "roof:height": null, "shelter_type": null, "building:part": null, "service": null, "atm": null, "blood:whole": null, "description": null, "construction": null, "wholesale": null, "type": null, "height_nmt": 171.55999755859375, "height_nmpt": 180.80999755859375, "height_obj": 9.25}, "geometry": {"type": "Polygon", "coordinates": [[[22.926969000000003, 54.10625699999999], [22.9269707, 54.10624449999999], [22.9269769, 54.10620140000001], [22.9268039, 54.1061955], [22.926801199999996, 54.106251699999994], [22.926969000000003, 54.10625699999999]]]}}, {"id": "83", "type": "Feature", "properties": {"element": "way", "id": 224092283, "addr:city": "Suwa\u0142ki", "addr:city:simc": "0977456", "addr:housenumber": "95", "addr:postcode": "16-400", "addr:street": "Teofila Noniewicza", "amenity": null, "building": "apartments", "deanery": null, "denomination": null, "diocese": null, "heritage": null, "heritage:operator": null, "image": null, "name": null, "ref:nid": null, "religion": null, "source:addr": "EMUiA (emuia.gugik.gov.pl)", "url": null, "wikidata": null, "wikipedia": null, "building:levels": "4", "operator:wikidata": null, "operator:wikipedia": null, "roof:levels": null, "website": null, "height": null, "ref": null, "short_name": null, "alt_name": null, "historic": null, "atm_ref": null, "brand": null, "brand:wikidata": null, "millennium:date": null, "millennium:network": null, "millennium:ref": null, "millennium:subtype": null, "opening_hours": null, "operator": null, "shop": null, "brand:wikipedia": null, "check_date:opening_hours": null, "toilets:wheelchair": null, "wheelchair": null, "source:building": "BDOT", "email": null, "fax": null, "government": null, "office": null, "official_name": null, "phone": null, "source:office": null, "addr:country": null, "addr:street:sym_ul": null, "church:id": null, "church:type": null, "name:etymology:wikidata": null, "name:etymology:wikipedia": null, "parish": null, "parish:wikidata": null, "parish:wikipedia": null, "shrine": null, "shrine:name": null, "shrine:type": null, "start_date": null, "wikimedia_commons": null, "building:colour": null, "building:material": null, "roof:colour": null, "roof:material": null, "theatre:type": null, "admin_level": null, "website:ua": null, "emergency": null, "note": null, "layer": null, "level": null, "panoramax": null, "payment:cards": null, "payment:cash": null, "payment:qr_code": null, "cuisine": null, "drive_through": null, "smoking": null, "takeaway": null, "name:lt": null, "brewery": null, "outdoor_seating": null, "healthcare": null, "name:pl": null, "name:uk": null, "building:levels:underground": null, "source:geometry": null, "source": null, "service:vehicle:glass": null, "service:vehicle:glass_repair": null, "power": null, "addr:housename": null, "man_made": null, "internet_access": null, "internet_access:fee": null, "roof:shape": null, "stars": null, "tourism": null, "museum": null, "ref:ckkp": null, "townhall:type": null, "leisure": null, "social_facility": null, "social_facility:for": null, "fuel:HGV_diesel": null, "fuel:diesel": null, "fuel:lpg": null, "fuel:octane_95": null, "fuel:octane_98": null, "payment:credit_cards": null, "second_hand": null, "service:vehicle:air_conditioning": null, "service:vehicle:car_repair": null, "service:vehicle:new_car_sales": null, "service:vehicle:oil_change": null, "service:vehicle:repairs": null, "service:vehicle:tyres": null, "service:vehicle:used_car_sales": null, "sport": null, "payment:debit_cards": null, "payment:maestro": null, "payment:mastercard": null, "payment:visa": null, "payment:visa_electron": null, "rooms": null, "check_date": null, "railway": null, "railway:ref": null, "railway:signal_box": null, "bus": null, "public_transport": null, "access": null, "changing_table": null, "fee": null, "toilets:disposal": null, "unisex": null, "ref:csioz": null, "contact:phone": null, "contact:email": null, "contact:website": null, "capacity": null, "isced:level": null, "nursery": null, "operator:website": null, "source:amenity": null, "roof:direction": null, "beds": null, "payment:credit_card": null, "payment:girocard": null, "operator:type": null, "indoor": null, "entrance": null, "frequency": null, "location": null, "substation": null, "voltage": null, "fixme": null, "maxwidth": null, "payment:dkv": null, "payment:routex": null, "payment:uta": null, "branch": null, "roof:orientation": null, "communication:mobile_phone": null, "material": null, "tower:construction": null, "tower:type": null, "name:en": null, "addr:place": null, "name:pdc": null, "service:vehicle:window_tinting": null, "service:vehicle:windshields": null, "craft": null, "bench": null, "roof:height": null, "shelter_type": null, "building:part": null, "service": null, "atm": null, "blood:whole": null, "description": null, "construction": null, "wholesale": null, "type": null, "height_nmt": 170.89999389648438, "height_nmpt": 188.02000427246094, "height_obj": 17.120010375976562}, "geometry": {"type": "Polygon", "coordinates": [[[22.9308202, 54.1063335], [22.9308655, 54.1063349], [22.9308651, 54.106338799999996], [22.9308684, 54.106338799999996], [22.930866900000005, 54.10636879999999], [22.9308711, 54.106369], [22.930871699999997, 54.10635769999999], [22.930916499999995, 54.10635909999999], [22.9309187, 54.106336399999996], [22.9310043, 54.106338299999976], [22.9310024, 54.10636219999999], [22.9310475, 54.1063634], [22.9310442, 54.1063865], [22.9311808, 54.106390399999995], [22.931361099999997, 54.1062928], [22.931372299999996, 54.10616919999999], [22.9313811, 54.10607199999998], [22.9313387, 54.10607060000001], [22.9313456, 54.1059822], [22.931347, 54.105982399999995], [22.9313476, 54.1059788], [22.9312553, 54.1059758], [22.9311557, 54.105972699999995], [22.931152, 54.1059992], [22.9311277, 54.105998799999995], [22.9311117, 54.1061825], [22.9311359, 54.10618319999998], [22.9311321, 54.1062169], [22.9310706, 54.106252500000004], [22.931063100000003, 54.1062486], [22.930824500000003, 54.10624119999999], [22.9308202, 54.1063335]]]}}, {"id": "84", "type": "Feature", "properties": {"element": "way", "id": 224092284, "addr:city": "Suwa\u0142ki", "addr:city:simc": "0977456", "addr:housenumber": "124a", "addr:postcode": "16-400", "addr:street": "Tadeusza Ko\u015bciuszki", "amenity": null, "building": "yes", "deanery": null, "denomination": null, "diocese": null, "heritage": null, "heritage:operator": null, "image": null, "name": null, "ref:nid": null, "religion": null, "source:addr": "EMUiA (emuia.gugik.gov.pl)", "url": null, "wikidata": null, "wikipedia": null, "building:levels": null, "operator:wikidata": null, "operator:wikipedia": null, "roof:levels": null, "website": null, "height": null, "ref": null, "short_name": null, "alt_name": null, "historic": null, "atm_ref": null, "brand": null, "brand:wikidata": null, "millennium:date": null, "millennium:network": null, "millennium:ref": null, "millennium:subtype": null, "opening_hours": null, "operator": null, "shop": null, "brand:wikipedia": null, "check_date:opening_hours": null, "toilets:wheelchair": null, "wheelchair": null, "source:building": null, "email": null, "fax": null, "government": null, "office": null, "official_name": null, "phone": null, "source:office": null, "addr:country": null, "addr:street:sym_ul": null, "church:id": null, "church:type": null, "name:etymology:wikidata": null, "name:etymology:wikipedia": null, "parish": null, "parish:wikidata": null, "parish:wikipedia": null, "shrine": null, "shrine:name": null, "shrine:type": null, "start_date": null, "wikimedia_commons": null, "building:colour": null, "building:material": null, "roof:colour": null, "roof:material": null, "theatre:type": null, "admin_level": null, "website:ua": null, "emergency": null, "note": null, "layer": null, "level": null, "panoramax": null, "payment:cards": null, "payment:cash": null, "payment:qr_code": null, "cuisine": null, "drive_through": null, "smoking": null, "takeaway": null, "name:lt": null, "brewery": null, "outdoor_seating": null, "healthcare": null, "name:pl": null, "name:uk": null, "building:levels:underground": null, "source:geometry": null, "source": null, "service:vehicle:glass": null, "service:vehicle:glass_repair": null, "power": null, "addr:housename": null, "man_made": null, "internet_access": null, "internet_access:fee": null, "roof:shape": null, "stars": null, "tourism": null, "museum": null, "ref:ckkp": null, "townhall:type": null, "leisure": null, "social_facility": null, "social_facility:for": null, "fuel:HGV_diesel": null, "fuel:diesel": null, "fuel:lpg": null, "fuel:octane_95": null, "fuel:octane_98": null, "payment:credit_cards": null, "second_hand": null, "service:vehicle:air_conditioning": null, "service:vehicle:car_repair": null, "service:vehicle:new_car_sales": null, "service:vehicle:oil_change": null, "service:vehicle:repairs": null, "service:vehicle:tyres": null, "service:vehicle:used_car_sales": null, "sport": null, "payment:debit_cards": null, "payment:maestro": null, "payment:mastercard": null, "payment:visa": null, "payment:visa_electron": null, "rooms": null, "check_date": null, "railway": null, "railway:ref": null, "railway:signal_box": null, "bus": null, "public_transport": null, "access": null, "changing_table": null, "fee": null, "toilets:disposal": null, "unisex": null, "ref:csioz": null, "contact:phone": null, "contact:email": null, "contact:website": null, "capacity": null, "isced:level": null, "nursery": null, "operator:website": null, "source:amenity": null, "roof:direction": null, "beds": null, "payment:credit_card": null, "payment:girocard": null, "operator:type": null, "indoor": null, "entrance": null, "frequency": null, "location": null, "substation": null, "voltage": null, "fixme": null, "maxwidth": null, "payment:dkv": null, "payment:routex": null, "payment:uta": null, "branch": null, "roof:orientation": null, "communication:mobile_phone": null, "material": null, "tower:construction": null, "tower:type": null, "name:en": null, "addr:place": null, "name:pdc": null, "service:vehicle:window_tinting": null, "service:vehicle:windshields": null, "craft": null, "bench": null, "roof:height": null, "shelter_type": null, "building:part": null, "service": null, "atm": null, "blood:whole": null, "description": null, "construction": null, "wholesale": null, "type": null, "height_nmt": 171.05999755859375, "height_nmpt": 179.67999267578125, "height_obj": 8.6199951171875}, "geometry": {"type": "Polygon", "coordinates": [[[22.929096699999995, 54.1057854], [22.9291826, 54.1057876], [22.9291835, 54.1057707], [22.9292367, 54.105771699999984], [22.9292405, 54.1057039], [22.9291065, 54.10570309999999], [22.929096699999995, 54.1057854]]]}}, {"id": "85", "type": "Feature", "properties": {"element": "way", "id": 224092285, "addr:city": "Suwa\u0142ki", "addr:city:simc": "0977456", "addr:housenumber": "2", "addr:postcode": "16-400", "addr:street": "Genera\u0142a J\u00f3zefa Dwernickiego", "amenity": null, "building": "government", "deanery": null, "denomination": null, "diocese": null, "heritage": null, "heritage:operator": null, "image": null, "name": null, "ref:nid": null, "religion": null, "source:addr": "EMUiA (emuia.gugik.gov.pl)", "url": null, "wikidata": null, "wikipedia": null, "building:levels": "1", "operator:wikidata": null, "operator:wikipedia": null, "roof:levels": null, "website": null, "height": null, "ref": null, "short_name": null, "alt_name": null, "historic": null, "atm_ref": null, "brand": null, "brand:wikidata": null, "millennium:date": null, "millennium:network": null, "millennium:ref": null, "millennium:subtype": null, "opening_hours": null, "operator": null, "shop": null, "brand:wikipedia": null, "check_date:opening_hours": null, "toilets:wheelchair": null, "wheelchair": null, "source:building": "BDOT", "email": null, "fax": null, "government": null, "office": null, "official_name": null, "phone": null, "source:office": null, "addr:country": null, "addr:street:sym_ul": null, "church:id": null, "church:type": null, "name:etymology:wikidata": null, "name:etymology:wikipedia": null, "parish": null, "parish:wikidata": null, "parish:wikipedia": null, "shrine": null, "shrine:name": null, "shrine:type": null, "start_date": null, "wikimedia_commons": null, "building:colour": null, "building:material": null, "roof:colour": null, "roof:material": null, "theatre:type": null, "admin_level": null, "website:ua": null, "emergency": null, "note": null, "layer": null, "level": null, "panoramax": null, "payment:cards": null, "payment:cash": null, "payment:qr_code": null, "cuisine": null, "drive_through": null, "smoking": null, "takeaway": null, "name:lt": null, "brewery": null, "outdoor_seating": null, "healthcare": null, "name:pl": null, "name:uk": null, "building:levels:underground": null, "source:geometry": null, "source": null, "service:vehicle:glass": null, "service:vehicle:glass_repair": null, "power": null, "addr:housename": null, "man_made": null, "internet_access": null, "internet_access:fee": null, "roof:shape": null, "stars": null, "tourism": null, "museum": null, "ref:ckkp": null, "townhall:type": null, "leisure": null, "social_facility": null, "social_facility:for": null, "fuel:HGV_diesel": null, "fuel:diesel": null, "fuel:lpg": null, "fuel:octane_95": null, "fuel:octane_98": null, "payment:credit_cards": null, "second_hand": null, "service:vehicle:air_conditioning": null, "service:vehicle:car_repair": null, "service:vehicle:new_car_sales": null, "service:vehicle:oil_change": null, "service:vehicle:repairs": null, "service:vehicle:tyres": null, "service:vehicle:used_car_sales": null, "sport": null, "payment:debit_cards": null, "payment:maestro": null, "payment:mastercard": null, "payment:visa": null, "payment:visa_electron": null, "rooms": null, "check_date": null, "railway": null, "railway:ref": null, "railway:signal_box": null, "bus": null, "public_transport": null, "access": null, "changing_table": null, "fee": null, "toilets:disposal": null, "unisex": null, "ref:csioz": null, "contact:phone": null, "contact:email": null, "contact:website": null, "capacity": null, "isced:level": null, "nursery": null, "operator:website": null, "source:amenity": null, "roof:direction": null, "beds": null, "payment:credit_card": null, "payment:girocard": null, "operator:type": null, "indoor": null, "entrance": null, "frequency": null, "location": null, "substation": null, "voltage": null, "fixme": null, "maxwidth": null, "payment:dkv": null, "payment:routex": null, "payment:uta": null, "branch": null, "roof:orientation": null, "communication:mobile_phone": null, "material": null, "tower:construction": null, "tower:type": null, "name:en": null, "addr:place": null, "name:pdc": null, "service:vehicle:window_tinting": null, "service:vehicle:windshields": null, "craft": null, "bench": null, "roof:height": null, "shelter_type": null, "building:part": null, "service": null, "atm": null, "blood:whole": null, "description": null, "construction": null, "wholesale": null, "type": null, "height_nmt": 171.0, "height_nmpt": 179.1999969482422, "height_obj": 8.199996948242188}, "geometry": {"type": "Polygon", "coordinates": [[[22.930539, 54.1063738], [22.9306165, 54.106375699999994], [22.9306168, 54.10636969999999], [22.9306879, 54.1063714], [22.9306937, 54.1062991], [22.9305662, 54.106294], [22.930562900000005, 54.10633889999999], [22.930541800000004, 54.106339], [22.930539, 54.1063738]]]}}, {"id": "86", "type": "Feature", "properties": {"element": "way", "id": 224092287, "addr:city": "Suwa\u0142ki", "addr:city:simc": "0977456", "addr:housenumber": "95c", "addr:postcode": "16-400", "addr:street": "Teofila Noniewicza", "amenity": null, "building": "apartments", "deanery": null, "denomination": null, "diocese": null, "heritage": null, "heritage:operator": null, "image": null, "name": null, "ref:nid": null, "religion": null, "source:addr": null, "url": null, "wikidata": null, "wikipedia": null, "building:levels": "4", "operator:wikidata": null, "operator:wikipedia": null, "roof:levels": null, "website": null, "height": null, "ref": null, "short_name": null, "alt_name": null, "historic": null, "atm_ref": null, "brand": null, "brand:wikidata": null, "millennium:date": null, "millennium:network": null, "millennium:ref": null, "millennium:subtype": null, "opening_hours": null, "operator": null, "shop": null, "brand:wikipedia": null, "check_date:opening_hours": null, "toilets:wheelchair": null, "wheelchair": null, "source:building": "BDOT", "email": null, "fax": null, "government": null, "office": null, "official_name": null, "phone": null, "source:office": null, "addr:country": null, "addr:street:sym_ul": null, "church:id": null, "church:type": null, "name:etymology:wikidata": null, "name:etymology:wikipedia": null, "parish": null, "parish:wikidata": null, "parish:wikipedia": null, "shrine": null, "shrine:name": null, "shrine:type": null, "start_date": null, "wikimedia_commons": null, "building:colour": null, "building:material": null, "roof:colour": null, "roof:material": null, "theatre:type": null, "admin_level": null, "website:ua": null, "emergency": null, "note": null, "layer": null, "level": null, "panoramax": null, "payment:cards": null, "payment:cash": null, "payment:qr_code": null, "cuisine": null, "drive_through": null, "smoking": null, "takeaway": null, "name:lt": null, "brewery": null, "outdoor_seating": null, "healthcare": null, "name:pl": null, "name:uk": null, "building:levels:underground": null, "source:geometry": null, "source": null, "service:vehicle:glass": null, "service:vehicle:glass_repair": null, "power": null, "addr:housename": null, "man_made": null, "internet_access": null, "internet_access:fee": null, "roof:shape": null, "stars": null, "tourism": null, "museum": null, "ref:ckkp": null, "townhall:type": null, "leisure": null, "social_facility": null, "social_facility:for": null, "fuel:HGV_diesel": null, "fuel:diesel": null, "fuel:lpg": null, "fuel:octane_95": null, "fuel:octane_98": null, "payment:credit_cards": null, "second_hand": null, "service:vehicle:air_conditioning": null, "service:vehicle:car_repair": null, "service:vehicle:new_car_sales": null, "service:vehicle:oil_change": null, "service:vehicle:repairs": null, "service:vehicle:tyres": null, "service:vehicle:used_car_sales": null, "sport": null, "payment:debit_cards": null, "payment:maestro": null, "payment:mastercard": null, "payment:visa": null, "payment:visa_electron": null, "rooms": null, "check_date": null, "railway": null, "railway:ref": null, "railway:signal_box": null, "bus": null, "public_transport": null, "access": null, "changing_table": null, "fee": null, "toilets:disposal": null, "unisex": null, "ref:csioz": null, "contact:phone": null, "contact:email": null, "contact:website": null, "capacity": null, "isced:level": null, "nursery": null, "operator:website": null, "source:amenity": null, "roof:direction": null, "beds": null, "payment:credit_card": null, "payment:girocard": null, "operator:type": null, "indoor": null, "entrance": null, "frequency": null, "location": null, "substation": null, "voltage": null, "fixme": null, "maxwidth": null, "payment:dkv": null, "payment:routex": null, "payment:uta": null, "branch": null, "roof:orientation": null, "communication:mobile_phone": null, "material": null, "tower:construction": null, "tower:type": null, "name:en": null, "addr:place": null, "name:pdc": null, "service:vehicle:window_tinting": null, "service:vehicle:windshields": null, "craft": null, "bench": null, "roof:height": null, "shelter_type": null, "building:part": null, "service": null, "atm": null, "blood:whole": null, "description": null, "construction": null, "wholesale": null, "type": null, "height_nmt": 171.2100067138672, "height_nmpt": 187.8800048828125, "height_obj": 16.669998168945312}, "geometry": {"type": "Polygon", "coordinates": [[[22.929766499999996, 54.10570739999999], [22.9298601, 54.1057095], [22.9298589, 54.1057253], [22.9299093, 54.105726499999996], [22.9299103, 54.105710699999996], [22.9300889, 54.105714299999995], [22.930088400000002, 54.10573], [22.9301379, 54.1057308], [22.9301387, 54.10571509999999], [22.930233499999996, 54.105716799999996], [22.930236699999995, 54.10566549999999], [22.930245799999998, 54.10566569999999], [22.9302489, 54.1056149], [22.9301929, 54.105613899999994], [22.930192999999996, 54.1056004], [22.930094099999998, 54.10559789999999], [22.9300928, 54.1056117], [22.9299542, 54.10560879999999], [22.9299547, 54.1056007], [22.9298655, 54.10559849999999], [22.929865199999995, 54.1056012], [22.9297486, 54.105598699999994], [22.9297462, 54.1056559], [22.9297601, 54.105655899999995], [22.9297599, 54.1056616], [22.9297687, 54.105661999999995], [22.929766499999996, 54.10570739999999]]]}}, {"id": "87", "type": "Feature", "properties": {"element": "way", "id": 224092288, "addr:city": "Suwa\u0142ki", "addr:city:simc": "0977456", "addr:housenumber": "93", "addr:postcode": "16-400", "addr:street": "Teofila Noniewicza", "amenity": null, "building": "apartments", "deanery": null, "denomination": null, "diocese": null, "heritage": null, "heritage:operator": null, "image": null, "name": null, "ref:nid": null, "religion": null, "source:addr": "EMUiA (emuia.gugik.gov.pl)", "url": null, "wikidata": null, "wikipedia": null, "building:levels": "5", "operator:wikidata": null, "operator:wikipedia": null, "roof:levels": null, "website": null, "height": null, "ref": null, "short_name": null, "alt_name": null, "historic": null, "atm_ref": null, "brand": null, "brand:wikidata": null, "millennium:date": null, "millennium:network": null, "millennium:ref": null, "millennium:subtype": null, "opening_hours": null, "operator": null, "shop": null, "brand:wikipedia": null, "check_date:opening_hours": null, "toilets:wheelchair": null, "wheelchair": null, "source:building": "BDOT", "email": null, "fax": null, "government": null, "office": null, "official_name": null, "phone": null, "source:office": null, "addr:country": null, "addr:street:sym_ul": null, "church:id": null, "church:type": null, "name:etymology:wikidata": null, "name:etymology:wikipedia": null, "parish": null, "parish:wikidata": null, "parish:wikipedia": null, "shrine": null, "shrine:name": null, "shrine:type": null, "start_date": null, "wikimedia_commons": null, "building:colour": null, "building:material": null, "roof:colour": null, "roof:material": null, "theatre:type": null, "admin_level": null, "website:ua": null, "emergency": null, "note": null, "layer": null, "level": null, "panoramax": null, "payment:cards": null, "payment:cash": null, "payment:qr_code": null, "cuisine": null, "drive_through": null, "smoking": null, "takeaway": null, "name:lt": null, "brewery": null, "outdoor_seating": null, "healthcare": null, "name:pl": null, "name:uk": null, "building:levels:underground": null, "source:geometry": null, "source": null, "service:vehicle:glass": null, "service:vehicle:glass_repair": null, "power": null, "addr:housename": null, "man_made": null, "internet_access": null, "internet_access:fee": null, "roof:shape": null, "stars": null, "tourism": null, "museum": null, "ref:ckkp": null, "townhall:type": null, "leisure": null, "social_facility": null, "social_facility:for": null, "fuel:HGV_diesel": null, "fuel:diesel": null, "fuel:lpg": null, "fuel:octane_95": null, "fuel:octane_98": null, "payment:credit_cards": null, "second_hand": null, "service:vehicle:air_conditioning": null, "service:vehicle:car_repair": null, "service:vehicle:new_car_sales": null, "service:vehicle:oil_change": null, "service:vehicle:repairs": null, "service:vehicle:tyres": null, "service:vehicle:used_car_sales": null, "sport": null, "payment:debit_cards": null, "payment:maestro": null, "payment:mastercard": null, "payment:visa": null, "payment:visa_electron": null, "rooms": null, "check_date": null, "railway": null, "railway:ref": null, "railway:signal_box": null, "bus": null, "public_transport": null, "access": null, "changing_table": null, "fee": null, "toilets:disposal": null, "unisex": null, "ref:csioz": null, "contact:phone": null, "contact:email": null, "contact:website": null, "capacity": null, "isced:level": null, "nursery": null, "operator:website": null, "source:amenity": null, "roof:direction": null, "beds": null, "payment:credit_card": null, "payment:girocard": null, "operator:type": null, "indoor": null, "entrance": null, "frequency": null, "location": null, "substation": null, "voltage": null, "fixme": null, "maxwidth": null, "payment:dkv": null, "payment:routex": null, "payment:uta": null, "branch": null, "roof:orientation": null, "communication:mobile_phone": null, "material": null, "tower:construction": null, "tower:type": null, "name:en": null, "addr:place": null, "name:pdc": null, "service:vehicle:window_tinting": null, "service:vehicle:windshields": null, "craft": null, "bench": null, "roof:height": null, "shelter_type": null, "building:part": null, "service": null, "atm": null, "blood:whole": null, "description": null, "construction": null, "wholesale": null, "type": null, "height_nmt": 170.16000366210938, "height_nmpt": 188.14999389648438, "height_obj": 17.989990234375}, "geometry": {"type": "Polygon", "coordinates": [[[22.9313965, 54.1058272], [22.9314072, 54.10569489999999], [22.9313863, 54.10569389999999], [22.931232599999998, 54.105689399999996], [22.9312176, 54.1058235], [22.9312474, 54.105824199999994], [22.9312417, 54.105890200000005], [22.9312177, 54.1058892], [22.9312129, 54.105935], [22.931257599999995, 54.1059371], [22.9312561, 54.10596290000001], [22.9312553, 54.1059758], [22.9313476, 54.1059788], [22.931348899999996, 54.10596559999999], [22.9313503, 54.105952], [22.9313856, 54.105953099999994], [22.931390399999998, 54.1058987], [22.931397599999997, 54.10589889999999], [22.9314008, 54.1058665], [22.9313932, 54.1058664], [22.9313965, 54.1058272]]]}}, {"id": "88", "type": "Feature", "properties": {"element": "way", "id": 224092289, "addr:city": null, "addr:city:simc": null, "addr:housenumber": null, "addr:postcode": null, "addr:street": null, "amenity": null, "building": "yes", "deanery": null, "denomination": null, "diocese": null, "heritage": null, "heritage:operator": null, "image": null, "name": null, "ref:nid": null, "religion": null, "source:addr": null, "url": null, "wikidata": null, "wikipedia": null, "building:levels": "2", "operator:wikidata": null, "operator:wikipedia": null, "roof:levels": null, "website": null, "height": null, "ref": null, "short_name": null, "alt_name": null, "historic": null, "atm_ref": null, "brand": null, "brand:wikidata": null, "millennium:date": null, "millennium:network": null, "millennium:ref": null, "millennium:subtype": null, "opening_hours": null, "operator": null, "shop": null, "brand:wikipedia": null, "check_date:opening_hours": null, "toilets:wheelchair": null, "wheelchair": null, "source:building": "BDOT", "email": null, "fax": null, "government": null, "office": null, "official_name": null, "phone": null, "source:office": null, "addr:country": null, "addr:street:sym_ul": null, "church:id": null, "church:type": null, "name:etymology:wikidata": null, "name:etymology:wikipedia": null, "parish": null, "parish:wikidata": null, "parish:wikipedia": null, "shrine": null, "shrine:name": null, "shrine:type": null, "start_date": null, "wikimedia_commons": null, "building:colour": null, "building:material": null, "roof:colour": null, "roof:material": null, "theatre:type": null, "admin_level": null, "website:ua": null, "emergency": null, "note": null, "layer": null, "level": null, "panoramax": null, "payment:cards": null, "payment:cash": null, "payment:qr_code": null, "cuisine": null, "drive_through": null, "smoking": null, "takeaway": null, "name:lt": null, "brewery": null, "outdoor_seating": null, "healthcare": null, "name:pl": null, "name:uk": null, "building:levels:underground": null, "source:geometry": null, "source": null, "service:vehicle:glass": null, "service:vehicle:glass_repair": null, "power": null, "addr:housename": null, "man_made": null, "internet_access": null, "internet_access:fee": null, "roof:shape": null, "stars": null, "tourism": null, "museum": null, "ref:ckkp": null, "townhall:type": null, "leisure": null, "social_facility": null, "social_facility:for": null, "fuel:HGV_diesel": null, "fuel:diesel": null, "fuel:lpg": null, "fuel:octane_95": null, "fuel:octane_98": null, "payment:credit_cards": null, "second_hand": null, "service:vehicle:air_conditioning": null, "service:vehicle:car_repair": null, "service:vehicle:new_car_sales": null, "service:vehicle:oil_change": null, "service:vehicle:repairs": null, "service:vehicle:tyres": null, "service:vehicle:used_car_sales": null, "sport": null, "payment:debit_cards": null, "payment:maestro": null, "payment:mastercard": null, "payment:visa": null, "payment:visa_electron": null, "rooms": null, "check_date": null, "railway": null, "railway:ref": null, "railway:signal_box": null, "bus": null, "public_transport": null, "access": null, "changing_table": null, "fee": null, "toilets:disposal": null, "unisex": null, "ref:csioz": null, "contact:phone": null, "contact:email": null, "contact:website": null, "capacity": null, "isced:level": null, "nursery": null, "operator:website": null, "source:amenity": null, "roof:direction": null, "beds": null, "payment:credit_card": null, "payment:girocard": null, "operator:type": null, "indoor": null, "entrance": null, "frequency": null, "location": null, "substation": null, "voltage": null, "fixme": null, "maxwidth": null, "payment:dkv": null, "payment:routex": null, "payment:uta": null, "branch": null, "roof:orientation": null, "communication:mobile_phone": null, "material": null, "tower:construction": null, "tower:type": null, "name:en": null, "addr:place": null, "name:pdc": null, "service:vehicle:window_tinting": null, "service:vehicle:windshields": null, "craft": null, "bench": null, "roof:height": null, "shelter_type": null, "building:part": null, "service": null, "atm": null, "blood:whole": null, "description": null, "construction": null, "wholesale": null, "type": null, "height_nmt": 169.86000061035156, "height_nmpt": 183.92999267578125, "height_obj": 14.069992065429688}, "geometry": {"type": "Polygon", "coordinates": [[[22.9304233, 54.1045739], [22.9304114, 54.10470239999999], [22.930472199999997, 54.1047024], [22.9304725, 54.10468259999999], [22.930604, 54.10468529999999], [22.9306142, 54.1045721], [22.93057, 54.10457089999999], [22.93057, 54.10457379999999], [22.9304235, 54.1045712], [22.9304233, 54.1045739]]]}}, {"id": "89", "type": "Feature", "properties": {"element": "way", "id": 224092290, "addr:city": "Suwa\u0142ki", "addr:city:simc": "0977456", "addr:housenumber": "91", "addr:postcode": "16-400", "addr:street": "Teofila Noniewicza", "amenity": null, "building": "yes", "deanery": null, "denomination": null, "diocese": null, "heritage": null, "heritage:operator": null, "image": null, "name": null, "ref:nid": null, "religion": null, "source:addr": "EMUiA (emuia.gugik.gov.pl)", "url": null, "wikidata": null, "wikipedia": null, "building:levels": null, "operator:wikidata": null, "operator:wikipedia": null, "roof:levels": null, "website": null, "height": null, "ref": null, "short_name": null, "alt_name": null, "historic": null, "atm_ref": null, "brand": null, "brand:wikidata": null, "millennium:date": null, "millennium:network": null, "millennium:ref": null, "millennium:subtype": null, "opening_hours": null, "operator": null, "shop": null, "brand:wikipedia": null, "check_date:opening_hours": null, "toilets:wheelchair": null, "wheelchair": null, "source:building": null, "email": null, "fax": null, "government": null, "office": null, "official_name": null, "phone": null, "source:office": null, "addr:country": null, "addr:street:sym_ul": null, "church:id": null, "church:type": null, "name:etymology:wikidata": null, "name:etymology:wikipedia": null, "parish": null, "parish:wikidata": null, "parish:wikipedia": null, "shrine": null, "shrine:name": null, "shrine:type": null, "start_date": null, "wikimedia_commons": null, "building:colour": null, "building:material": null, "roof:colour": null, "roof:material": null, "theatre:type": null, "admin_level": null, "website:ua": null, "emergency": null, "note": null, "layer": null, "level": null, "panoramax": null, "payment:cards": null, "payment:cash": null, "payment:qr_code": null, "cuisine": null, "drive_through": null, "smoking": null, "takeaway": null, "name:lt": null, "brewery": null, "outdoor_seating": null, "healthcare": null, "name:pl": null, "name:uk": null, "building:levels:underground": null, "source:geometry": null, "source": null, "service:vehicle:glass": null, "service:vehicle:glass_repair": null, "power": null, "addr:housename": null, "man_made": null, "internet_access": null, "internet_access:fee": null, "roof:shape": null, "stars": null, "tourism": null, "museum": null, "ref:ckkp": null, "townhall:type": null, "leisure": null, "social_facility": null, "social_facility:for": null, "fuel:HGV_diesel": null, "fuel:diesel": null, "fuel:lpg": null, "fuel:octane_95": null, "fuel:octane_98": null, "payment:credit_cards": null, "second_hand": null, "service:vehicle:air_conditioning": null, "service:vehicle:car_repair": null, "service:vehicle:new_car_sales": null, "service:vehicle:oil_change": null, "service:vehicle:repairs": null, "service:vehicle:tyres": null, "service:vehicle:used_car_sales": null, "sport": null, "payment:debit_cards": null, "payment:maestro": null, "payment:mastercard": null, "payment:visa": null, "payment:visa_electron": null, "rooms": null, "check_date": null, "railway": null, "railway:ref": null, "railway:signal_box": null, "bus": null, "public_transport": null, "access": null, "changing_table": null, "fee": null, "toilets:disposal": null, "unisex": null, "ref:csioz": null, "contact:phone": null, "contact:email": null, "contact:website": null, "capacity": null, "isced:level": null, "nursery": null, "operator:website": null, "source:amenity": null, "roof:direction": null, "beds": null, "payment:credit_card": null, "payment:girocard": null, "operator:type": null, "indoor": null, "entrance": null, "frequency": null, "location": null, "substation": null, "voltage": null, "fixme": null, "maxwidth": null, "payment:dkv": null, "payment:routex": null, "payment:uta": null, "branch": null, "roof:orientation": null, "communication:mobile_phone": null, "material": null, "tower:construction": null, "tower:type": null, "name:en": null, "addr:place": null, "name:pdc": null, "service:vehicle:window_tinting": null, "service:vehicle:windshields": null, "craft": null, "bench": null, "roof:height": null, "shelter_type": null, "building:part": null, "service": null, "atm": null, "blood:whole": null, "description": null, "construction": null, "wholesale": null, "type": null, "height_nmt": 170.58999633789062, "height_nmpt": 181.4499969482422, "height_obj": 10.860000610351562}, "geometry": {"type": "Polygon", "coordinates": [[[22.9313364, 54.1044561], [22.931547799999997, 54.10445759999998], [22.9315359, 54.104712799999994], [22.931168499999995, 54.10470589999999], [22.9311752, 54.104603299999994], [22.931309299999995, 54.10460629999999], [22.9313364, 54.1044561]]]}}, {"id": "90", "type": "Feature", "properties": {"element": "way", "id": 224092291, "addr:city": "Suwa\u0142ki", "addr:city:simc": "0977456", "addr:housenumber": "93c", "addr:postcode": "16-400", "addr:street": "Teofila Noniewicza", "amenity": null, "building": "yes", "deanery": null, "denomination": null, "diocese": null, "heritage": null, "heritage:operator": null, "image": null, "name": null, "ref:nid": null, "religion": null, "source:addr": "EMUiA (emuia.gugik.gov.pl)", "url": null, "wikidata": null, "wikipedia": null, "building:levels": "4", "operator:wikidata": null, "operator:wikipedia": null, "roof:levels": null, "website": null, "height": null, "ref": null, "short_name": null, "alt_name": null, "historic": null, "atm_ref": null, "brand": null, "brand:wikidata": null, "millennium:date": null, "millennium:network": null, "millennium:ref": null, "millennium:subtype": null, "opening_hours": null, "operator": null, "shop": null, "brand:wikipedia": null, "check_date:opening_hours": null, "toilets:wheelchair": null, "wheelchair": null, "source:building": "BDOT", "email": null, "fax": null, "government": null, "office": null, "official_name": null, "phone": null, "source:office": null, "addr:country": null, "addr:street:sym_ul": null, "church:id": null, "church:type": null, "name:etymology:wikidata": null, "name:etymology:wikipedia": null, "parish": null, "parish:wikidata": null, "parish:wikipedia": null, "shrine": null, "shrine:name": null, "shrine:type": null, "start_date": null, "wikimedia_commons": null, "building:colour": null, "building:material": null, "roof:colour": null, "roof:material": null, "theatre:type": null, "admin_level": null, "website:ua": null, "emergency": null, "note": null, "layer": null, "level": null, "panoramax": null, "payment:cards": null, "payment:cash": null, "payment:qr_code": null, "cuisine": null, "drive_through": null, "smoking": null, "takeaway": null, "name:lt": null, "brewery": null, "outdoor_seating": null, "healthcare": null, "name:pl": null, "name:uk": null, "building:levels:underground": null, "source:geometry": null, "source": null, "service:vehicle:glass": null, "service:vehicle:glass_repair": null, "power": null, "addr:housename": null, "man_made": null, "internet_access": null, "internet_access:fee": null, "roof:shape": null, "stars": null, "tourism": null, "museum": null, "ref:ckkp": null, "townhall:type": null, "leisure": null, "social_facility": null, "social_facility:for": null, "fuel:HGV_diesel": null, "fuel:diesel": null, "fuel:lpg": null, "fuel:octane_95": null, "fuel:octane_98": null, "payment:credit_cards": null, "second_hand": null, "service:vehicle:air_conditioning": null, "service:vehicle:car_repair": null, "service:vehicle:new_car_sales": null, "service:vehicle:oil_change": null, "service:vehicle:repairs": null, "service:vehicle:tyres": null, "service:vehicle:used_car_sales": null, "sport": null, "payment:debit_cards": null, "payment:maestro": null, "payment:mastercard": null, "payment:visa": null, "payment:visa_electron": null, "rooms": null, "check_date": null, "railway": null, "railway:ref": null, "railway:signal_box": null, "bus": null, "public_transport": null, "access": null, "changing_table": null, "fee": null, "toilets:disposal": null, "unisex": null, "ref:csioz": null, "contact:phone": null, "contact:email": null, "contact:website": null, "capacity": null, "isced:level": null, "nursery": null, "operator:website": null, "source:amenity": null, "roof:direction": null, "beds": null, "payment:credit_card": null, "payment:girocard": null, "operator:type": null, "indoor": null, "entrance": null, "frequency": null, "location": null, "substation": null, "voltage": null, "fixme": null, "maxwidth": null, "payment:dkv": null, "payment:routex": null, "payment:uta": null, "branch": null, "roof:orientation": null, "communication:mobile_phone": null, "material": null, "tower:construction": null, "tower:type": null, "name:en": null, "addr:place": null, "name:pdc": null, "service:vehicle:window_tinting": null, "service:vehicle:windshields": null, "craft": null, "bench": null, "roof:height": null, "shelter_type": null, "building:part": null, "service": null, "atm": null, "blood:whole": null, "description": null, "construction": null, "wholesale": null, "type": null, "height_nmt": 170.6999969482422, "height_nmpt": 183.14999389648438, "height_obj": 12.449996948242188}, "geometry": {"type": "Polygon", "coordinates": [[[22.93019, 54.1049102], [22.9301923, 54.104860499999994], [22.930215299999997, 54.1048607], [22.9302167, 54.1048315], [22.9301938, 54.10483119999999], [22.9301971, 54.1047633], [22.93022, 54.10476349999999], [22.9302206, 54.10473369999998], [22.9301976, 54.1047334], [22.930199799999997, 54.10468399999999], [22.9301779, 54.1046839], [22.930181999999995, 54.104581599999996], [22.9300468, 54.1045797], [22.9300477, 54.104563999999996], [22.929946799999996, 54.1045624], [22.9299423, 54.10466139999998], [22.9299907, 54.1046621], [22.9299902, 54.1046761], [22.9300329, 54.1046769], [22.930022600000004, 54.10489669999999], [22.9300395, 54.104897], [22.9300382, 54.10492390000001], [22.930132, 54.1049255], [22.9301327, 54.104909299999996], [22.93019, 54.1049102]]]}}, {"id": "91", "type": "Feature", "properties": {"element": "way", "id": 224092292, "addr:city": "Suwa\u0142ki", "addr:city:simc": "0977456", "addr:housenumber": "112c", "addr:postcode": "16-400", "addr:street": "Tadeusza Ko\u015bciuszki", "amenity": null, "building": "apartments", "deanery": null, "denomination": null, "diocese": null, "heritage": null, "heritage:operator": null, "image": null, "name": null, "ref:nid": null, "religion": null, "source:addr": "EMUiA (emuia.gugik.gov.pl)", "url": null, "wikidata": null, "wikipedia": null, "building:levels": "3", "operator:wikidata": null, "operator:wikipedia": null, "roof:levels": null, "website": null, "height": null, "ref": null, "short_name": null, "alt_name": null, "historic": null, "atm_ref": null, "brand": null, "brand:wikidata": null, "millennium:date": null, "millennium:network": null, "millennium:ref": null, "millennium:subtype": null, "opening_hours": null, "operator": null, "shop": null, "brand:wikipedia": null, "check_date:opening_hours": null, "toilets:wheelchair": null, "wheelchair": null, "source:building": "BDOT", "email": null, "fax": null, "government": null, "office": null, "official_name": null, "phone": null, "source:office": null, "addr:country": null, "addr:street:sym_ul": null, "church:id": null, "church:type": null, "name:etymology:wikidata": null, "name:etymology:wikipedia": null, "parish": null, "parish:wikidata": null, "parish:wikipedia": null, "shrine": null, "shrine:name": null, "shrine:type": null, "start_date": null, "wikimedia_commons": null, "building:colour": null, "building:material": null, "roof:colour": null, "roof:material": null, "theatre:type": null, "admin_level": null, "website:ua": null, "emergency": null, "note": null, "layer": null, "level": null, "panoramax": null, "payment:cards": null, "payment:cash": null, "payment:qr_code": null, "cuisine": null, "drive_through": null, "smoking": null, "takeaway": null, "name:lt": null, "brewery": null, "outdoor_seating": null, "healthcare": null, "name:pl": null, "name:uk": null, "building:levels:underground": null, "source:geometry": null, "source": null, "service:vehicle:glass": null, "service:vehicle:glass_repair": null, "power": null, "addr:housename": null, "man_made": null, "internet_access": null, "internet_access:fee": null, "roof:shape": null, "stars": null, "tourism": null, "museum": null, "ref:ckkp": null, "townhall:type": null, "leisure": null, "social_facility": null, "social_facility:for": null, "fuel:HGV_diesel": null, "fuel:diesel": null, "fuel:lpg": null, "fuel:octane_95": null, "fuel:octane_98": null, "payment:credit_cards": null, "second_hand": null, "service:vehicle:air_conditioning": null, "service:vehicle:car_repair": null, "service:vehicle:new_car_sales": null, "service:vehicle:oil_change": null, "service:vehicle:repairs": null, "service:vehicle:tyres": null, "service:vehicle:used_car_sales": null, "sport": null, "payment:debit_cards": null, "payment:maestro": null, "payment:mastercard": null, "payment:visa": null, "payment:visa_electron": null, "rooms": null, "check_date": null, "railway": null, "railway:ref": null, "railway:signal_box": null, "bus": null, "public_transport": null, "access": null, "changing_table": null, "fee": null, "toilets:disposal": null, "unisex": null, "ref:csioz": null, "contact:phone": null, "contact:email": null, "contact:website": null, "capacity": null, "isced:level": null, "nursery": null, "operator:website": null, "source:amenity": null, "roof:direction": null, "beds": null, "payment:credit_card": null, "payment:girocard": null, "operator:type": null, "indoor": null, "entrance": null, "frequency": null, "location": null, "substation": null, "voltage": null, "fixme": null, "maxwidth": null, "payment:dkv": null, "payment:routex": null, "payment:uta": null, "branch": null, "roof:orientation": null, "communication:mobile_phone": null, "material": null, "tower:construction": null, "tower:type": null, "name:en": null, "addr:place": null, "name:pdc": null, "service:vehicle:window_tinting": null, "service:vehicle:windshields": null, "craft": null, "bench": null, "roof:height": null, "shelter_type": null, "building:part": null, "service": null, "atm": null, "blood:whole": null, "description": null, "construction": null, "wholesale": null, "type": null, "height_nmt": null, "height_nmpt": null, "height_obj": null}, "geometry": {"type": "Polygon", "coordinates": [[[22.9293618, 54.1045519], [22.929357099999997, 54.104670899999995], [22.9293542, 54.10467080000001], [22.9293517, 54.104733], [22.929519, 54.104735699999985], [22.9295218, 54.10467559999999], [22.929552199999996, 54.10467609999999], [22.9295534, 54.104654499999995], [22.929590200000003, 54.1046552], [22.92959, 54.1046596], [22.9296676, 54.104660599999995], [22.9296684, 54.1046843], [22.9297212, 54.1046854], [22.929722599999998, 54.10466159999999], [22.929805699999996, 54.1046627], [22.9298102, 54.1045585], [22.9295906, 54.1045556], [22.929590200000003, 54.1045631], [22.9295217, 54.1045623], [22.9295222, 54.104554699999994], [22.9293618, 54.1045519]]]}}, {"id": "92", "type": "Feature", "properties": {"element": "way", "id": 224092293, "addr:city": "Suwa\u0142ki", "addr:city:simc": "0977456", "addr:housenumber": "93a", "addr:postcode": "16-400", "addr:street": "Teofila Noniewicza", "amenity": null, "building": "yes", "deanery": null, "denomination": null, "diocese": null, "heritage": null, "heritage:operator": null, "image": null, "name": null, "ref:nid": null, "religion": null, "source:addr": null, "url": null, "wikidata": null, "wikipedia": null, "building:levels": "4", "operator:wikidata": null, "operator:wikipedia": null, "roof:levels": null, "website": null, "height": null, "ref": null, "short_name": null, "alt_name": null, "historic": null, "atm_ref": null, "brand": null, "brand:wikidata": null, "millennium:date": null, "millennium:network": null, "millennium:ref": null, "millennium:subtype": null, "opening_hours": null, "operator": null, "shop": null, "brand:wikipedia": null, "check_date:opening_hours": null, "toilets:wheelchair": null, "wheelchair": null, "source:building": "BDOT", "email": null, "fax": null, "government": null, "office": null, "official_name": null, "phone": null, "source:office": null, "addr:country": null, "addr:street:sym_ul": null, "church:id": null, "church:type": null, "name:etymology:wikidata": null, "name:etymology:wikipedia": null, "parish": null, "parish:wikidata": null, "parish:wikipedia": null, "shrine": null, "shrine:name": null, "shrine:type": null, "start_date": null, "wikimedia_commons": null, "building:colour": null, "building:material": null, "roof:colour": null, "roof:material": null, "theatre:type": null, "admin_level": null, "website:ua": null, "emergency": null, "note": null, "layer": null, "level": null, "panoramax": null, "payment:cards": null, "payment:cash": null, "payment:qr_code": null, "cuisine": null, "drive_through": null, "smoking": null, "takeaway": null, "name:lt": null, "brewery": null, "outdoor_seating": null, "healthcare": null, "name:pl": null, "name:uk": null, "building:levels:underground": null, "source:geometry": null, "source": null, "service:vehicle:glass": null, "service:vehicle:glass_repair": null, "power": null, "addr:housename": null, "man_made": null, "internet_access": null, "internet_access:fee": null, "roof:shape": null, "stars": null, "tourism": null, "museum": null, "ref:ckkp": null, "townhall:type": null, "leisure": null, "social_facility": null, "social_facility:for": null, "fuel:HGV_diesel": null, "fuel:diesel": null, "fuel:lpg": null, "fuel:octane_95": null, "fuel:octane_98": null, "payment:credit_cards": null, "second_hand": null, "service:vehicle:air_conditioning": null, "service:vehicle:car_repair": null, "service:vehicle:new_car_sales": null, "service:vehicle:oil_change": null, "service:vehicle:repairs": null, "service:vehicle:tyres": null, "service:vehicle:used_car_sales": null, "sport": null, "payment:debit_cards": null, "payment:maestro": null, "payment:mastercard": null, "payment:visa": null, "payment:visa_electron": null, "rooms": null, "check_date": null, "railway": null, "railway:ref": null, "railway:signal_box": null, "bus": null, "public_transport": null, "access": null, "changing_table": null, "fee": null, "toilets:disposal": null, "unisex": null, "ref:csioz": null, "contact:phone": null, "contact:email": null, "contact:website": null, "capacity": null, "isced:level": null, "nursery": null, "operator:website": null, "source:amenity": null, "roof:direction": null, "beds": null, "payment:credit_card": null, "payment:girocard": null, "operator:type": null, "indoor": null, "entrance": null, "frequency": null, "location": null, "substation": null, "voltage": null, "fixme": null, "maxwidth": null, "payment:dkv": null, "payment:routex": null, "payment:uta": null, "branch": null, "roof:orientation": null, "communication:mobile_phone": null, "material": null, "tower:construction": null, "tower:type": null, "name:en": null, "addr:place": null, "name:pdc": null, "service:vehicle:window_tinting": null, "service:vehicle:windshields": null, "craft": null, "bench": null, "roof:height": null, "shelter_type": null, "building:part": null, "service": null, "atm": null, "blood:whole": null, "description": null, "construction": null, "wholesale": null, "type": null, "height_nmt": 169.66000366210938, "height_nmpt": 184.30999755859375, "height_obj": 14.649993896484375}, "geometry": {"type": "Polygon", "coordinates": [[[22.9314532, 54.105309], [22.931454000000002, 54.1053029], [22.9315132, 54.10477199999999], [22.9313246, 54.1047645], [22.9313139, 54.1048423], [22.9312851, 54.104840900000006], [22.9312811, 54.104869199999996], [22.93131, 54.104870600000005], [22.9312895, 54.1050177], [22.9312664, 54.1050165], [22.931262, 54.10504809999999], [22.931257700000003, 54.10507539999999], [22.9312813, 54.105076499999996], [22.9312707, 54.105154299999995], [22.9312334, 54.1051529], [22.931229899999998, 54.1051793], [22.9311368, 54.10517519999999], [22.931139, 54.105157999999996], [22.9310858, 54.10515569999999], [22.931083600000004, 54.10517289999999], [22.9308274, 54.1051615], [22.9308238, 54.10517389999999], [22.9307738, 54.10517249999999], [22.9307657, 54.1052439], [22.9308208, 54.10524620000001], [22.9308193, 54.1052598], [22.9308938, 54.10526389999999], [22.9308922, 54.105282599999995], [22.9309479, 54.10528420000001], [22.930949400000003, 54.10526579999999], [22.9309935, 54.10526740000001], [22.9309873, 54.1053238], [22.9312604, 54.10533499999999], [22.931392799999998, 54.105340399999996], [22.9314532, 54.105309]]]}}, {"id": "93", "type": "Feature", "properties": {"element": "way", "id": 224092294, "addr:city": "Suwa\u0142ki", "addr:city:simc": "0977456", "addr:housenumber": "93b", "addr:postcode": "16-400", "addr:street": "Teofila Noniewicza", "amenity": null, "building": "yes", "deanery": null, "denomination": null, "diocese": null, "heritage": null, "heritage:operator": null, "image": null, "name": null, "ref:nid": null, "religion": null, "source:addr": "EMUiA (emuia.gugik.gov.pl)", "url": null, "wikidata": null, "wikipedia": null, "building:levels": "5", "operator:wikidata": null, "operator:wikipedia": null, "roof:levels": null, "website": null, "height": null, "ref": null, "short_name": null, "alt_name": null, "historic": null, "atm_ref": null, "brand": null, "brand:wikidata": null, "millennium:date": null, "millennium:network": null, "millennium:ref": null, "millennium:subtype": null, "opening_hours": null, "operator": null, "shop": null, "brand:wikipedia": null, "check_date:opening_hours": null, "toilets:wheelchair": null, "wheelchair": null, "source:building": "BDOT", "email": null, "fax": null, "government": null, "office": null, "official_name": null, "phone": null, "source:office": null, "addr:country": null, "addr:street:sym_ul": null, "church:id": null, "church:type": null, "name:etymology:wikidata": null, "name:etymology:wikipedia": null, "parish": null, "parish:wikidata": null, "parish:wikipedia": null, "shrine": null, "shrine:name": null, "shrine:type": null, "start_date": null, "wikimedia_commons": null, "building:colour": null, "building:material": null, "roof:colour": null, "roof:material": null, "theatre:type": null, "admin_level": null, "website:ua": null, "emergency": null, "note": null, "layer": null, "level": null, "panoramax": null, "payment:cards": null, "payment:cash": null, "payment:qr_code": null, "cuisine": null, "drive_through": null, "smoking": null, "takeaway": null, "name:lt": null, "brewery": null, "outdoor_seating": null, "healthcare": null, "name:pl": null, "name:uk": null, "building:levels:underground": null, "source:geometry": null, "source": null, "service:vehicle:glass": null, "service:vehicle:glass_repair": null, "power": null, "addr:housename": null, "man_made": null, "internet_access": null, "internet_access:fee": null, "roof:shape": null, "stars": null, "tourism": null, "museum": null, "ref:ckkp": null, "townhall:type": null, "leisure": null, "social_facility": null, "social_facility:for": null, "fuel:HGV_diesel": null, "fuel:diesel": null, "fuel:lpg": null, "fuel:octane_95": null, "fuel:octane_98": null, "payment:credit_cards": null, "second_hand": null, "service:vehicle:air_conditioning": null, "service:vehicle:car_repair": null, "service:vehicle:new_car_sales": null, "service:vehicle:oil_change": null, "service:vehicle:repairs": null, "service:vehicle:tyres": null, "service:vehicle:used_car_sales": null, "sport": null, "payment:debit_cards": null, "payment:maestro": null, "payment:mastercard": null, "payment:visa": null, "payment:visa_electron": null, "rooms": null, "check_date": null, "railway": null, "railway:ref": null, "railway:signal_box": null, "bus": null, "public_transport": null, "access": null, "changing_table": null, "fee": null, "toilets:disposal": null, "unisex": null, "ref:csioz": null, "contact:phone": null, "contact:email": null, "contact:website": null, "capacity": null, "isced:level": null, "nursery": null, "operator:website": null, "source:amenity": null, "roof:direction": null, "beds": null, "payment:credit_card": null, "payment:girocard": null, "operator:type": null, "indoor": null, "entrance": null, "frequency": null, "location": null, "substation": null, "voltage": null, "fixme": null, "maxwidth": null, "payment:dkv": null, "payment:routex": null, "payment:uta": null, "branch": null, "roof:orientation": null, "communication:mobile_phone": null, "material": null, "tower:construction": null, "tower:type": null, "name:en": null, "addr:place": null, "name:pdc": null, "service:vehicle:window_tinting": null, "service:vehicle:windshields": null, "craft": null, "bench": null, "roof:height": null, "shelter_type": null, "building:part": null, "service": null, "atm": null, "blood:whole": null, "description": null, "construction": null, "wholesale": null, "type": null, "height_nmt": 170.5500030517578, "height_nmpt": 173.80999755859375, "height_obj": 3.2599945068359375}, "geometry": {"type": "Polygon", "coordinates": [[[22.930103, 54.10496990000001], [22.9299261, 54.1049623], [22.9299233, 54.1050186], [22.9298897, 54.105017399999994], [22.9298865, 54.10504689999999], [22.9299203, 54.1050483], [22.9299124, 54.1051278], [22.929870500000003, 54.105126000000006], [22.9298679, 54.105154199999994], [22.9299093, 54.1051571], [22.929904999999998, 54.105200399999994], [22.9299748, 54.1052014], [22.9299727, 54.10522039999999], [22.9300753, 54.10522399999999], [22.9300774, 54.1052052], [22.9301187, 54.10520660000001], [22.9301108, 54.10526180000001], [22.9302517, 54.1052676], [22.93025, 54.105282], [22.930298, 54.10528389999998], [22.9302997, 54.10526959999999], [22.930484899999996, 54.105277], [22.9304835, 54.1052901], [22.9305234, 54.105291699999995], [22.9305251, 54.1052787], [22.930670499999998, 54.1052845], [22.9306765, 54.105223599999995], [22.930619599999996, 54.10522089999999], [22.9306298, 54.1051167], [22.9306781, 54.1051174], [22.9306858, 54.1050469], [22.9307218, 54.10504840000001], [22.9307263, 54.10501699999998], [22.9306894, 54.1050164], [22.9306967, 54.1049418], [22.9306532, 54.1049404], [22.9306535, 54.104920899999996], [22.9308412, 54.10492759999999], [22.9308386, 54.1049515], [22.9308968, 54.1049537], [22.9308993, 54.1049297], [22.930991, 54.104933], [22.9310021, 54.10482819999999], [22.9305397, 54.1048101], [22.9305045, 54.10511249999999], [22.9305257, 54.10511329999999], [22.9305149, 54.105175900000006], [22.9300804, 54.10515949999999], [22.930103, 54.10496990000001]]]}}, {"id": "94", "type": "Feature", "properties": {"element": "way", "id": 225806551, "addr:city": "Suwa\u0142ki", "addr:city:simc": null, "addr:housenumber": "6", "addr:postcode": "16-400", "addr:street": "Genera\u0142a W\u0142adys\u0142awa Sikorskiego", "amenity": null, "building": "yes", "deanery": null, "denomination": null, "diocese": null, "heritage": null, "heritage:operator": null, "image": null, "name": null, "ref:nid": null, "religion": null, "source:addr": null, "url": null, "wikidata": null, "wikipedia": null, "building:levels": "5", "operator:wikidata": null, "operator:wikipedia": null, "roof:levels": null, "website": null, "height": "17", "ref": null, "short_name": null, "alt_name": null, "historic": null, "atm_ref": null, "brand": null, "brand:wikidata": null, "millennium:date": null, "millennium:network": null, "millennium:ref": null, "millennium:subtype": null, "opening_hours": null, "operator": null, "shop": null, "brand:wikipedia": null, "check_date:opening_hours": null, "toilets:wheelchair": null, "wheelchair": null, "source:building": null, "email": null, "fax": null, "government": null, "office": null, "official_name": null, "phone": null, "source:office": null, "addr:country": null, "addr:street:sym_ul": null, "church:id": null, "church:type": null, "name:etymology:wikidata": null, "name:etymology:wikipedia": null, "parish": null, "parish:wikidata": null, "parish:wikipedia": null, "shrine": null, "shrine:name": null, "shrine:type": null, "start_date": null, "wikimedia_commons": null, "building:colour": null, "building:material": null, "roof:colour": null, "roof:material": null, "theatre:type": null, "admin_level": null, "website:ua": null, "emergency": null, "note": null, "layer": null, "level": null, "panoramax": null, "payment:cards": null, "payment:cash": null, "payment:qr_code": null, "cuisine": null, "drive_through": null, "smoking": null, "takeaway": null, "name:lt": null, "brewery": null, "outdoor_seating": null, "healthcare": null, "name:pl": null, "name:uk": null, "building:levels:underground": null, "source:geometry": null, "source": null, "service:vehicle:glass": null, "service:vehicle:glass_repair": null, "power": null, "addr:housename": null, "man_made": null, "internet_access": null, "internet_access:fee": null, "roof:shape": null, "stars": null, "tourism": null, "museum": null, "ref:ckkp": null, "townhall:type": null, "leisure": null, "social_facility": null, "social_facility:for": null, "fuel:HGV_diesel": null, "fuel:diesel": null, "fuel:lpg": null, "fuel:octane_95": null, "fuel:octane_98": null, "payment:credit_cards": null, "second_hand": null, "service:vehicle:air_conditioning": null, "service:vehicle:car_repair": null, "service:vehicle:new_car_sales": null, "service:vehicle:oil_change": null, "service:vehicle:repairs": null, "service:vehicle:tyres": null, "service:vehicle:used_car_sales": null, "sport": null, "payment:debit_cards": null, "payment:maestro": null, "payment:mastercard": null, "payment:visa": null, "payment:visa_electron": null, "rooms": null, "check_date": null, "railway": null, "railway:ref": null, "railway:signal_box": null, "bus": null, "public_transport": null, "access": null, "changing_table": null, "fee": null, "toilets:disposal": null, "unisex": null, "ref:csioz": null, "contact:phone": null, "contact:email": null, "contact:website": null, "capacity": null, "isced:level": null, "nursery": null, "operator:website": null, "source:amenity": null, "roof:direction": null, "beds": null, "payment:credit_card": null, "payment:girocard": null, "operator:type": null, "indoor": null, "entrance": null, "frequency": null, "location": null, "substation": null, "voltage": null, "fixme": null, "maxwidth": null, "payment:dkv": null, "payment:routex": null, "payment:uta": null, "branch": null, "roof:orientation": null, "communication:mobile_phone": null, "material": null, "tower:construction": null, "tower:type": null, "name:en": null, "addr:place": null, "name:pdc": null, "service:vehicle:window_tinting": null, "service:vehicle:windshields": null, "craft": null, "bench": null, "roof:height": null, "shelter_type": null, "building:part": null, "service": null, "atm": null, "blood:whole": null, "description": null, "construction": null, "wholesale": null, "type": null, "height_nmt": 171.77000427246094, "height_nmpt": 190.39999389648438, "height_obj": 18.629989624023438}, "geometry": {"type": "Polygon", "coordinates": [[[22.9225873, 54.10713479999999], [22.9225985, 54.1070033], [22.923194, 54.10702079999999], [22.9236816, 54.10703509999999], [22.9239001, 54.1071742], [22.9238906, 54.10728569999999], [22.9237027, 54.1072801], [22.9237123, 54.10716779999999], [22.9225873, 54.10713479999999]]]}}, {"id": "95", "type": "Feature", "properties": {"element": "way", "id": 232562335, "addr:city": "Suwa\u0142ki", "addr:city:simc": "0977456", "addr:housenumber": "114", "addr:postcode": "16-400", "addr:street": "Tadeusza Ko\u015bciuszki", "amenity": null, "building": "yes", "deanery": null, "denomination": null, "diocese": null, "heritage": null, "heritage:operator": null, "image": null, "name": null, "ref:nid": null, "religion": null, "source:addr": "EMUiA (emuia.gugik.gov.pl)", "url": null, "wikidata": null, "wikipedia": null, "building:levels": null, "operator:wikidata": null, "operator:wikipedia": null, "roof:levels": null, "website": null, "height": null, "ref": null, "short_name": null, "alt_name": null, "historic": null, "atm_ref": null, "brand": null, "brand:wikidata": null, "millennium:date": null, "millennium:network": null, "millennium:ref": null, "millennium:subtype": null, "opening_hours": null, "operator": null, "shop": null, "brand:wikipedia": null, "check_date:opening_hours": null, "toilets:wheelchair": null, "wheelchair": null, "source:building": null, "email": null, "fax": null, "government": null, "office": null, "official_name": null, "phone": null, "source:office": null, "addr:country": null, "addr:street:sym_ul": null, "church:id": null, "church:type": null, "name:etymology:wikidata": null, "name:etymology:wikipedia": null, "parish": null, "parish:wikidata": null, "parish:wikipedia": null, "shrine": null, "shrine:name": null, "shrine:type": null, "start_date": null, "wikimedia_commons": null, "building:colour": null, "building:material": null, "roof:colour": null, "roof:material": null, "theatre:type": null, "admin_level": null, "website:ua": null, "emergency": null, "note": null, "layer": null, "level": null, "panoramax": null, "payment:cards": null, "payment:cash": null, "payment:qr_code": null, "cuisine": null, "drive_through": null, "smoking": null, "takeaway": null, "name:lt": null, "brewery": null, "outdoor_seating": null, "healthcare": null, "name:pl": null, "name:uk": null, "building:levels:underground": null, "source:geometry": null, "source": null, "service:vehicle:glass": null, "service:vehicle:glass_repair": null, "power": null, "addr:housename": null, "man_made": null, "internet_access": null, "internet_access:fee": null, "roof:shape": null, "stars": null, "tourism": null, "museum": null, "ref:ckkp": null, "townhall:type": null, "leisure": null, "social_facility": null, "social_facility:for": null, "fuel:HGV_diesel": null, "fuel:diesel": null, "fuel:lpg": null, "fuel:octane_95": null, "fuel:octane_98": null, "payment:credit_cards": null, "second_hand": null, "service:vehicle:air_conditioning": null, "service:vehicle:car_repair": null, "service:vehicle:new_car_sales": null, "service:vehicle:oil_change": null, "service:vehicle:repairs": null, "service:vehicle:tyres": null, "service:vehicle:used_car_sales": null, "sport": null, "payment:debit_cards": null, "payment:maestro": null, "payment:mastercard": null, "payment:visa": null, "payment:visa_electron": null, "rooms": null, "check_date": null, "railway": null, "railway:ref": null, "railway:signal_box": null, "bus": null, "public_transport": null, "access": null, "changing_table": null, "fee": null, "toilets:disposal": null, "unisex": null, "ref:csioz": null, "contact:phone": null, "contact:email": null, "contact:website": null, "capacity": null, "isced:level": null, "nursery": null, "operator:website": null, "source:amenity": null, "roof:direction": null, "beds": null, "payment:credit_card": null, "payment:girocard": null, "operator:type": null, "indoor": null, "entrance": null, "frequency": null, "location": null, "substation": null, "voltage": null, "fixme": null, "maxwidth": null, "payment:dkv": null, "payment:routex": null, "payment:uta": null, "branch": null, "roof:orientation": null, "communication:mobile_phone": null, "material": null, "tower:construction": null, "tower:type": null, "name:en": null, "addr:place": null, "name:pdc": null, "service:vehicle:window_tinting": null, "service:vehicle:windshields": null, "craft": null, "bench": null, "roof:height": null, "shelter_type": null, "building:part": null, "service": null, "atm": null, "blood:whole": null, "description": null, "construction": null, "wholesale": null, "type": null, "height_nmt": null, "height_nmpt": null, "height_obj": null}, "geometry": {"type": "Polygon", "coordinates": [[[22.9283945, 54.10458499999999], [22.928430399999996, 54.1045858], [22.9287349, 54.10459279999999], [22.9287301, 54.10466490000001], [22.9284373, 54.104658199999996], [22.928439099999995, 54.104631399999995], [22.9283918, 54.104630300000004], [22.9283945, 54.10458499999999]]]}}, {"id": "96", "type": "Feature", "properties": {"element": "way", "id": 232562336, "addr:city": "Suwa\u0142ki", "addr:city:simc": "0977456", "addr:housenumber": "114", "addr:postcode": "16-400", "addr:street": "Tadeusza Ko\u015bciuszki", "amenity": null, "building": "yes", "deanery": null, "denomination": null, "diocese": null, "heritage": null, "heritage:operator": null, "image": null, "name": null, "ref:nid": null, "religion": null, "source:addr": "EMUiA (emuia.gugik.gov.pl)", "url": null, "wikidata": null, "wikipedia": null, "building:levels": null, "operator:wikidata": null, "operator:wikipedia": null, "roof:levels": null, "website": null, "height": null, "ref": null, "short_name": null, "alt_name": null, "historic": null, "atm_ref": null, "brand": null, "brand:wikidata": null, "millennium:date": null, "millennium:network": null, "millennium:ref": null, "millennium:subtype": null, "opening_hours": null, "operator": null, "shop": null, "brand:wikipedia": null, "check_date:opening_hours": null, "toilets:wheelchair": null, "wheelchair": null, "source:building": null, "email": null, "fax": null, "government": null, "office": null, "official_name": null, "phone": null, "source:office": null, "addr:country": null, "addr:street:sym_ul": null, "church:id": null, "church:type": null, "name:etymology:wikidata": null, "name:etymology:wikipedia": null, "parish": null, "parish:wikidata": null, "parish:wikipedia": null, "shrine": null, "shrine:name": null, "shrine:type": null, "start_date": null, "wikimedia_commons": null, "building:colour": null, "building:material": null, "roof:colour": null, "roof:material": null, "theatre:type": null, "admin_level": null, "website:ua": null, "emergency": null, "note": null, "layer": null, "level": null, "panoramax": null, "payment:cards": null, "payment:cash": null, "payment:qr_code": null, "cuisine": null, "drive_through": null, "smoking": null, "takeaway": null, "name:lt": null, "brewery": null, "outdoor_seating": null, "healthcare": null, "name:pl": null, "name:uk": null, "building:levels:underground": null, "source:geometry": null, "source": null, "service:vehicle:glass": null, "service:vehicle:glass_repair": null, "power": null, "addr:housename": null, "man_made": null, "internet_access": null, "internet_access:fee": null, "roof:shape": null, "stars": null, "tourism": null, "museum": null, "ref:ckkp": null, "townhall:type": null, "leisure": null, "social_facility": null, "social_facility:for": null, "fuel:HGV_diesel": null, "fuel:diesel": null, "fuel:lpg": null, "fuel:octane_95": null, "fuel:octane_98": null, "payment:credit_cards": null, "second_hand": null, "service:vehicle:air_conditioning": null, "service:vehicle:car_repair": null, "service:vehicle:new_car_sales": null, "service:vehicle:oil_change": null, "service:vehicle:repairs": null, "service:vehicle:tyres": null, "service:vehicle:used_car_sales": null, "sport": null, "payment:debit_cards": null, "payment:maestro": null, "payment:mastercard": null, "payment:visa": null, "payment:visa_electron": null, "rooms": null, "check_date": null, "railway": null, "railway:ref": null, "railway:signal_box": null, "bus": null, "public_transport": null, "access": null, "changing_table": null, "fee": null, "toilets:disposal": null, "unisex": null, "ref:csioz": null, "contact:phone": null, "contact:email": null, "contact:website": null, "capacity": null, "isced:level": null, "nursery": null, "operator:website": null, "source:amenity": null, "roof:direction": null, "beds": null, "payment:credit_card": null, "payment:girocard": null, "operator:type": null, "indoor": null, "entrance": null, "frequency": null, "location": null, "substation": null, "voltage": null, "fixme": null, "maxwidth": null, "payment:dkv": null, "payment:routex": null, "payment:uta": null, "branch": null, "roof:orientation": null, "communication:mobile_phone": null, "material": null, "tower:construction": null, "tower:type": null, "name:en": null, "addr:place": null, "name:pdc": null, "service:vehicle:window_tinting": null, "service:vehicle:windshields": null, "craft": null, "bench": null, "roof:height": null, "shelter_type": null, "building:part": null, "service": null, "atm": null, "blood:whole": null, "description": null, "construction": null, "wholesale": null, "type": null, "height_nmt": 170.99000549316406, "height_nmpt": 181.2899932861328, "height_obj": 10.29998779296875}, "geometry": {"type": "Polygon", "coordinates": [[[22.928191799999997, 54.10478139999999], [22.928201699999995, 54.104581499999995], [22.9283145, 54.1045834], [22.9283945, 54.10458499999999], [22.9283918, 54.104630300000004], [22.9283864, 54.10473989999999], [22.928492, 54.10474169999999], [22.9284898, 54.104786499999996], [22.928191799999997, 54.10478139999999]]]}}, {"id": "97", "type": "Feature", "properties": {"element": "way", "id": 232562337, "addr:city": "Suwa\u0142ki", "addr:city:simc": "0977456", "addr:housenumber": "114a", "addr:postcode": "16-400", "addr:street": "Tadeusza Ko\u015bciuszki", "amenity": null, "building": "yes", "deanery": null, "denomination": null, "diocese": null, "heritage": null, "heritage:operator": null, "image": null, "name": null, "ref:nid": null, "religion": null, "source:addr": "EMUiA (emuia.gugik.gov.pl)", "url": null, "wikidata": null, "wikipedia": null, "building:levels": null, "operator:wikidata": null, "operator:wikipedia": null, "roof:levels": null, "website": null, "height": null, "ref": null, "short_name": null, "alt_name": null, "historic": null, "atm_ref": null, "brand": null, "brand:wikidata": null, "millennium:date": null, "millennium:network": null, "millennium:ref": null, "millennium:subtype": null, "opening_hours": null, "operator": null, "shop": null, "brand:wikipedia": null, "check_date:opening_hours": null, "toilets:wheelchair": null, "wheelchair": null, "source:building": null, "email": null, "fax": null, "government": null, "office": null, "official_name": null, "phone": null, "source:office": null, "addr:country": null, "addr:street:sym_ul": null, "church:id": null, "church:type": null, "name:etymology:wikidata": null, "name:etymology:wikipedia": null, "parish": null, "parish:wikidata": null, "parish:wikipedia": null, "shrine": null, "shrine:name": null, "shrine:type": null, "start_date": null, "wikimedia_commons": null, "building:colour": null, "building:material": null, "roof:colour": null, "roof:material": null, "theatre:type": null, "admin_level": null, "website:ua": null, "emergency": null, "note": null, "layer": null, "level": null, "panoramax": null, "payment:cards": null, "payment:cash": null, "payment:qr_code": null, "cuisine": null, "drive_through": null, "smoking": null, "takeaway": null, "name:lt": null, "brewery": null, "outdoor_seating": null, "healthcare": null, "name:pl": null, "name:uk": null, "building:levels:underground": null, "source:geometry": null, "source": null, "service:vehicle:glass": null, "service:vehicle:glass_repair": null, "power": null, "addr:housename": null, "man_made": null, "internet_access": null, "internet_access:fee": null, "roof:shape": null, "stars": null, "tourism": null, "museum": null, "ref:ckkp": null, "townhall:type": null, "leisure": null, "social_facility": null, "social_facility:for": null, "fuel:HGV_diesel": null, "fuel:diesel": null, "fuel:lpg": null, "fuel:octane_95": null, "fuel:octane_98": null, "payment:credit_cards": null, "second_hand": null, "service:vehicle:air_conditioning": null, "service:vehicle:car_repair": null, "service:vehicle:new_car_sales": null, "service:vehicle:oil_change": null, "service:vehicle:repairs": null, "service:vehicle:tyres": null, "service:vehicle:used_car_sales": null, "sport": null, "payment:debit_cards": null, "payment:maestro": null, "payment:mastercard": null, "payment:visa": null, "payment:visa_electron": null, "rooms": null, "check_date": null, "railway": null, "railway:ref": null, "railway:signal_box": null, "bus": null, "public_transport": null, "access": null, "changing_table": null, "fee": null, "toilets:disposal": null, "unisex": null, "ref:csioz": null, "contact:phone": null, "contact:email": null, "contact:website": null, "capacity": null, "isced:level": null, "nursery": null, "operator:website": null, "source:amenity": null, "roof:direction": null, "beds": null, "payment:credit_card": null, "payment:girocard": null, "operator:type": null, "indoor": null, "entrance": null, "frequency": null, "location": null, "substation": null, "voltage": null, "fixme": null, "maxwidth": null, "payment:dkv": null, "payment:routex": null, "payment:uta": null, "branch": null, "roof:orientation": null, "communication:mobile_phone": null, "material": null, "tower:construction": null, "tower:type": null, "name:en": null, "addr:place": null, "name:pdc": null, "service:vehicle:window_tinting": null, "service:vehicle:windshields": null, "craft": null, "bench": null, "roof:height": null, "shelter_type": null, "building:part": null, "service": null, "atm": null, "blood:whole": null, "description": null, "construction": null, "wholesale": null, "type": null, "height_nmt": 171.1300048828125, "height_nmpt": 181.47000122070312, "height_obj": 10.339996337890625}, "geometry": {"type": "Polygon", "coordinates": [[[22.9287023, 54.1047117], [22.9284898, 54.10470970000001], [22.928492, 54.10474169999999], [22.9284898, 54.104786499999996], [22.9287002, 54.104787299999984], [22.9287023, 54.1047117]]]}}, {"id": "98", "type": "Feature", "properties": {"element": "way", "id": 232562338, "addr:city": "Suwa\u0142ki", "addr:city:simc": "0977456", "addr:housenumber": "122a", "addr:postcode": "16-400", "addr:street": "Tadeusza Ko\u015bciuszki", "amenity": null, "building": "yes", "deanery": null, "denomination": null, "diocese": null, "heritage": null, "heritage:operator": null, "image": null, "name": null, "ref:nid": null, "religion": null, "source:addr": "EMUiA (emuia.gugik.gov.pl)", "url": null, "wikidata": null, "wikipedia": null, "building:levels": null, "operator:wikidata": null, "operator:wikipedia": null, "roof:levels": null, "website": null, "height": null, "ref": null, "short_name": null, "alt_name": null, "historic": null, "atm_ref": null, "brand": null, "brand:wikidata": null, "millennium:date": null, "millennium:network": null, "millennium:ref": null, "millennium:subtype": null, "opening_hours": null, "operator": null, "shop": null, "brand:wikipedia": null, "check_date:opening_hours": null, "toilets:wheelchair": null, "wheelchair": null, "source:building": null, "email": null, "fax": null, "government": null, "office": null, "official_name": null, "phone": null, "source:office": null, "addr:country": null, "addr:street:sym_ul": null, "church:id": null, "church:type": null, "name:etymology:wikidata": null, "name:etymology:wikipedia": null, "parish": null, "parish:wikidata": null, "parish:wikipedia": null, "shrine": null, "shrine:name": null, "shrine:type": null, "start_date": null, "wikimedia_commons": null, "building:colour": null, "building:material": null, "roof:colour": null, "roof:material": null, "theatre:type": null, "admin_level": null, "website:ua": null, "emergency": null, "note": null, "layer": null, "level": null, "panoramax": null, "payment:cards": null, "payment:cash": null, "payment:qr_code": null, "cuisine": null, "drive_through": null, "smoking": null, "takeaway": null, "name:lt": null, "brewery": null, "outdoor_seating": null, "healthcare": null, "name:pl": null, "name:uk": null, "building:levels:underground": null, "source:geometry": null, "source": null, "service:vehicle:glass": null, "service:vehicle:glass_repair": null, "power": null, "addr:housename": null, "man_made": null, "internet_access": null, "internet_access:fee": null, "roof:shape": null, "stars": null, "tourism": null, "museum": null, "ref:ckkp": null, "townhall:type": null, "leisure": null, "social_facility": null, "social_facility:for": null, "fuel:HGV_diesel": null, "fuel:diesel": null, "fuel:lpg": null, "fuel:octane_95": null, "fuel:octane_98": null, "payment:credit_cards": null, "second_hand": null, "service:vehicle:air_conditioning": null, "service:vehicle:car_repair": null, "service:vehicle:new_car_sales": null, "service:vehicle:oil_change": null, "service:vehicle:repairs": null, "service:vehicle:tyres": null, "service:vehicle:used_car_sales": null, "sport": null, "payment:debit_cards": null, "payment:maestro": null, "payment:mastercard": null, "payment:visa": null, "payment:visa_electron": null, "rooms": null, "check_date": null, "railway": null, "railway:ref": null, "railway:signal_box": null, "bus": null, "public_transport": null, "access": null, "changing_table": null, "fee": null, "toilets:disposal": null, "unisex": null, "ref:csioz": null, "contact:phone": null, "contact:email": null, "contact:website": null, "capacity": null, "isced:level": null, "nursery": null, "operator:website": null, "source:amenity": null, "roof:direction": null, "beds": null, "payment:credit_card": null, "payment:girocard": null, "operator:type": null, "indoor": null, "entrance": null, "frequency": null, "location": null, "substation": null, "voltage": null, "fixme": null, "maxwidth": null, "payment:dkv": null, "payment:routex": null, "payment:uta": null, "branch": null, "roof:orientation": null, "communication:mobile_phone": null, "material": null, "tower:construction": null, "tower:type": null, "name:en": null, "addr:place": null, "name:pdc": null, "service:vehicle:window_tinting": null, "service:vehicle:windshields": null, "craft": null, "bench": null, "roof:height": null, "shelter_type": null, "building:part": null, "service": null, "atm": null, "blood:whole": null, "description": null, "construction": null, "wholesale": null, "type": null, "height_nmt": 171.1999969482422, "height_nmpt": 177.30999755859375, "height_obj": 6.1100006103515625}, "geometry": {"type": "Polygon", "coordinates": [[[22.928807, 54.105516599999994], [22.928708599999997, 54.1055146], [22.9287121, 54.10545569999999], [22.928810300000002, 54.105457599999994], [22.928807, 54.105516599999994]]]}}, {"id": "99", "type": "Feature", "properties": {"element": "way", "id": 232562339, "addr:city": "Suwa\u0142ki", "addr:city:simc": "0977456", "addr:housenumber": "122b", "addr:postcode": "16-400", "addr:street": "Tadeusza Ko\u015bciuszki", "amenity": null, "building": "yes", "deanery": null, "denomination": null, "diocese": null, "heritage": null, "heritage:operator": null, "image": null, "name": null, "ref:nid": null, "religion": null, "source:addr": "EMUiA (emuia.gugik.gov.pl)", "url": null, "wikidata": null, "wikipedia": null, "building:levels": null, "operator:wikidata": null, "operator:wikipedia": null, "roof:levels": null, "website": null, "height": null, "ref": null, "short_name": null, "alt_name": null, "historic": null, "atm_ref": null, "brand": null, "brand:wikidata": null, "millennium:date": null, "millennium:network": null, "millennium:ref": null, "millennium:subtype": null, "opening_hours": null, "operator": null, "shop": null, "brand:wikipedia": null, "check_date:opening_hours": null, "toilets:wheelchair": null, "wheelchair": null, "source:building": null, "email": null, "fax": null, "government": null, "office": null, "official_name": null, "phone": null, "source:office": null, "addr:country": null, "addr:street:sym_ul": null, "church:id": null, "church:type": null, "name:etymology:wikidata": null, "name:etymology:wikipedia": null, "parish": null, "parish:wikidata": null, "parish:wikipedia": null, "shrine": null, "shrine:name": null, "shrine:type": null, "start_date": null, "wikimedia_commons": null, "building:colour": null, "building:material": null, "roof:colour": null, "roof:material": null, "theatre:type": null, "admin_level": null, "website:ua": null, "emergency": null, "note": null, "layer": null, "level": null, "panoramax": null, "payment:cards": null, "payment:cash": null, "payment:qr_code": null, "cuisine": null, "drive_through": null, "smoking": null, "takeaway": null, "name:lt": null, "brewery": null, "outdoor_seating": null, "healthcare": null, "name:pl": null, "name:uk": null, "building:levels:underground": null, "source:geometry": null, "source": null, "service:vehicle:glass": null, "service:vehicle:glass_repair": null, "power": null, "addr:housename": null, "man_made": null, "internet_access": null, "internet_access:fee": null, "roof:shape": null, "stars": null, "tourism": null, "museum": null, "ref:ckkp": null, "townhall:type": null, "leisure": null, "social_facility": null, "social_facility:for": null, "fuel:HGV_diesel": null, "fuel:diesel": null, "fuel:lpg": null, "fuel:octane_95": null, "fuel:octane_98": null, "payment:credit_cards": null, "second_hand": null, "service:vehicle:air_conditioning": null, "service:vehicle:car_repair": null, "service:vehicle:new_car_sales": null, "service:vehicle:oil_change": null, "service:vehicle:repairs": null, "service:vehicle:tyres": null, "service:vehicle:used_car_sales": null, "sport": null, "payment:debit_cards": null, "payment:maestro": null, "payment:mastercard": null, "payment:visa": null, "payment:visa_electron": null, "rooms": null, "check_date": null, "railway": null, "railway:ref": null, "railway:signal_box": null, "bus": null, "public_transport": null, "access": null, "changing_table": null, "fee": null, "toilets:disposal": null, "unisex": null, "ref:csioz": null, "contact:phone": null, "contact:email": null, "contact:website": null, "capacity": null, "isced:level": null, "nursery": null, "operator:website": null, "source:amenity": null, "roof:direction": null, "beds": null, "payment:credit_card": null, "payment:girocard": null, "operator:type": null, "indoor": null, "entrance": null, "frequency": null, "location": null, "substation": null, "voltage": null, "fixme": null, "maxwidth": null, "payment:dkv": null, "payment:routex": null, "payment:uta": null, "branch": null, "roof:orientation": null, "communication:mobile_phone": null, "material": null, "tower:construction": null, "tower:type": null, "name:en": null, "addr:place": null, "name:pdc": null, "service:vehicle:window_tinting": null, "service:vehicle:windshields": null, "craft": null, "bench": null, "roof:height": null, "shelter_type": null, "building:part": null, "service": null, "atm": null, "blood:whole": null, "description": null, "construction": null, "wholesale": null, "type": null, "height_nmt": 171.1300048828125, "height_nmpt": 178.83999633789062, "height_obj": 7.709991455078125}, "geometry": {"type": "Polygon", "coordinates": [[[22.928807, 54.105516599999994], [22.929091100000004, 54.1055203], [22.9290957, 54.105415799999996], [22.9288107, 54.10541159999998], [22.928810300000002, 54.105457599999994], [22.928807, 54.105516599999994]]]}}, {"id": "100", "type": "Feature", "properties": {"element": "way", "id": 244961274, "addr:city": "Suwa\u0142ki", "addr:city:simc": "0977456", "addr:housenumber": "41a", "addr:postcode": "16-400", "addr:street": "Emilii Plater", "amenity": null, "building": "apartments", "deanery": null, "denomination": null, "diocese": null, "heritage": null, "heritage:operator": null, "image": null, "name": null, "ref:nid": null, "religion": null, "source:addr": null, "url": null, "wikidata": null, "wikipedia": null, "building:levels": "4", "operator:wikidata": null, "operator:wikipedia": null, "roof:levels": "1", "website": null, "height": null, "ref": null, "short_name": null, "alt_name": null, "historic": null, "atm_ref": null, "brand": null, "brand:wikidata": null, "millennium:date": null, "millennium:network": null, "millennium:ref": null, "millennium:subtype": null, "opening_hours": null, "operator": null, "shop": null, "brand:wikipedia": null, "check_date:opening_hours": null, "toilets:wheelchair": null, "wheelchair": null, "source:building": null, "email": null, "fax": null, "government": null, "office": null, "official_name": null, "phone": null, "source:office": null, "addr:country": null, "addr:street:sym_ul": null, "church:id": null, "church:type": null, "name:etymology:wikidata": null, "name:etymology:wikipedia": null, "parish": null, "parish:wikidata": null, "parish:wikipedia": null, "shrine": null, "shrine:name": null, "shrine:type": null, "start_date": null, "wikimedia_commons": null, "building:colour": null, "building:material": null, "roof:colour": null, "roof:material": null, "theatre:type": null, "admin_level": null, "website:ua": null, "emergency": null, "note": null, "layer": null, "level": null, "panoramax": null, "payment:cards": null, "payment:cash": null, "payment:qr_code": null, "cuisine": null, "drive_through": null, "smoking": null, "takeaway": null, "name:lt": null, "brewery": null, "outdoor_seating": null, "healthcare": null, "name:pl": null, "name:uk": null, "building:levels:underground": null, "source:geometry": null, "source": null, "service:vehicle:glass": null, "service:vehicle:glass_repair": null, "power": null, "addr:housename": null, "man_made": null, "internet_access": null, "internet_access:fee": null, "roof:shape": "quadruple_saltbox", "stars": null, "tourism": null, "museum": null, "ref:ckkp": null, "townhall:type": null, "leisure": null, "social_facility": null, "social_facility:for": null, "fuel:HGV_diesel": null, "fuel:diesel": null, "fuel:lpg": null, "fuel:octane_95": null, "fuel:octane_98": null, "payment:credit_cards": null, "second_hand": null, "service:vehicle:air_conditioning": null, "service:vehicle:car_repair": null, "service:vehicle:new_car_sales": null, "service:vehicle:oil_change": null, "service:vehicle:repairs": null, "service:vehicle:tyres": null, "service:vehicle:used_car_sales": null, "sport": null, "payment:debit_cards": null, "payment:maestro": null, "payment:mastercard": null, "payment:visa": null, "payment:visa_electron": null, "rooms": null, "check_date": null, "railway": null, "railway:ref": null, "railway:signal_box": null, "bus": null, "public_transport": null, "access": null, "changing_table": null, "fee": null, "toilets:disposal": null, "unisex": null, "ref:csioz": null, "contact:phone": null, "contact:email": null, "contact:website": null, "capacity": null, "isced:level": null, "nursery": null, "operator:website": null, "source:amenity": null, "roof:direction": null, "beds": null, "payment:credit_card": null, "payment:girocard": null, "operator:type": null, "indoor": null, "entrance": null, "frequency": null, "location": null, "substation": null, "voltage": null, "fixme": null, "maxwidth": null, "payment:dkv": null, "payment:routex": null, "payment:uta": null, "branch": null, "roof:orientation": null, "communication:mobile_phone": null, "material": null, "tower:construction": null, "tower:type": null, "name:en": null, "addr:place": null, "name:pdc": null, "service:vehicle:window_tinting": null, "service:vehicle:windshields": null, "craft": null, "bench": null, "roof:height": null, "shelter_type": null, "building:part": null, "service": null, "atm": null, "blood:whole": null, "description": null, "construction": null, "wholesale": null, "type": null, "height_nmt": 171.61000061035156, "height_nmpt": 186.22999572753906, "height_obj": 14.6199951171875}, "geometry": {"type": "Polygon", "coordinates": [[[22.9244349, 54.105265599999996], [22.9245015, 54.10526720000001], [22.9245188, 54.105013299999996], [22.924369900000002, 54.10500979999999], [22.9243681, 54.1050368], [22.9243189, 54.1050356], [22.924303399999996, 54.105262499999995], [22.9244349, 54.105265599999996]]]}}, {"id": "101", "type": "Feature", "properties": {"element": "way", "id": 245207121, "addr:city": "Suwa\u0142ki", "addr:city:simc": null, "addr:housenumber": "3", "addr:postcode": "16-400", "addr:street": "Zacisze", "amenity": null, "building": "yes", "deanery": null, "denomination": null, "diocese": null, "heritage": null, "heritage:operator": null, "image": null, "name": null, "ref:nid": null, "religion": null, "source:addr": null, "url": null, "wikidata": null, "wikipedia": null, "building:levels": null, "operator:wikidata": null, "operator:wikipedia": null, "roof:levels": null, "website": null, "height": null, "ref": null, "short_name": null, "alt_name": null, "historic": null, "atm_ref": null, "brand": null, "brand:wikidata": null, "millennium:date": null, "millennium:network": null, "millennium:ref": null, "millennium:subtype": null, "opening_hours": null, "operator": null, "shop": null, "brand:wikipedia": null, "check_date:opening_hours": null, "toilets:wheelchair": null, "wheelchair": null, "source:building": null, "email": null, "fax": null, "government": null, "office": null, "official_name": null, "phone": null, "source:office": null, "addr:country": null, "addr:street:sym_ul": null, "church:id": null, "church:type": null, "name:etymology:wikidata": null, "name:etymology:wikipedia": null, "parish": null, "parish:wikidata": null, "parish:wikipedia": null, "shrine": null, "shrine:name": null, "shrine:type": null, "start_date": null, "wikimedia_commons": null, "building:colour": null, "building:material": null, "roof:colour": null, "roof:material": null, "theatre:type": null, "admin_level": null, "website:ua": null, "emergency": null, "note": null, "layer": null, "level": null, "panoramax": null, "payment:cards": null, "payment:cash": null, "payment:qr_code": null, "cuisine": null, "drive_through": null, "smoking": null, "takeaway": null, "name:lt": null, "brewery": null, "outdoor_seating": null, "healthcare": null, "name:pl": null, "name:uk": null, "building:levels:underground": null, "source:geometry": null, "source": null, "service:vehicle:glass": null, "service:vehicle:glass_repair": null, "power": null, "addr:housename": null, "man_made": null, "internet_access": null, "internet_access:fee": null, "roof:shape": null, "stars": null, "tourism": null, "museum": null, "ref:ckkp": null, "townhall:type": null, "leisure": null, "social_facility": null, "social_facility:for": null, "fuel:HGV_diesel": null, "fuel:diesel": null, "fuel:lpg": null, "fuel:octane_95": null, "fuel:octane_98": null, "payment:credit_cards": null, "second_hand": null, "service:vehicle:air_conditioning": null, "service:vehicle:car_repair": null, "service:vehicle:new_car_sales": null, "service:vehicle:oil_change": null, "service:vehicle:repairs": null, "service:vehicle:tyres": null, "service:vehicle:used_car_sales": null, "sport": null, "payment:debit_cards": null, "payment:maestro": null, "payment:mastercard": null, "payment:visa": null, "payment:visa_electron": null, "rooms": null, "check_date": null, "railway": null, "railway:ref": null, "railway:signal_box": null, "bus": null, "public_transport": null, "access": null, "changing_table": null, "fee": null, "toilets:disposal": null, "unisex": null, "ref:csioz": null, "contact:phone": null, "contact:email": null, "contact:website": null, "capacity": null, "isced:level": null, "nursery": null, "operator:website": null, "source:amenity": null, "roof:direction": null, "beds": null, "payment:credit_card": null, "payment:girocard": null, "operator:type": null, "indoor": null, "entrance": null, "frequency": null, "location": null, "substation": null, "voltage": null, "fixme": null, "maxwidth": null, "payment:dkv": null, "payment:routex": null, "payment:uta": null, "branch": null, "roof:orientation": null, "communication:mobile_phone": null, "material": null, "tower:construction": null, "tower:type": null, "name:en": null, "addr:place": null, "name:pdc": null, "service:vehicle:window_tinting": null, "service:vehicle:windshields": null, "craft": null, "bench": null, "roof:height": null, "shelter_type": null, "building:part": null, "service": null, "atm": null, "blood:whole": null, "description": null, "construction": null, "wholesale": null, "type": null, "height_nmt": 171.88999938964844, "height_nmpt": 178.14999389648438, "height_obj": 6.2599945068359375}, "geometry": {"type": "Polygon", "coordinates": [[[22.923033999999998, 54.10733929999999], [22.9228487, 54.1073342], [22.9228536, 54.10727289999999], [22.9230389, 54.107277999999994], [22.923033999999998, 54.10733929999999]]]}}, {"id": "102", "type": "Feature", "properties": {"element": "way", "id": 265976392, "addr:city": null, "addr:city:simc": null, "addr:housenumber": null, "addr:postcode": null, "addr:street": null, "amenity": null, "building": "yes", "deanery": null, "denomination": null, "diocese": null, "heritage": null, "heritage:operator": null, "image": null, "name": null, "ref:nid": null, "religion": null, "source:addr": null, "url": null, "wikidata": null, "wikipedia": null, "building:levels": null, "operator:wikidata": null, "operator:wikipedia": null, "roof:levels": null, "website": null, "height": null, "ref": null, "short_name": null, "alt_name": null, "historic": null, "atm_ref": null, "brand": null, "brand:wikidata": null, "millennium:date": null, "millennium:network": null, "millennium:ref": null, "millennium:subtype": null, "opening_hours": null, "operator": null, "shop": null, "brand:wikipedia": null, "check_date:opening_hours": null, "toilets:wheelchair": null, "wheelchair": null, "source:building": null, "email": null, "fax": null, "government": null, "office": null, "official_name": null, "phone": null, "source:office": null, "addr:country": null, "addr:street:sym_ul": null, "church:id": null, "church:type": null, "name:etymology:wikidata": null, "name:etymology:wikipedia": null, "parish": null, "parish:wikidata": null, "parish:wikipedia": null, "shrine": null, "shrine:name": null, "shrine:type": null, "start_date": null, "wikimedia_commons": null, "building:colour": null, "building:material": null, "roof:colour": null, "roof:material": null, "theatre:type": null, "admin_level": null, "website:ua": null, "emergency": null, "note": null, "layer": null, "level": null, "panoramax": null, "payment:cards": null, "payment:cash": null, "payment:qr_code": null, "cuisine": null, "drive_through": null, "smoking": null, "takeaway": null, "name:lt": null, "brewery": null, "outdoor_seating": null, "healthcare": null, "name:pl": null, "name:uk": null, "building:levels:underground": null, "source:geometry": null, "source": null, "service:vehicle:glass": null, "service:vehicle:glass_repair": null, "power": null, "addr:housename": null, "man_made": null, "internet_access": null, "internet_access:fee": null, "roof:shape": null, "stars": null, "tourism": null, "museum": null, "ref:ckkp": null, "townhall:type": null, "leisure": null, "social_facility": null, "social_facility:for": null, "fuel:HGV_diesel": null, "fuel:diesel": null, "fuel:lpg": null, "fuel:octane_95": null, "fuel:octane_98": null, "payment:credit_cards": null, "second_hand": null, "service:vehicle:air_conditioning": null, "service:vehicle:car_repair": null, "service:vehicle:new_car_sales": null, "service:vehicle:oil_change": null, "service:vehicle:repairs": null, "service:vehicle:tyres": null, "service:vehicle:used_car_sales": null, "sport": null, "payment:debit_cards": null, "payment:maestro": null, "payment:mastercard": null, "payment:visa": null, "payment:visa_electron": null, "rooms": null, "check_date": null, "railway": null, "railway:ref": null, "railway:signal_box": null, "bus": null, "public_transport": null, "access": null, "changing_table": null, "fee": null, "toilets:disposal": null, "unisex": null, "ref:csioz": null, "contact:phone": null, "contact:email": null, "contact:website": null, "capacity": null, "isced:level": null, "nursery": null, "operator:website": null, "source:amenity": null, "roof:direction": null, "beds": null, "payment:credit_card": null, "payment:girocard": null, "operator:type": null, "indoor": null, "entrance": null, "frequency": null, "location": null, "substation": null, "voltage": null, "fixme": null, "maxwidth": null, "payment:dkv": null, "payment:routex": null, "payment:uta": null, "branch": null, "roof:orientation": null, "communication:mobile_phone": null, "material": null, "tower:construction": null, "tower:type": null, "name:en": null, "addr:place": null, "name:pdc": null, "service:vehicle:window_tinting": null, "service:vehicle:windshields": null, "craft": null, "bench": null, "roof:height": null, "shelter_type": null, "building:part": null, "service": null, "atm": null, "blood:whole": null, "description": null, "construction": null, "wholesale": null, "type": null, "height_nmt": 171.3300018310547, "height_nmpt": 174.94000244140625, "height_obj": 3.6100006103515625}, "geometry": {"type": "Polygon", "coordinates": [[[22.924172299999995, 54.10739300000001], [22.9242489, 54.10734229999999], [22.9242017, 54.10731779999999], [22.9241251, 54.1073684], [22.924172299999995, 54.10739300000001]]]}}, {"id": "103", "type": "Feature", "properties": {"element": "way", "id": 365277878, "addr:city": null, "addr:city:simc": null, "addr:housenumber": null, "addr:postcode": null, "addr:street": null, "amenity": null, "building": "yes", "deanery": null, "denomination": null, "diocese": null, "heritage": null, "heritage:operator": null, "image": null, "name": null, "ref:nid": null, "religion": null, "source:addr": null, "url": null, "wikidata": null, "wikipedia": null, "building:levels": null, "operator:wikidata": null, "operator:wikipedia": null, "roof:levels": null, "website": null, "height": null, "ref": null, "short_name": null, "alt_name": null, "historic": null, "atm_ref": null, "brand": null, "brand:wikidata": null, "millennium:date": null, "millennium:network": null, "millennium:ref": null, "millennium:subtype": null, "opening_hours": null, "operator": null, "shop": null, "brand:wikipedia": null, "check_date:opening_hours": null, "toilets:wheelchair": null, "wheelchair": null, "source:building": null, "email": null, "fax": null, "government": null, "office": null, "official_name": null, "phone": null, "source:office": null, "addr:country": null, "addr:street:sym_ul": null, "church:id": null, "church:type": null, "name:etymology:wikidata": null, "name:etymology:wikipedia": null, "parish": null, "parish:wikidata": null, "parish:wikipedia": null, "shrine": null, "shrine:name": null, "shrine:type": null, "start_date": null, "wikimedia_commons": null, "building:colour": null, "building:material": null, "roof:colour": null, "roof:material": null, "theatre:type": null, "admin_level": null, "website:ua": null, "emergency": null, "note": null, "layer": null, "level": null, "panoramax": null, "payment:cards": null, "payment:cash": null, "payment:qr_code": null, "cuisine": null, "drive_through": null, "smoking": null, "takeaway": null, "name:lt": null, "brewery": null, "outdoor_seating": null, "healthcare": null, "name:pl": null, "name:uk": null, "building:levels:underground": null, "source:geometry": null, "source": null, "service:vehicle:glass": null, "service:vehicle:glass_repair": null, "power": null, "addr:housename": null, "man_made": null, "internet_access": null, "internet_access:fee": null, "roof:shape": null, "stars": null, "tourism": null, "museum": null, "ref:ckkp": null, "townhall:type": null, "leisure": null, "social_facility": null, "social_facility:for": null, "fuel:HGV_diesel": null, "fuel:diesel": null, "fuel:lpg": null, "fuel:octane_95": null, "fuel:octane_98": null, "payment:credit_cards": null, "second_hand": null, "service:vehicle:air_conditioning": null, "service:vehicle:car_repair": null, "service:vehicle:new_car_sales": null, "service:vehicle:oil_change": null, "service:vehicle:repairs": null, "service:vehicle:tyres": null, "service:vehicle:used_car_sales": null, "sport": null, "payment:debit_cards": null, "payment:maestro": null, "payment:mastercard": null, "payment:visa": null, "payment:visa_electron": null, "rooms": null, "check_date": null, "railway": null, "railway:ref": null, "railway:signal_box": null, "bus": null, "public_transport": null, "access": null, "changing_table": null, "fee": null, "toilets:disposal": null, "unisex": null, "ref:csioz": null, "contact:phone": null, "contact:email": null, "contact:website": null, "capacity": null, "isced:level": null, "nursery": null, "operator:website": null, "source:amenity": null, "roof:direction": null, "beds": null, "payment:credit_card": null, "payment:girocard": null, "operator:type": null, "indoor": null, "entrance": null, "frequency": null, "location": null, "substation": null, "voltage": null, "fixme": null, "maxwidth": null, "payment:dkv": null, "payment:routex": null, "payment:uta": null, "branch": null, "roof:orientation": null, "communication:mobile_phone": null, "material": null, "tower:construction": null, "tower:type": null, "name:en": null, "addr:place": null, "name:pdc": null, "service:vehicle:window_tinting": null, "service:vehicle:windshields": null, "craft": null, "bench": null, "roof:height": null, "shelter_type": null, "building:part": null, "service": null, "atm": null, "blood:whole": null, "description": null, "construction": null, "wholesale": null, "type": null, "height_nmt": 171.39999389648438, "height_nmpt": 175.6999969482422, "height_obj": 4.3000030517578125}, "geometry": {"type": "Polygon", "coordinates": [[[22.9234345, 54.10633849999999], [22.9235377, 54.106340499999995], [22.9235386, 54.1063245], [22.9235407, 54.1062872], [22.9234375, 54.1062852], [22.9234345, 54.10633849999999]]]}}, {"id": "104", "type": "Feature", "properties": {"element": "way", "id": 365277880, "addr:city": null, "addr:city:simc": null, "addr:housenumber": null, "addr:postcode": null, "addr:street": null, "amenity": null, "building": "garages", "deanery": null, "denomination": null, "diocese": null, "heritage": null, "heritage:operator": null, "image": null, "name": null, "ref:nid": null, "religion": null, "source:addr": null, "url": null, "wikidata": null, "wikipedia": null, "building:levels": null, "operator:wikidata": null, "operator:wikipedia": null, "roof:levels": null, "website": null, "height": null, "ref": null, "short_name": null, "alt_name": null, "historic": null, "atm_ref": null, "brand": null, "brand:wikidata": null, "millennium:date": null, "millennium:network": null, "millennium:ref": null, "millennium:subtype": null, "opening_hours": null, "operator": null, "shop": null, "brand:wikipedia": null, "check_date:opening_hours": null, "toilets:wheelchair": null, "wheelchair": null, "source:building": null, "email": null, "fax": null, "government": null, "office": null, "official_name": null, "phone": null, "source:office": null, "addr:country": null, "addr:street:sym_ul": null, "church:id": null, "church:type": null, "name:etymology:wikidata": null, "name:etymology:wikipedia": null, "parish": null, "parish:wikidata": null, "parish:wikipedia": null, "shrine": null, "shrine:name": null, "shrine:type": null, "start_date": null, "wikimedia_commons": null, "building:colour": null, "building:material": null, "roof:colour": null, "roof:material": null, "theatre:type": null, "admin_level": null, "website:ua": null, "emergency": null, "note": null, "layer": null, "level": null, "panoramax": null, "payment:cards": null, "payment:cash": null, "payment:qr_code": null, "cuisine": null, "drive_through": null, "smoking": null, "takeaway": null, "name:lt": null, "brewery": null, "outdoor_seating": null, "healthcare": null, "name:pl": null, "name:uk": null, "building:levels:underground": null, "source:geometry": null, "source": null, "service:vehicle:glass": null, "service:vehicle:glass_repair": null, "power": null, "addr:housename": null, "man_made": null, "internet_access": null, "internet_access:fee": null, "roof:shape": null, "stars": null, "tourism": null, "museum": null, "ref:ckkp": null, "townhall:type": null, "leisure": null, "social_facility": null, "social_facility:for": null, "fuel:HGV_diesel": null, "fuel:diesel": null, "fuel:lpg": null, "fuel:octane_95": null, "fuel:octane_98": null, "payment:credit_cards": null, "second_hand": null, "service:vehicle:air_conditioning": null, "service:vehicle:car_repair": null, "service:vehicle:new_car_sales": null, "service:vehicle:oil_change": null, "service:vehicle:repairs": null, "service:vehicle:tyres": null, "service:vehicle:used_car_sales": null, "sport": null, "payment:debit_cards": null, "payment:maestro": null, "payment:mastercard": null, "payment:visa": null, "payment:visa_electron": null, "rooms": null, "check_date": null, "railway": null, "railway:ref": null, "railway:signal_box": null, "bus": null, "public_transport": null, "access": null, "changing_table": null, "fee": null, "toilets:disposal": null, "unisex": null, "ref:csioz": null, "contact:phone": null, "contact:email": null, "contact:website": null, "capacity": null, "isced:level": null, "nursery": null, "operator:website": null, "source:amenity": null, "roof:direction": null, "beds": null, "payment:credit_card": null, "payment:girocard": null, "operator:type": null, "indoor": null, "entrance": null, "frequency": null, "location": null, "substation": null, "voltage": null, "fixme": null, "maxwidth": null, "payment:dkv": null, "payment:routex": null, "payment:uta": null, "branch": null, "roof:orientation": null, "communication:mobile_phone": null, "material": null, "tower:construction": null, "tower:type": null, "name:en": null, "addr:place": null, "name:pdc": null, "service:vehicle:window_tinting": null, "service:vehicle:windshields": null, "craft": null, "bench": null, "roof:height": null, "shelter_type": null, "building:part": null, "service": null, "atm": null, "blood:whole": null, "description": null, "construction": null, "wholesale": null, "type": null, "height_nmt": 171.58999633789062, "height_nmpt": 171.5399932861328, "height_obj": -0.0500030517578125}, "geometry": {"type": "Polygon", "coordinates": [[[22.922818, 54.10632809999999], [22.9228209, 54.10626899999999], [22.923437600000003, 54.1062795], [22.9234375, 54.1062852], [22.9234345, 54.10633849999999], [22.9234259, 54.106338400000006], [22.922818, 54.10632809999999]]]}}, {"id": "105", "type": "Feature", "properties": {"element": "way", "id": 365277881, "addr:city": null, "addr:city:simc": null, "addr:housenumber": null, "addr:postcode": null, "addr:street": null, "amenity": null, "building": "service", "deanery": null, "denomination": null, "diocese": null, "heritage": null, "heritage:operator": null, "image": null, "name": null, "ref:nid": null, "religion": null, "source:addr": null, "url": null, "wikidata": null, "wikipedia": null, "building:levels": null, "operator:wikidata": null, "operator:wikipedia": null, "roof:levels": null, "website": null, "height": null, "ref": null, "short_name": null, "alt_name": null, "historic": null, "atm_ref": null, "brand": null, "brand:wikidata": null, "millennium:date": null, "millennium:network": null, "millennium:ref": null, "millennium:subtype": null, "opening_hours": null, "operator": null, "shop": null, "brand:wikipedia": null, "check_date:opening_hours": null, "toilets:wheelchair": null, "wheelchair": null, "source:building": null, "email": null, "fax": null, "government": null, "office": null, "official_name": null, "phone": null, "source:office": null, "addr:country": null, "addr:street:sym_ul": null, "church:id": null, "church:type": null, "name:etymology:wikidata": null, "name:etymology:wikipedia": null, "parish": null, "parish:wikidata": null, "parish:wikipedia": null, "shrine": null, "shrine:name": null, "shrine:type": null, "start_date": null, "wikimedia_commons": null, "building:colour": null, "building:material": null, "roof:colour": null, "roof:material": null, "theatre:type": null, "admin_level": null, "website:ua": null, "emergency": null, "note": null, "layer": null, "level": null, "panoramax": null, "payment:cards": null, "payment:cash": null, "payment:qr_code": null, "cuisine": null, "drive_through": null, "smoking": null, "takeaway": null, "name:lt": null, "brewery": null, "outdoor_seating": null, "healthcare": null, "name:pl": null, "name:uk": null, "building:levels:underground": null, "source:geometry": null, "source": null, "service:vehicle:glass": null, "service:vehicle:glass_repair": null, "power": null, "addr:housename": null, "man_made": null, "internet_access": null, "internet_access:fee": null, "roof:shape": null, "stars": null, "tourism": null, "museum": null, "ref:ckkp": null, "townhall:type": null, "leisure": null, "social_facility": null, "social_facility:for": null, "fuel:HGV_diesel": null, "fuel:diesel": null, "fuel:lpg": null, "fuel:octane_95": null, "fuel:octane_98": null, "payment:credit_cards": null, "second_hand": null, "service:vehicle:air_conditioning": null, "service:vehicle:car_repair": null, "service:vehicle:new_car_sales": null, "service:vehicle:oil_change": null, "service:vehicle:repairs": null, "service:vehicle:tyres": null, "service:vehicle:used_car_sales": null, "sport": null, "payment:debit_cards": null, "payment:maestro": null, "payment:mastercard": null, "payment:visa": null, "payment:visa_electron": null, "rooms": null, "check_date": null, "railway": null, "railway:ref": null, "railway:signal_box": null, "bus": null, "public_transport": null, "access": null, "changing_table": null, "fee": null, "toilets:disposal": null, "unisex": null, "ref:csioz": null, "contact:phone": null, "contact:email": null, "contact:website": null, "capacity": null, "isced:level": null, "nursery": null, "operator:website": null, "source:amenity": null, "roof:direction": null, "beds": null, "payment:credit_card": null, "payment:girocard": null, "operator:type": null, "indoor": null, "entrance": null, "frequency": null, "location": null, "substation": null, "voltage": null, "fixme": null, "maxwidth": null, "payment:dkv": null, "payment:routex": null, "payment:uta": null, "branch": null, "roof:orientation": null, "communication:mobile_phone": null, "material": null, "tower:construction": null, "tower:type": null, "name:en": null, "addr:place": null, "name:pdc": null, "service:vehicle:window_tinting": null, "service:vehicle:windshields": null, "craft": null, "bench": null, "roof:height": null, "shelter_type": null, "building:part": null, "service": null, "atm": null, "blood:whole": null, "description": null, "construction": null, "wholesale": null, "type": null, "height_nmt": 171.55999755859375, "height_nmpt": 174.72999572753906, "height_obj": 3.1699981689453125}, "geometry": {"type": "Polygon", "coordinates": [[[22.923808, 54.105585700000006], [22.9237064, 54.10558420000001], [22.9237085, 54.1055532], [22.923710299999996, 54.1055329], [22.9238102, 54.1055343], [22.923809399999996, 54.105552399999986], [22.923808, 54.105585700000006]]]}}, {"id": "106", "type": "Feature", "properties": {"element": "way", "id": 381300952, "addr:city": null, "addr:city:simc": null, "addr:housenumber": null, "addr:postcode": null, "addr:street": null, "amenity": null, "building": "yes", "deanery": null, "denomination": null, "diocese": null, "heritage": null, "heritage:operator": null, "image": null, "name": null, "ref:nid": null, "religion": null, "source:addr": null, "url": null, "wikidata": null, "wikipedia": null, "building:levels": null, "operator:wikidata": null, "operator:wikipedia": null, "roof:levels": null, "website": null, "height": null, "ref": null, "short_name": null, "alt_name": null, "historic": null, "atm_ref": null, "brand": null, "brand:wikidata": null, "millennium:date": null, "millennium:network": null, "millennium:ref": null, "millennium:subtype": null, "opening_hours": null, "operator": null, "shop": null, "brand:wikipedia": null, "check_date:opening_hours": null, "toilets:wheelchair": null, "wheelchair": null, "source:building": null, "email": null, "fax": null, "government": null, "office": null, "official_name": null, "phone": null, "source:office": null, "addr:country": null, "addr:street:sym_ul": null, "church:id": null, "church:type": null, "name:etymology:wikidata": null, "name:etymology:wikipedia": null, "parish": null, "parish:wikidata": null, "parish:wikipedia": null, "shrine": null, "shrine:name": null, "shrine:type": null, "start_date": null, "wikimedia_commons": null, "building:colour": null, "building:material": null, "roof:colour": null, "roof:material": null, "theatre:type": null, "admin_level": null, "website:ua": null, "emergency": null, "note": null, "layer": null, "level": null, "panoramax": null, "payment:cards": null, "payment:cash": null, "payment:qr_code": null, "cuisine": null, "drive_through": null, "smoking": null, "takeaway": null, "name:lt": null, "brewery": null, "outdoor_seating": null, "healthcare": null, "name:pl": null, "name:uk": null, "building:levels:underground": null, "source:geometry": null, "source": null, "service:vehicle:glass": null, "service:vehicle:glass_repair": null, "power": null, "addr:housename": null, "man_made": null, "internet_access": null, "internet_access:fee": null, "roof:shape": null, "stars": null, "tourism": null, "museum": null, "ref:ckkp": null, "townhall:type": null, "leisure": null, "social_facility": null, "social_facility:for": null, "fuel:HGV_diesel": null, "fuel:diesel": null, "fuel:lpg": null, "fuel:octane_95": null, "fuel:octane_98": null, "payment:credit_cards": null, "second_hand": null, "service:vehicle:air_conditioning": null, "service:vehicle:car_repair": null, "service:vehicle:new_car_sales": null, "service:vehicle:oil_change": null, "service:vehicle:repairs": null, "service:vehicle:tyres": null, "service:vehicle:used_car_sales": null, "sport": null, "payment:debit_cards": null, "payment:maestro": null, "payment:mastercard": null, "payment:visa": null, "payment:visa_electron": null, "rooms": null, "check_date": null, "railway": null, "railway:ref": null, "railway:signal_box": null, "bus": null, "public_transport": null, "access": null, "changing_table": null, "fee": null, "toilets:disposal": null, "unisex": null, "ref:csioz": null, "contact:phone": null, "contact:email": null, "contact:website": null, "capacity": null, "isced:level": null, "nursery": null, "operator:website": null, "source:amenity": null, "roof:direction": null, "beds": null, "payment:credit_card": null, "payment:girocard": null, "operator:type": null, "indoor": null, "entrance": null, "frequency": null, "location": null, "substation": null, "voltage": null, "fixme": null, "maxwidth": null, "payment:dkv": null, "payment:routex": null, "payment:uta": null, "branch": null, "roof:orientation": null, "communication:mobile_phone": null, "material": null, "tower:construction": null, "tower:type": null, "name:en": null, "addr:place": null, "name:pdc": null, "service:vehicle:window_tinting": null, "service:vehicle:windshields": null, "craft": null, "bench": null, "roof:height": null, "shelter_type": null, "building:part": null, "service": null, "atm": null, "blood:whole": null, "description": null, "construction": null, "wholesale": null, "type": null, "height_nmt": 171.02000427246094, "height_nmpt": 174.86000061035156, "height_obj": 3.839996337890625}, "geometry": {"type": "Polygon", "coordinates": [[[22.929355, 54.1058361], [22.929578, 54.1058407], [22.929580699999995, 54.10579719999999], [22.9293576, 54.1057926], [22.929355, 54.1058361]]]}}, {"id": "107", "type": "Feature", "properties": {"element": "way", "id": 381301017, "addr:city": null, "addr:city:simc": null, "addr:housenumber": null, "addr:postcode": null, "addr:street": null, "amenity": null, "building": "yes", "deanery": null, "denomination": null, "diocese": null, "heritage": null, "heritage:operator": null, "image": null, "name": null, "ref:nid": null, "religion": null, "source:addr": null, "url": null, "wikidata": null, "wikipedia": null, "building:levels": null, "operator:wikidata": null, "operator:wikipedia": null, "roof:levels": null, "website": null, "height": null, "ref": null, "short_name": null, "alt_name": null, "historic": null, "atm_ref": null, "brand": null, "brand:wikidata": null, "millennium:date": null, "millennium:network": null, "millennium:ref": null, "millennium:subtype": null, "opening_hours": null, "operator": null, "shop": null, "brand:wikipedia": null, "check_date:opening_hours": null, "toilets:wheelchair": null, "wheelchair": null, "source:building": null, "email": null, "fax": null, "government": null, "office": null, "official_name": null, "phone": null, "source:office": null, "addr:country": null, "addr:street:sym_ul": null, "church:id": null, "church:type": null, "name:etymology:wikidata": null, "name:etymology:wikipedia": null, "parish": null, "parish:wikidata": null, "parish:wikipedia": null, "shrine": null, "shrine:name": null, "shrine:type": null, "start_date": null, "wikimedia_commons": null, "building:colour": null, "building:material": null, "roof:colour": null, "roof:material": null, "theatre:type": null, "admin_level": null, "website:ua": null, "emergency": null, "note": null, "layer": null, "level": null, "panoramax": null, "payment:cards": null, "payment:cash": null, "payment:qr_code": null, "cuisine": null, "drive_through": null, "smoking": null, "takeaway": null, "name:lt": null, "brewery": null, "outdoor_seating": null, "healthcare": null, "name:pl": null, "name:uk": null, "building:levels:underground": null, "source:geometry": null, "source": null, "service:vehicle:glass": null, "service:vehicle:glass_repair": null, "power": null, "addr:housename": null, "man_made": null, "internet_access": null, "internet_access:fee": null, "roof:shape": null, "stars": null, "tourism": null, "museum": null, "ref:ckkp": null, "townhall:type": null, "leisure": null, "social_facility": null, "social_facility:for": null, "fuel:HGV_diesel": null, "fuel:diesel": null, "fuel:lpg": null, "fuel:octane_95": null, "fuel:octane_98": null, "payment:credit_cards": null, "second_hand": null, "service:vehicle:air_conditioning": null, "service:vehicle:car_repair": null, "service:vehicle:new_car_sales": null, "service:vehicle:oil_change": null, "service:vehicle:repairs": null, "service:vehicle:tyres": null, "service:vehicle:used_car_sales": null, "sport": null, "payment:debit_cards": null, "payment:maestro": null, "payment:mastercard": null, "payment:visa": null, "payment:visa_electron": null, "rooms": null, "check_date": null, "railway": null, "railway:ref": null, "railway:signal_box": null, "bus": null, "public_transport": null, "access": null, "changing_table": null, "fee": null, "toilets:disposal": null, "unisex": null, "ref:csioz": null, "contact:phone": null, "contact:email": null, "contact:website": null, "capacity": null, "isced:level": null, "nursery": null, "operator:website": null, "source:amenity": null, "roof:direction": null, "beds": null, "payment:credit_card": null, "payment:girocard": null, "operator:type": null, "indoor": null, "entrance": null, "frequency": null, "location": null, "substation": null, "voltage": null, "fixme": null, "maxwidth": null, "payment:dkv": null, "payment:routex": null, "payment:uta": null, "branch": null, "roof:orientation": null, "communication:mobile_phone": null, "material": null, "tower:construction": null, "tower:type": null, "name:en": null, "addr:place": null, "name:pdc": null, "service:vehicle:window_tinting": null, "service:vehicle:windshields": null, "craft": null, "bench": null, "roof:height": null, "shelter_type": null, "building:part": null, "service": null, "atm": null, "blood:whole": null, "description": null, "construction": null, "wholesale": null, "type": null, "height_nmt": 170.8699951171875, "height_nmpt": 176.02999877929688, "height_obj": 5.160003662109375}, "geometry": {"type": "Polygon", "coordinates": [[[22.9290454, 54.1053551], [22.9290608, 54.10523239999999], [22.9291465, 54.10523609999999], [22.929131099999996, 54.10535879999999], [22.9290454, 54.1053551]]]}}, {"id": "108", "type": "Feature", "properties": {"element": "way", "id": 413288043, "addr:city": null, "addr:city:simc": null, "addr:housenumber": null, "addr:postcode": null, "addr:street": null, "amenity": "waste_disposal", "building": "carport", "deanery": null, "denomination": null, "diocese": null, "heritage": null, "heritage:operator": null, "image": null, "name": null, "ref:nid": null, "religion": null, "source:addr": null, "url": null, "wikidata": null, "wikipedia": null, "building:levels": null, "operator:wikidata": null, "operator:wikipedia": null, "roof:levels": null, "website": null, "height": null, "ref": null, "short_name": null, "alt_name": null, "historic": null, "atm_ref": null, "brand": null, "brand:wikidata": null, "millennium:date": null, "millennium:network": null, "millennium:ref": null, "millennium:subtype": null, "opening_hours": null, "operator": null, "shop": null, "brand:wikipedia": null, "check_date:opening_hours": null, "toilets:wheelchair": null, "wheelchair": null, "source:building": null, "email": null, "fax": null, "government": null, "office": null, "official_name": null, "phone": null, "source:office": null, "addr:country": null, "addr:street:sym_ul": null, "church:id": null, "church:type": null, "name:etymology:wikidata": null, "name:etymology:wikipedia": null, "parish": null, "parish:wikidata": null, "parish:wikipedia": null, "shrine": null, "shrine:name": null, "shrine:type": null, "start_date": null, "wikimedia_commons": null, "building:colour": null, "building:material": null, "roof:colour": null, "roof:material": null, "theatre:type": null, "admin_level": null, "website:ua": null, "emergency": null, "note": null, "layer": null, "level": null, "panoramax": null, "payment:cards": null, "payment:cash": null, "payment:qr_code": null, "cuisine": null, "drive_through": null, "smoking": null, "takeaway": null, "name:lt": null, "brewery": null, "outdoor_seating": null, "healthcare": null, "name:pl": null, "name:uk": null, "building:levels:underground": null, "source:geometry": null, "source": null, "service:vehicle:glass": null, "service:vehicle:glass_repair": null, "power": null, "addr:housename": null, "man_made": null, "internet_access": null, "internet_access:fee": null, "roof:shape": null, "stars": null, "tourism": null, "museum": null, "ref:ckkp": null, "townhall:type": null, "leisure": null, "social_facility": null, "social_facility:for": null, "fuel:HGV_diesel": null, "fuel:diesel": null, "fuel:lpg": null, "fuel:octane_95": null, "fuel:octane_98": null, "payment:credit_cards": null, "second_hand": null, "service:vehicle:air_conditioning": null, "service:vehicle:car_repair": null, "service:vehicle:new_car_sales": null, "service:vehicle:oil_change": null, "service:vehicle:repairs": null, "service:vehicle:tyres": null, "service:vehicle:used_car_sales": null, "sport": null, "payment:debit_cards": null, "payment:maestro": null, "payment:mastercard": null, "payment:visa": null, "payment:visa_electron": null, "rooms": null, "check_date": null, "railway": null, "railway:ref": null, "railway:signal_box": null, "bus": null, "public_transport": null, "access": null, "changing_table": null, "fee": null, "toilets:disposal": null, "unisex": null, "ref:csioz": null, "contact:phone": null, "contact:email": null, "contact:website": null, "capacity": null, "isced:level": null, "nursery": null, "operator:website": null, "source:amenity": null, "roof:direction": null, "beds": null, "payment:credit_card": null, "payment:girocard": null, "operator:type": null, "indoor": null, "entrance": null, "frequency": null, "location": null, "substation": null, "voltage": null, "fixme": null, "maxwidth": null, "payment:dkv": null, "payment:routex": null, "payment:uta": null, "branch": null, "roof:orientation": null, "communication:mobile_phone": null, "material": null, "tower:construction": null, "tower:type": null, "name:en": null, "addr:place": null, "name:pdc": null, "service:vehicle:window_tinting": null, "service:vehicle:windshields": null, "craft": null, "bench": null, "roof:height": null, "shelter_type": null, "building:part": null, "service": null, "atm": null, "blood:whole": null, "description": null, "construction": null, "wholesale": null, "type": null, "height_nmt": 170.5399932861328, "height_nmpt": 173.8800048828125, "height_obj": 3.3400115966796875}, "geometry": {"type": "Polygon", "coordinates": [[[22.9303579, 54.1058375], [22.9303586, 54.105794199999984], [22.9304322, 54.1057946], [22.9304315, 54.105837900000004], [22.9303579, 54.1058375]]]}}, {"id": "109", "type": "Feature", "properties": {"element": "way", "id": 413288044, "addr:city": null, "addr:city:simc": null, "addr:housenumber": null, "addr:postcode": null, "addr:street": null, "amenity": null, "building": "yes", "deanery": null, "denomination": null, "diocese": null, "heritage": null, "heritage:operator": null, "image": null, "name": null, "ref:nid": null, "religion": null, "source:addr": null, "url": null, "wikidata": null, "wikipedia": null, "building:levels": null, "operator:wikidata": null, "operator:wikipedia": null, "roof:levels": null, "website": null, "height": null, "ref": null, "short_name": null, "alt_name": null, "historic": null, "atm_ref": null, "brand": null, "brand:wikidata": null, "millennium:date": null, "millennium:network": null, "millennium:ref": null, "millennium:subtype": null, "opening_hours": null, "operator": null, "shop": null, "brand:wikipedia": null, "check_date:opening_hours": null, "toilets:wheelchair": null, "wheelchair": null, "source:building": null, "email": null, "fax": null, "government": null, "office": null, "official_name": null, "phone": null, "source:office": null, "addr:country": null, "addr:street:sym_ul": null, "church:id": null, "church:type": null, "name:etymology:wikidata": null, "name:etymology:wikipedia": null, "parish": null, "parish:wikidata": null, "parish:wikipedia": null, "shrine": null, "shrine:name": null, "shrine:type": null, "start_date": null, "wikimedia_commons": null, "building:colour": null, "building:material": null, "roof:colour": null, "roof:material": null, "theatre:type": null, "admin_level": null, "website:ua": null, "emergency": null, "note": null, "layer": null, "level": null, "panoramax": null, "payment:cards": null, "payment:cash": null, "payment:qr_code": null, "cuisine": null, "drive_through": null, "smoking": null, "takeaway": null, "name:lt": null, "brewery": null, "outdoor_seating": null, "healthcare": null, "name:pl": null, "name:uk": null, "building:levels:underground": null, "source:geometry": null, "source": null, "service:vehicle:glass": null, "service:vehicle:glass_repair": null, "power": null, "addr:housename": null, "man_made": null, "internet_access": null, "internet_access:fee": null, "roof:shape": null, "stars": null, "tourism": null, "museum": null, "ref:ckkp": null, "townhall:type": null, "leisure": null, "social_facility": null, "social_facility:for": null, "fuel:HGV_diesel": null, "fuel:diesel": null, "fuel:lpg": null, "fuel:octane_95": null, "fuel:octane_98": null, "payment:credit_cards": null, "second_hand": null, "service:vehicle:air_conditioning": null, "service:vehicle:car_repair": null, "service:vehicle:new_car_sales": null, "service:vehicle:oil_change": null, "service:vehicle:repairs": null, "service:vehicle:tyres": null, "service:vehicle:used_car_sales": null, "sport": null, "payment:debit_cards": null, "payment:maestro": null, "payment:mastercard": null, "payment:visa": null, "payment:visa_electron": null, "rooms": null, "check_date": null, "railway": null, "railway:ref": null, "railway:signal_box": null, "bus": null, "public_transport": null, "access": null, "changing_table": null, "fee": null, "toilets:disposal": null, "unisex": null, "ref:csioz": null, "contact:phone": null, "contact:email": null, "contact:website": null, "capacity": null, "isced:level": null, "nursery": null, "operator:website": null, "source:amenity": null, "roof:direction": null, "beds": null, "payment:credit_card": null, "payment:girocard": null, "operator:type": null, "indoor": null, "entrance": null, "frequency": null, "location": null, "substation": null, "voltage": null, "fixme": null, "maxwidth": null, "payment:dkv": null, "payment:routex": null, "payment:uta": null, "branch": null, "roof:orientation": null, "communication:mobile_phone": null, "material": null, "tower:construction": null, "tower:type": null, "name:en": null, "addr:place": null, "name:pdc": null, "service:vehicle:window_tinting": null, "service:vehicle:windshields": null, "craft": null, "bench": null, "roof:height": null, "shelter_type": null, "building:part": null, "service": null, "atm": null, "blood:whole": null, "description": null, "construction": null, "wholesale": null, "type": null, "height_nmt": 171.19000244140625, "height_nmpt": 174.99000549316406, "height_obj": 3.8000030517578125}, "geometry": {"type": "Polygon", "coordinates": [[[22.9285591, 54.10710149999999], [22.9287017, 54.107103999999985], [22.9287038, 54.107060999999995], [22.928561200000004, 54.10705860000001], [22.9285591, 54.10710149999999]]]}}, {"id": "110", "type": "Feature", "properties": {"element": "way", "id": 413288045, "addr:city": null, "addr:city:simc": null, "addr:housenumber": null, "addr:postcode": null, "addr:street": null, "amenity": null, "building": "yes", "deanery": null, "denomination": null, "diocese": null, "heritage": null, "heritage:operator": null, "image": null, "name": null, "ref:nid": null, "religion": null, "source:addr": null, "url": null, "wikidata": null, "wikipedia": null, "building:levels": null, "operator:wikidata": null, "operator:wikipedia": null, "roof:levels": null, "website": null, "height": null, "ref": null, "short_name": null, "alt_name": null, "historic": null, "atm_ref": null, "brand": null, "brand:wikidata": null, "millennium:date": null, "millennium:network": null, "millennium:ref": null, "millennium:subtype": null, "opening_hours": null, "operator": null, "shop": null, "brand:wikipedia": null, "check_date:opening_hours": null, "toilets:wheelchair": null, "wheelchair": null, "source:building": null, "email": null, "fax": null, "government": null, "office": null, "official_name": null, "phone": null, "source:office": null, "addr:country": null, "addr:street:sym_ul": null, "church:id": null, "church:type": null, "name:etymology:wikidata": null, "name:etymology:wikipedia": null, "parish": null, "parish:wikidata": null, "parish:wikipedia": null, "shrine": null, "shrine:name": null, "shrine:type": null, "start_date": null, "wikimedia_commons": null, "building:colour": null, "building:material": null, "roof:colour": null, "roof:material": null, "theatre:type": null, "admin_level": null, "website:ua": null, "emergency": null, "note": null, "layer": null, "level": null, "panoramax": null, "payment:cards": null, "payment:cash": null, "payment:qr_code": null, "cuisine": null, "drive_through": null, "smoking": null, "takeaway": null, "name:lt": null, "brewery": null, "outdoor_seating": null, "healthcare": null, "name:pl": null, "name:uk": null, "building:levels:underground": null, "source:geometry": null, "source": null, "service:vehicle:glass": null, "service:vehicle:glass_repair": null, "power": null, "addr:housename": null, "man_made": null, "internet_access": null, "internet_access:fee": null, "roof:shape": null, "stars": null, "tourism": null, "museum": null, "ref:ckkp": null, "townhall:type": null, "leisure": null, "social_facility": null, "social_facility:for": null, "fuel:HGV_diesel": null, "fuel:diesel": null, "fuel:lpg": null, "fuel:octane_95": null, "fuel:octane_98": null, "payment:credit_cards": null, "second_hand": null, "service:vehicle:air_conditioning": null, "service:vehicle:car_repair": null, "service:vehicle:new_car_sales": null, "service:vehicle:oil_change": null, "service:vehicle:repairs": null, "service:vehicle:tyres": null, "service:vehicle:used_car_sales": null, "sport": null, "payment:debit_cards": null, "payment:maestro": null, "payment:mastercard": null, "payment:visa": null, "payment:visa_electron": null, "rooms": null, "check_date": null, "railway": null, "railway:ref": null, "railway:signal_box": null, "bus": null, "public_transport": null, "access": null, "changing_table": null, "fee": null, "toilets:disposal": null, "unisex": null, "ref:csioz": null, "contact:phone": null, "contact:email": null, "contact:website": null, "capacity": null, "isced:level": null, "nursery": null, "operator:website": null, "source:amenity": null, "roof:direction": null, "beds": null, "payment:credit_card": null, "payment:girocard": null, "operator:type": null, "indoor": null, "entrance": null, "frequency": null, "location": null, "substation": null, "voltage": null, "fixme": null, "maxwidth": null, "payment:dkv": null, "payment:routex": null, "payment:uta": null, "branch": null, "roof:orientation": null, "communication:mobile_phone": null, "material": null, "tower:construction": null, "tower:type": null, "name:en": null, "addr:place": null, "name:pdc": null, "service:vehicle:window_tinting": null, "service:vehicle:windshields": null, "craft": null, "bench": null, "roof:height": null, "shelter_type": null, "building:part": null, "service": null, "atm": null, "blood:whole": null, "description": null, "construction": null, "wholesale": null, "type": null, "height_nmt": 170.7899932861328, "height_nmpt": 174.67999267578125, "height_obj": 3.8899993896484375}, "geometry": {"type": "Polygon", "coordinates": [[[22.929184899999996, 54.1069044], [22.929198800000005, 54.10677630000001], [22.9292798, 54.1067793], [22.929273799999997, 54.10683409999999], [22.9292466, 54.1068331], [22.929238699999996, 54.10690639999999], [22.929184899999996, 54.1069044]]]}}, {"id": "111", "type": "Feature", "properties": {"element": "way", "id": 413288046, "addr:city": null, "addr:city:simc": null, "addr:housenumber": null, "addr:postcode": null, "addr:street": null, "amenity": null, "building": "yes", "deanery": null, "denomination": null, "diocese": null, "heritage": null, "heritage:operator": null, "image": null, "name": null, "ref:nid": null, "religion": null, "source:addr": null, "url": null, "wikidata": null, "wikipedia": null, "building:levels": null, "operator:wikidata": null, "operator:wikipedia": null, "roof:levels": null, "website": null, "height": null, "ref": null, "short_name": null, "alt_name": null, "historic": null, "atm_ref": null, "brand": null, "brand:wikidata": null, "millennium:date": null, "millennium:network": null, "millennium:ref": null, "millennium:subtype": null, "opening_hours": null, "operator": null, "shop": null, "brand:wikipedia": null, "check_date:opening_hours": null, "toilets:wheelchair": null, "wheelchair": null, "source:building": null, "email": null, "fax": null, "government": null, "office": null, "official_name": null, "phone": null, "source:office": null, "addr:country": null, "addr:street:sym_ul": null, "church:id": null, "church:type": null, "name:etymology:wikidata": null, "name:etymology:wikipedia": null, "parish": null, "parish:wikidata": null, "parish:wikipedia": null, "shrine": null, "shrine:name": null, "shrine:type": null, "start_date": null, "wikimedia_commons": null, "building:colour": null, "building:material": null, "roof:colour": null, "roof:material": null, "theatre:type": null, "admin_level": null, "website:ua": null, "emergency": null, "note": null, "layer": null, "level": null, "panoramax": null, "payment:cards": null, "payment:cash": null, "payment:qr_code": null, "cuisine": null, "drive_through": null, "smoking": null, "takeaway": null, "name:lt": null, "brewery": null, "outdoor_seating": null, "healthcare": null, "name:pl": null, "name:uk": null, "building:levels:underground": null, "source:geometry": null, "source": null, "service:vehicle:glass": null, "service:vehicle:glass_repair": null, "power": null, "addr:housename": null, "man_made": null, "internet_access": null, "internet_access:fee": null, "roof:shape": null, "stars": null, "tourism": null, "museum": null, "ref:ckkp": null, "townhall:type": null, "leisure": null, "social_facility": null, "social_facility:for": null, "fuel:HGV_diesel": null, "fuel:diesel": null, "fuel:lpg": null, "fuel:octane_95": null, "fuel:octane_98": null, "payment:credit_cards": null, "second_hand": null, "service:vehicle:air_conditioning": null, "service:vehicle:car_repair": null, "service:vehicle:new_car_sales": null, "service:vehicle:oil_change": null, "service:vehicle:repairs": null, "service:vehicle:tyres": null, "service:vehicle:used_car_sales": null, "sport": null, "payment:debit_cards": null, "payment:maestro": null, "payment:mastercard": null, "payment:visa": null, "payment:visa_electron": null, "rooms": null, "check_date": null, "railway": null, "railway:ref": null, "railway:signal_box": null, "bus": null, "public_transport": null, "access": null, "changing_table": null, "fee": null, "toilets:disposal": null, "unisex": null, "ref:csioz": null, "contact:phone": null, "contact:email": null, "contact:website": null, "capacity": null, "isced:level": null, "nursery": null, "operator:website": null, "source:amenity": null, "roof:direction": null, "beds": null, "payment:credit_card": null, "payment:girocard": null, "operator:type": null, "indoor": null, "entrance": null, "frequency": null, "location": null, "substation": null, "voltage": null, "fixme": null, "maxwidth": null, "payment:dkv": null, "payment:routex": null, "payment:uta": null, "branch": null, "roof:orientation": null, "communication:mobile_phone": null, "material": null, "tower:construction": null, "tower:type": null, "name:en": null, "addr:place": null, "name:pdc": null, "service:vehicle:window_tinting": null, "service:vehicle:windshields": null, "craft": null, "bench": null, "roof:height": null, "shelter_type": null, "building:part": null, "service": null, "atm": null, "blood:whole": null, "description": null, "construction": null, "wholesale": null, "type": null, "height_nmt": 170.60000610351562, "height_nmpt": 174.10000610351562, "height_obj": 3.5}, "geometry": {"type": "Polygon", "coordinates": [[[22.9297759, 54.1070502], [22.9297795, 54.1070085], [22.9297486, 54.10700759999999], [22.9297568, 54.10691280000001], [22.9298698, 54.10691619999999], [22.929858, 54.107052599999996], [22.9297759, 54.1070502]]]}}, {"id": "112", "type": "Feature", "properties": {"element": "way", "id": 413288048, "addr:city": null, "addr:city:simc": null, "addr:housenumber": null, "addr:postcode": null, "addr:street": null, "amenity": null, "building": "yes", "deanery": null, "denomination": null, "diocese": null, "heritage": null, "heritage:operator": null, "image": null, "name": null, "ref:nid": null, "religion": null, "source:addr": null, "url": null, "wikidata": null, "wikipedia": null, "building:levels": null, "operator:wikidata": null, "operator:wikipedia": null, "roof:levels": null, "website": null, "height": null, "ref": null, "short_name": null, "alt_name": null, "historic": null, "atm_ref": null, "brand": null, "brand:wikidata": null, "millennium:date": null, "millennium:network": null, "millennium:ref": null, "millennium:subtype": null, "opening_hours": null, "operator": null, "shop": null, "brand:wikipedia": null, "check_date:opening_hours": null, "toilets:wheelchair": null, "wheelchair": null, "source:building": null, "email": null, "fax": null, "government": null, "office": null, "official_name": null, "phone": null, "source:office": null, "addr:country": null, "addr:street:sym_ul": null, "church:id": null, "church:type": null, "name:etymology:wikidata": null, "name:etymology:wikipedia": null, "parish": null, "parish:wikidata": null, "parish:wikipedia": null, "shrine": null, "shrine:name": null, "shrine:type": null, "start_date": null, "wikimedia_commons": null, "building:colour": null, "building:material": null, "roof:colour": null, "roof:material": null, "theatre:type": null, "admin_level": null, "website:ua": null, "emergency": null, "note": null, "layer": null, "level": null, "panoramax": null, "payment:cards": null, "payment:cash": null, "payment:qr_code": null, "cuisine": null, "drive_through": null, "smoking": null, "takeaway": null, "name:lt": null, "brewery": null, "outdoor_seating": null, "healthcare": null, "name:pl": null, "name:uk": null, "building:levels:underground": null, "source:geometry": null, "source": null, "service:vehicle:glass": null, "service:vehicle:glass_repair": null, "power": null, "addr:housename": null, "man_made": null, "internet_access": null, "internet_access:fee": null, "roof:shape": null, "stars": null, "tourism": null, "museum": null, "ref:ckkp": null, "townhall:type": null, "leisure": null, "social_facility": null, "social_facility:for": null, "fuel:HGV_diesel": null, "fuel:diesel": null, "fuel:lpg": null, "fuel:octane_95": null, "fuel:octane_98": null, "payment:credit_cards": null, "second_hand": null, "service:vehicle:air_conditioning": null, "service:vehicle:car_repair": null, "service:vehicle:new_car_sales": null, "service:vehicle:oil_change": null, "service:vehicle:repairs": null, "service:vehicle:tyres": null, "service:vehicle:used_car_sales": null, "sport": null, "payment:debit_cards": null, "payment:maestro": null, "payment:mastercard": null, "payment:visa": null, "payment:visa_electron": null, "rooms": null, "check_date": null, "railway": null, "railway:ref": null, "railway:signal_box": null, "bus": null, "public_transport": null, "access": null, "changing_table": null, "fee": null, "toilets:disposal": null, "unisex": null, "ref:csioz": null, "contact:phone": null, "contact:email": null, "contact:website": null, "capacity": null, "isced:level": null, "nursery": null, "operator:website": null, "source:amenity": null, "roof:direction": null, "beds": null, "payment:credit_card": null, "payment:girocard": null, "operator:type": null, "indoor": null, "entrance": null, "frequency": null, "location": null, "substation": null, "voltage": null, "fixme": null, "maxwidth": null, "payment:dkv": null, "payment:routex": null, "payment:uta": null, "branch": null, "roof:orientation": null, "communication:mobile_phone": null, "material": null, "tower:construction": null, "tower:type": null, "name:en": null, "addr:place": null, "name:pdc": null, "service:vehicle:window_tinting": null, "service:vehicle:windshields": null, "craft": null, "bench": null, "roof:height": null, "shelter_type": null, "building:part": null, "service": null, "atm": null, "blood:whole": null, "description": null, "construction": null, "wholesale": null, "type": null, "height_nmt": 170.89999389648438, "height_nmpt": 173.8000030517578, "height_obj": 2.9000091552734375}, "geometry": {"type": "Polygon", "coordinates": [[[22.929502700000004, 54.1069404], [22.929508, 54.1068335], [22.9295918, 54.1068349], [22.9295865, 54.1069418], [22.929502700000004, 54.1069404]]]}}, {"id": "113", "type": "Feature", "properties": {"element": "way", "id": 491859300, "addr:city": null, "addr:city:simc": null, "addr:housenumber": null, "addr:postcode": null, "addr:street": null, "amenity": null, "building": "yes", "deanery": null, "denomination": null, "diocese": null, "heritage": null, "heritage:operator": null, "image": null, "name": null, "ref:nid": null, "religion": null, "source:addr": null, "url": null, "wikidata": null, "wikipedia": null, "building:levels": null, "operator:wikidata": null, "operator:wikipedia": null, "roof:levels": null, "website": null, "height": null, "ref": null, "short_name": null, "alt_name": null, "historic": null, "atm_ref": null, "brand": null, "brand:wikidata": null, "millennium:date": null, "millennium:network": null, "millennium:ref": null, "millennium:subtype": null, "opening_hours": null, "operator": null, "shop": null, "brand:wikipedia": null, "check_date:opening_hours": null, "toilets:wheelchair": null, "wheelchair": null, "source:building": null, "email": null, "fax": null, "government": null, "office": null, "official_name": null, "phone": null, "source:office": null, "addr:country": null, "addr:street:sym_ul": null, "church:id": null, "church:type": null, "name:etymology:wikidata": null, "name:etymology:wikipedia": null, "parish": null, "parish:wikidata": null, "parish:wikipedia": null, "shrine": null, "shrine:name": null, "shrine:type": null, "start_date": null, "wikimedia_commons": null, "building:colour": null, "building:material": null, "roof:colour": null, "roof:material": null, "theatre:type": null, "admin_level": null, "website:ua": null, "emergency": null, "note": null, "layer": null, "level": null, "panoramax": null, "payment:cards": null, "payment:cash": null, "payment:qr_code": null, "cuisine": null, "drive_through": null, "smoking": null, "takeaway": null, "name:lt": null, "brewery": null, "outdoor_seating": null, "healthcare": null, "name:pl": null, "name:uk": null, "building:levels:underground": null, "source:geometry": null, "source": null, "service:vehicle:glass": null, "service:vehicle:glass_repair": null, "power": null, "addr:housename": null, "man_made": null, "internet_access": null, "internet_access:fee": null, "roof:shape": null, "stars": null, "tourism": null, "museum": null, "ref:ckkp": null, "townhall:type": null, "leisure": null, "social_facility": null, "social_facility:for": null, "fuel:HGV_diesel": null, "fuel:diesel": null, "fuel:lpg": null, "fuel:octane_95": null, "fuel:octane_98": null, "payment:credit_cards": null, "second_hand": null, "service:vehicle:air_conditioning": null, "service:vehicle:car_repair": null, "service:vehicle:new_car_sales": null, "service:vehicle:oil_change": null, "service:vehicle:repairs": null, "service:vehicle:tyres": null, "service:vehicle:used_car_sales": null, "sport": null, "payment:debit_cards": null, "payment:maestro": null, "payment:mastercard": null, "payment:visa": null, "payment:visa_electron": null, "rooms": null, "check_date": null, "railway": null, "railway:ref": null, "railway:signal_box": null, "bus": null, "public_transport": null, "access": null, "changing_table": null, "fee": null, "toilets:disposal": null, "unisex": null, "ref:csioz": null, "contact:phone": null, "contact:email": null, "contact:website": null, "capacity": null, "isced:level": null, "nursery": null, "operator:website": null, "source:amenity": null, "roof:direction": null, "beds": null, "payment:credit_card": null, "payment:girocard": null, "operator:type": null, "indoor": null, "entrance": null, "frequency": null, "location": null, "substation": null, "voltage": null, "fixme": null, "maxwidth": null, "payment:dkv": null, "payment:routex": null, "payment:uta": null, "branch": null, "roof:orientation": null, "communication:mobile_phone": null, "material": null, "tower:construction": null, "tower:type": null, "name:en": null, "addr:place": null, "name:pdc": null, "service:vehicle:window_tinting": null, "service:vehicle:windshields": null, "craft": null, "bench": null, "roof:height": null, "shelter_type": null, "building:part": null, "service": null, "atm": null, "blood:whole": null, "description": null, "construction": null, "wholesale": null, "type": null, "height_nmt": 170.5399932861328, "height_nmpt": 174.16000366210938, "height_obj": 3.6200103759765625}, "geometry": {"type": "Polygon", "coordinates": [[[22.930445399999996, 54.10617899999999], [22.930449, 54.106079300000005], [22.930533499999996, 54.1060804], [22.9305299, 54.1061801], [22.930445399999996, 54.10617899999999]]]}}, {"id": "114", "type": "Feature", "properties": {"element": "way", "id": 491859612, "addr:city": null, "addr:city:simc": null, "addr:housenumber": null, "addr:postcode": null, "addr:street": null, "amenity": null, "building": "garage", "deanery": null, "denomination": null, "diocese": null, "heritage": null, "heritage:operator": null, "image": null, "name": null, "ref:nid": null, "religion": null, "source:addr": null, "url": null, "wikidata": null, "wikipedia": null, "building:levels": null, "operator:wikidata": null, "operator:wikipedia": null, "roof:levels": null, "website": null, "height": null, "ref": null, "short_name": null, "alt_name": null, "historic": null, "atm_ref": null, "brand": null, "brand:wikidata": null, "millennium:date": null, "millennium:network": null, "millennium:ref": null, "millennium:subtype": null, "opening_hours": null, "operator": null, "shop": null, "brand:wikipedia": null, "check_date:opening_hours": null, "toilets:wheelchair": null, "wheelchair": null, "source:building": null, "email": null, "fax": null, "government": null, "office": null, "official_name": null, "phone": null, "source:office": null, "addr:country": null, "addr:street:sym_ul": null, "church:id": null, "church:type": null, "name:etymology:wikidata": null, "name:etymology:wikipedia": null, "parish": null, "parish:wikidata": null, "parish:wikipedia": null, "shrine": null, "shrine:name": null, "shrine:type": null, "start_date": null, "wikimedia_commons": null, "building:colour": null, "building:material": null, "roof:colour": null, "roof:material": null, "theatre:type": null, "admin_level": null, "website:ua": null, "emergency": null, "note": null, "layer": "-1", "level": "-1", "panoramax": null, "payment:cards": null, "payment:cash": null, "payment:qr_code": null, "cuisine": null, "drive_through": null, "smoking": null, "takeaway": null, "name:lt": null, "brewery": null, "outdoor_seating": null, "healthcare": null, "name:pl": null, "name:uk": null, "building:levels:underground": null, "source:geometry": null, "source": null, "service:vehicle:glass": null, "service:vehicle:glass_repair": null, "power": null, "addr:housename": null, "man_made": null, "internet_access": null, "internet_access:fee": null, "roof:shape": null, "stars": null, "tourism": null, "museum": null, "ref:ckkp": null, "townhall:type": null, "leisure": null, "social_facility": null, "social_facility:for": null, "fuel:HGV_diesel": null, "fuel:diesel": null, "fuel:lpg": null, "fuel:octane_95": null, "fuel:octane_98": null, "payment:credit_cards": null, "second_hand": null, "service:vehicle:air_conditioning": null, "service:vehicle:car_repair": null, "service:vehicle:new_car_sales": null, "service:vehicle:oil_change": null, "service:vehicle:repairs": null, "service:vehicle:tyres": null, "service:vehicle:used_car_sales": null, "sport": null, "payment:debit_cards": null, "payment:maestro": null, "payment:mastercard": null, "payment:visa": null, "payment:visa_electron": null, "rooms": null, "check_date": null, "railway": null, "railway:ref": null, "railway:signal_box": null, "bus": null, "public_transport": null, "access": null, "changing_table": null, "fee": null, "toilets:disposal": null, "unisex": null, "ref:csioz": null, "contact:phone": null, "contact:email": null, "contact:website": null, "capacity": null, "isced:level": null, "nursery": null, "operator:website": null, "source:amenity": null, "roof:direction": null, "beds": null, "payment:credit_card": null, "payment:girocard": null, "operator:type": null, "indoor": null, "entrance": null, "frequency": null, "location": null, "substation": null, "voltage": null, "fixme": null, "maxwidth": null, "payment:dkv": null, "payment:routex": null, "payment:uta": null, "branch": null, "roof:orientation": null, "communication:mobile_phone": null, "material": null, "tower:construction": null, "tower:type": null, "name:en": null, "addr:place": null, "name:pdc": null, "service:vehicle:window_tinting": null, "service:vehicle:windshields": null, "craft": null, "bench": null, "roof:height": null, "shelter_type": null, "building:part": null, "service": null, "atm": null, "blood:whole": null, "description": null, "construction": null, "wholesale": null, "type": null, "height_nmt": 171.60000610351562, "height_nmpt": 171.61000061035156, "height_obj": 0.0099945068359375}, "geometry": {"type": "Polygon", "coordinates": [[[22.929766499999996, 54.10570739999999], [22.929675700000004, 54.105705999999984], [22.9296673, 54.10582490000001], [22.9303189, 54.105836700000005], [22.9303217, 54.1057797], [22.9303244, 54.1057308], [22.930326400000002, 54.1056677], [22.930245799999998, 54.10566569999999], [22.930236699999995, 54.10566549999999], [22.930233499999996, 54.105716799999996], [22.9301387, 54.10571509999999], [22.9301379, 54.1057308], [22.930088400000002, 54.10573], [22.9300889, 54.105714299999995], [22.9299103, 54.105710699999996], [22.9299093, 54.105726499999996], [22.9298589, 54.1057253], [22.9298601, 54.1057095], [22.929766499999996, 54.10570739999999]]]}}, {"id": "115", "type": "Feature", "properties": {"element": "way", "id": 491861234, "addr:city": null, "addr:city:simc": null, "addr:housenumber": null, "addr:postcode": null, "addr:street": null, "amenity": null, "building": "yes", "deanery": null, "denomination": null, "diocese": null, "heritage": null, "heritage:operator": null, "image": null, "name": null, "ref:nid": null, "religion": null, "source:addr": null, "url": null, "wikidata": null, "wikipedia": null, "building:levels": null, "operator:wikidata": null, "operator:wikipedia": null, "roof:levels": null, "website": null, "height": null, "ref": null, "short_name": null, "alt_name": null, "historic": null, "atm_ref": null, "brand": null, "brand:wikidata": null, "millennium:date": null, "millennium:network": null, "millennium:ref": null, "millennium:subtype": null, "opening_hours": null, "operator": null, "shop": null, "brand:wikipedia": null, "check_date:opening_hours": null, "toilets:wheelchair": null, "wheelchair": null, "source:building": null, "email": null, "fax": null, "government": null, "office": null, "official_name": null, "phone": null, "source:office": null, "addr:country": null, "addr:street:sym_ul": null, "church:id": null, "church:type": null, "name:etymology:wikidata": null, "name:etymology:wikipedia": null, "parish": null, "parish:wikidata": null, "parish:wikipedia": null, "shrine": null, "shrine:name": null, "shrine:type": null, "start_date": null, "wikimedia_commons": null, "building:colour": null, "building:material": null, "roof:colour": null, "roof:material": null, "theatre:type": null, "admin_level": null, "website:ua": null, "emergency": null, "note": null, "layer": null, "level": null, "panoramax": null, "payment:cards": null, "payment:cash": null, "payment:qr_code": null, "cuisine": null, "drive_through": null, "smoking": null, "takeaway": null, "name:lt": null, "brewery": null, "outdoor_seating": null, "healthcare": null, "name:pl": null, "name:uk": null, "building:levels:underground": null, "source:geometry": null, "source": null, "service:vehicle:glass": null, "service:vehicle:glass_repair": null, "power": null, "addr:housename": null, "man_made": null, "internet_access": null, "internet_access:fee": null, "roof:shape": null, "stars": null, "tourism": null, "museum": null, "ref:ckkp": null, "townhall:type": null, "leisure": null, "social_facility": null, "social_facility:for": null, "fuel:HGV_diesel": null, "fuel:diesel": null, "fuel:lpg": null, "fuel:octane_95": null, "fuel:octane_98": null, "payment:credit_cards": null, "second_hand": null, "service:vehicle:air_conditioning": null, "service:vehicle:car_repair": null, "service:vehicle:new_car_sales": null, "service:vehicle:oil_change": null, "service:vehicle:repairs": null, "service:vehicle:tyres": null, "service:vehicle:used_car_sales": null, "sport": null, "payment:debit_cards": null, "payment:maestro": null, "payment:mastercard": null, "payment:visa": null, "payment:visa_electron": null, "rooms": null, "check_date": null, "railway": null, "railway:ref": null, "railway:signal_box": null, "bus": null, "public_transport": null, "access": null, "changing_table": null, "fee": null, "toilets:disposal": null, "unisex": null, "ref:csioz": null, "contact:phone": null, "contact:email": null, "contact:website": null, "capacity": null, "isced:level": null, "nursery": null, "operator:website": null, "source:amenity": null, "roof:direction": null, "beds": null, "payment:credit_card": null, "payment:girocard": null, "operator:type": null, "indoor": null, "entrance": null, "frequency": null, "location": null, "substation": null, "voltage": null, "fixme": null, "maxwidth": null, "payment:dkv": null, "payment:routex": null, "payment:uta": null, "branch": null, "roof:orientation": null, "communication:mobile_phone": null, "material": null, "tower:construction": null, "tower:type": null, "name:en": null, "addr:place": null, "name:pdc": null, "service:vehicle:window_tinting": null, "service:vehicle:windshields": null, "craft": null, "bench": null, "roof:height": null, "shelter_type": null, "building:part": null, "service": null, "atm": null, "blood:whole": null, "description": null, "construction": null, "wholesale": null, "type": null, "height_nmt": 170.72000122070312, "height_nmpt": 173.8800048828125, "height_obj": 3.160003662109375}, "geometry": {"type": "Polygon", "coordinates": [[[22.9300603, 54.1073051], [22.9300785, 54.1071847], [22.930015, 54.1071814], [22.9299968, 54.1073018], [22.9300603, 54.1073051]]]}}, {"id": "116", "type": "Feature", "properties": {"element": "way", "id": 491861236, "addr:city": null, "addr:city:simc": null, "addr:housenumber": null, "addr:postcode": null, "addr:street": null, "amenity": null, "building": "yes", "deanery": null, "denomination": null, "diocese": null, "heritage": null, "heritage:operator": null, "image": null, "name": null, "ref:nid": null, "religion": null, "source:addr": null, "url": null, "wikidata": null, "wikipedia": null, "building:levels": null, "operator:wikidata": null, "operator:wikipedia": null, "roof:levels": null, "website": null, "height": null, "ref": null, "short_name": null, "alt_name": null, "historic": null, "atm_ref": null, "brand": null, "brand:wikidata": null, "millennium:date": null, "millennium:network": null, "millennium:ref": null, "millennium:subtype": null, "opening_hours": null, "operator": null, "shop": null, "brand:wikipedia": null, "check_date:opening_hours": null, "toilets:wheelchair": null, "wheelchair": null, "source:building": null, "email": null, "fax": null, "government": null, "office": null, "official_name": null, "phone": null, "source:office": null, "addr:country": null, "addr:street:sym_ul": null, "church:id": null, "church:type": null, "name:etymology:wikidata": null, "name:etymology:wikipedia": null, "parish": null, "parish:wikidata": null, "parish:wikipedia": null, "shrine": null, "shrine:name": null, "shrine:type": null, "start_date": null, "wikimedia_commons": null, "building:colour": null, "building:material": null, "roof:colour": null, "roof:material": null, "theatre:type": null, "admin_level": null, "website:ua": null, "emergency": null, "note": null, "layer": null, "level": null, "panoramax": null, "payment:cards": null, "payment:cash": null, "payment:qr_code": null, "cuisine": null, "drive_through": null, "smoking": null, "takeaway": null, "name:lt": null, "brewery": null, "outdoor_seating": null, "healthcare": null, "name:pl": null, "name:uk": null, "building:levels:underground": null, "source:geometry": null, "source": null, "service:vehicle:glass": null, "service:vehicle:glass_repair": null, "power": null, "addr:housename": null, "man_made": null, "internet_access": null, "internet_access:fee": null, "roof:shape": null, "stars": null, "tourism": null, "museum": null, "ref:ckkp": null, "townhall:type": null, "leisure": null, "social_facility": null, "social_facility:for": null, "fuel:HGV_diesel": null, "fuel:diesel": null, "fuel:lpg": null, "fuel:octane_95": null, "fuel:octane_98": null, "payment:credit_cards": null, "second_hand": null, "service:vehicle:air_conditioning": null, "service:vehicle:car_repair": null, "service:vehicle:new_car_sales": null, "service:vehicle:oil_change": null, "service:vehicle:repairs": null, "service:vehicle:tyres": null, "service:vehicle:used_car_sales": null, "sport": null, "payment:debit_cards": null, "payment:maestro": null, "payment:mastercard": null, "payment:visa": null, "payment:visa_electron": null, "rooms": null, "check_date": null, "railway": null, "railway:ref": null, "railway:signal_box": null, "bus": null, "public_transport": null, "access": null, "changing_table": null, "fee": null, "toilets:disposal": null, "unisex": null, "ref:csioz": null, "contact:phone": null, "contact:email": null, "contact:website": null, "capacity": null, "isced:level": null, "nursery": null, "operator:website": null, "source:amenity": null, "roof:direction": null, "beds": null, "payment:credit_card": null, "payment:girocard": null, "operator:type": null, "indoor": null, "entrance": null, "frequency": null, "location": null, "substation": null, "voltage": null, "fixme": null, "maxwidth": null, "payment:dkv": null, "payment:routex": null, "payment:uta": null, "branch": null, "roof:orientation": null, "communication:mobile_phone": null, "material": null, "tower:construction": null, "tower:type": null, "name:en": null, "addr:place": null, "name:pdc": null, "service:vehicle:window_tinting": null, "service:vehicle:windshields": null, "craft": null, "bench": null, "roof:height": null, "shelter_type": null, "building:part": null, "service": null, "atm": null, "blood:whole": null, "description": null, "construction": null, "wholesale": null, "type": null, "height_nmt": 170.5399932861328, "height_nmpt": 173.74000549316406, "height_obj": 3.20001220703125}, "geometry": {"type": "Polygon", "coordinates": [[[22.9306962, 54.107025900000004], [22.9307138, 54.1068591], [22.9307954, 54.1068621], [22.9307778, 54.1070288], [22.9306962, 54.107025900000004]]]}}, {"id": "117", "type": "Feature", "properties": {"element": "way", "id": 491861238, "addr:city": null, "addr:city:simc": null, "addr:housenumber": null, "addr:postcode": null, "addr:street": null, "amenity": null, "building": "yes", "deanery": null, "denomination": null, "diocese": null, "heritage": null, "heritage:operator": null, "image": null, "name": null, "ref:nid": null, "religion": null, "source:addr": null, "url": null, "wikidata": null, "wikipedia": null, "building:levels": null, "operator:wikidata": null, "operator:wikipedia": null, "roof:levels": null, "website": null, "height": null, "ref": null, "short_name": null, "alt_name": null, "historic": null, "atm_ref": null, "brand": null, "brand:wikidata": null, "millennium:date": null, "millennium:network": null, "millennium:ref": null, "millennium:subtype": null, "opening_hours": null, "operator": null, "shop": null, "brand:wikipedia": null, "check_date:opening_hours": null, "toilets:wheelchair": null, "wheelchair": null, "source:building": null, "email": null, "fax": null, "government": null, "office": null, "official_name": null, "phone": null, "source:office": null, "addr:country": null, "addr:street:sym_ul": null, "church:id": null, "church:type": null, "name:etymology:wikidata": null, "name:etymology:wikipedia": null, "parish": null, "parish:wikidata": null, "parish:wikipedia": null, "shrine": null, "shrine:name": null, "shrine:type": null, "start_date": null, "wikimedia_commons": null, "building:colour": null, "building:material": null, "roof:colour": null, "roof:material": null, "theatre:type": null, "admin_level": null, "website:ua": null, "emergency": null, "note": null, "layer": null, "level": null, "panoramax": null, "payment:cards": null, "payment:cash": null, "payment:qr_code": null, "cuisine": null, "drive_through": null, "smoking": null, "takeaway": null, "name:lt": null, "brewery": null, "outdoor_seating": null, "healthcare": null, "name:pl": null, "name:uk": null, "building:levels:underground": null, "source:geometry": null, "source": null, "service:vehicle:glass": null, "service:vehicle:glass_repair": null, "power": null, "addr:housename": null, "man_made": null, "internet_access": null, "internet_access:fee": null, "roof:shape": null, "stars": null, "tourism": null, "museum": null, "ref:ckkp": null, "townhall:type": null, "leisure": null, "social_facility": null, "social_facility:for": null, "fuel:HGV_diesel": null, "fuel:diesel": null, "fuel:lpg": null, "fuel:octane_95": null, "fuel:octane_98": null, "payment:credit_cards": null, "second_hand": null, "service:vehicle:air_conditioning": null, "service:vehicle:car_repair": null, "service:vehicle:new_car_sales": null, "service:vehicle:oil_change": null, "service:vehicle:repairs": null, "service:vehicle:tyres": null, "service:vehicle:used_car_sales": null, "sport": null, "payment:debit_cards": null, "payment:maestro": null, "payment:mastercard": null, "payment:visa": null, "payment:visa_electron": null, "rooms": null, "check_date": null, "railway": null, "railway:ref": null, "railway:signal_box": null, "bus": null, "public_transport": null, "access": null, "changing_table": null, "fee": null, "toilets:disposal": null, "unisex": null, "ref:csioz": null, "contact:phone": null, "contact:email": null, "contact:website": null, "capacity": null, "isced:level": null, "nursery": null, "operator:website": null, "source:amenity": null, "roof:direction": null, "beds": null, "payment:credit_card": null, "payment:girocard": null, "operator:type": null, "indoor": null, "entrance": null, "frequency": null, "location": null, "substation": null, "voltage": null, "fixme": null, "maxwidth": null, "payment:dkv": null, "payment:routex": null, "payment:uta": null, "branch": null, "roof:orientation": null, "communication:mobile_phone": null, "material": null, "tower:construction": null, "tower:type": null, "name:en": null, "addr:place": null, "name:pdc": null, "service:vehicle:window_tinting": null, "service:vehicle:windshields": null, "craft": null, "bench": null, "roof:height": null, "shelter_type": null, "building:part": null, "service": null, "atm": null, "blood:whole": null, "description": null, "construction": null, "wholesale": null, "type": null, "height_nmt": 170.47999572753906, "height_nmpt": 177.1300048828125, "height_obj": 6.6500091552734375}, "geometry": {"type": "Polygon", "coordinates": [[[22.9308518, 54.107192899999994], [22.9308559, 54.1071681], [22.9308653, 54.1071109], [22.930748299999998, 54.107104299999996], [22.9307348, 54.1071863], [22.9308518, 54.107192899999994]]]}}, {"id": "118", "type": "Feature", "properties": {"element": "way", "id": 491896081, "addr:city": null, "addr:city:simc": null, "addr:housenumber": null, "addr:postcode": null, "addr:street": null, "amenity": null, "building": "yes", "deanery": null, "denomination": null, "diocese": null, "heritage": null, "heritage:operator": null, "image": null, "name": null, "ref:nid": null, "religion": null, "source:addr": null, "url": null, "wikidata": null, "wikipedia": null, "building:levels": null, "operator:wikidata": null, "operator:wikipedia": null, "roof:levels": null, "website": null, "height": null, "ref": null, "short_name": null, "alt_name": null, "historic": null, "atm_ref": null, "brand": null, "brand:wikidata": null, "millennium:date": null, "millennium:network": null, "millennium:ref": null, "millennium:subtype": null, "opening_hours": null, "operator": null, "shop": null, "brand:wikipedia": null, "check_date:opening_hours": null, "toilets:wheelchair": null, "wheelchair": null, "source:building": null, "email": null, "fax": null, "government": null, "office": null, "official_name": null, "phone": null, "source:office": null, "addr:country": null, "addr:street:sym_ul": null, "church:id": null, "church:type": null, "name:etymology:wikidata": null, "name:etymology:wikipedia": null, "parish": null, "parish:wikidata": null, "parish:wikipedia": null, "shrine": null, "shrine:name": null, "shrine:type": null, "start_date": null, "wikimedia_commons": null, "building:colour": null, "building:material": null, "roof:colour": null, "roof:material": null, "theatre:type": null, "admin_level": null, "website:ua": null, "emergency": null, "note": null, "layer": null, "level": null, "panoramax": null, "payment:cards": null, "payment:cash": null, "payment:qr_code": null, "cuisine": null, "drive_through": null, "smoking": null, "takeaway": null, "name:lt": null, "brewery": null, "outdoor_seating": null, "healthcare": null, "name:pl": null, "name:uk": null, "building:levels:underground": null, "source:geometry": null, "source": null, "service:vehicle:glass": null, "service:vehicle:glass_repair": null, "power": null, "addr:housename": null, "man_made": null, "internet_access": null, "internet_access:fee": null, "roof:shape": null, "stars": null, "tourism": null, "museum": null, "ref:ckkp": null, "townhall:type": null, "leisure": null, "social_facility": null, "social_facility:for": null, "fuel:HGV_diesel": null, "fuel:diesel": null, "fuel:lpg": null, "fuel:octane_95": null, "fuel:octane_98": null, "payment:credit_cards": null, "second_hand": null, "service:vehicle:air_conditioning": null, "service:vehicle:car_repair": null, "service:vehicle:new_car_sales": null, "service:vehicle:oil_change": null, "service:vehicle:repairs": null, "service:vehicle:tyres": null, "service:vehicle:used_car_sales": null, "sport": null, "payment:debit_cards": null, "payment:maestro": null, "payment:mastercard": null, "payment:visa": null, "payment:visa_electron": null, "rooms": null, "check_date": null, "railway": null, "railway:ref": null, "railway:signal_box": null, "bus": null, "public_transport": null, "access": null, "changing_table": null, "fee": null, "toilets:disposal": null, "unisex": null, "ref:csioz": null, "contact:phone": null, "contact:email": null, "contact:website": null, "capacity": null, "isced:level": null, "nursery": null, "operator:website": null, "source:amenity": null, "roof:direction": null, "beds": null, "payment:credit_card": null, "payment:girocard": null, "operator:type": null, "indoor": null, "entrance": null, "frequency": null, "location": null, "substation": null, "voltage": null, "fixme": null, "maxwidth": null, "payment:dkv": null, "payment:routex": null, "payment:uta": null, "branch": null, "roof:orientation": null, "communication:mobile_phone": null, "material": null, "tower:construction": null, "tower:type": null, "name:en": null, "addr:place": null, "name:pdc": null, "service:vehicle:window_tinting": null, "service:vehicle:windshields": null, "craft": null, "bench": null, "roof:height": null, "shelter_type": null, "building:part": null, "service": null, "atm": null, "blood:whole": null, "description": null, "construction": null, "wholesale": null, "type": null, "height_nmt": 171.1300048828125, "height_nmpt": 173.61000061035156, "height_obj": 2.4799957275390625}, "geometry": {"type": "Polygon", "coordinates": [[[22.9284654, 54.10496259999999], [22.9286549, 54.104963600000005], [22.928655799999998, 54.10490969999998], [22.9284663, 54.1049086], [22.9284654, 54.10496259999999]]]}}, {"id": "119", "type": "Feature", "properties": {"element": "way", "id": 492272216, "addr:city": null, "addr:city:simc": null, "addr:housenumber": null, "addr:postcode": null, "addr:street": null, "amenity": null, "building": "yes", "deanery": null, "denomination": null, "diocese": null, "heritage": null, "heritage:operator": null, "image": null, "name": null, "ref:nid": null, "religion": null, "source:addr": null, "url": null, "wikidata": null, "wikipedia": null, "building:levels": null, "operator:wikidata": null, "operator:wikipedia": null, "roof:levels": null, "website": null, "height": null, "ref": null, "short_name": null, "alt_name": null, "historic": null, "atm_ref": null, "brand": null, "brand:wikidata": null, "millennium:date": null, "millennium:network": null, "millennium:ref": null, "millennium:subtype": null, "opening_hours": null, "operator": null, "shop": null, "brand:wikipedia": null, "check_date:opening_hours": null, "toilets:wheelchair": null, "wheelchair": null, "source:building": null, "email": null, "fax": null, "government": null, "office": null, "official_name": null, "phone": null, "source:office": null, "addr:country": null, "addr:street:sym_ul": null, "church:id": null, "church:type": null, "name:etymology:wikidata": null, "name:etymology:wikipedia": null, "parish": null, "parish:wikidata": null, "parish:wikipedia": null, "shrine": null, "shrine:name": null, "shrine:type": null, "start_date": null, "wikimedia_commons": null, "building:colour": null, "building:material": null, "roof:colour": null, "roof:material": null, "theatre:type": null, "admin_level": null, "website:ua": null, "emergency": null, "note": null, "layer": null, "level": null, "panoramax": null, "payment:cards": null, "payment:cash": null, "payment:qr_code": null, "cuisine": null, "drive_through": null, "smoking": null, "takeaway": null, "name:lt": null, "brewery": null, "outdoor_seating": null, "healthcare": null, "name:pl": null, "name:uk": null, "building:levels:underground": null, "source:geometry": null, "source": null, "service:vehicle:glass": null, "service:vehicle:glass_repair": null, "power": null, "addr:housename": null, "man_made": null, "internet_access": null, "internet_access:fee": null, "roof:shape": null, "stars": null, "tourism": null, "museum": null, "ref:ckkp": null, "townhall:type": null, "leisure": null, "social_facility": null, "social_facility:for": null, "fuel:HGV_diesel": null, "fuel:diesel": null, "fuel:lpg": null, "fuel:octane_95": null, "fuel:octane_98": null, "payment:credit_cards": null, "second_hand": null, "service:vehicle:air_conditioning": null, "service:vehicle:car_repair": null, "service:vehicle:new_car_sales": null, "service:vehicle:oil_change": null, "service:vehicle:repairs": null, "service:vehicle:tyres": null, "service:vehicle:used_car_sales": null, "sport": null, "payment:debit_cards": null, "payment:maestro": null, "payment:mastercard": null, "payment:visa": null, "payment:visa_electron": null, "rooms": null, "check_date": null, "railway": null, "railway:ref": null, "railway:signal_box": null, "bus": null, "public_transport": null, "access": null, "changing_table": null, "fee": null, "toilets:disposal": null, "unisex": null, "ref:csioz": null, "contact:phone": null, "contact:email": null, "contact:website": null, "capacity": null, "isced:level": null, "nursery": null, "operator:website": null, "source:amenity": null, "roof:direction": null, "beds": null, "payment:credit_card": null, "payment:girocard": null, "operator:type": null, "indoor": null, "entrance": null, "frequency": null, "location": null, "substation": null, "voltage": null, "fixme": null, "maxwidth": null, "payment:dkv": null, "payment:routex": null, "payment:uta": null, "branch": null, "roof:orientation": null, "communication:mobile_phone": null, "material": null, "tower:construction": null, "tower:type": null, "name:en": null, "addr:place": null, "name:pdc": null, "service:vehicle:window_tinting": null, "service:vehicle:windshields": null, "craft": null, "bench": null, "roof:height": null, "shelter_type": null, "building:part": null, "service": null, "atm": null, "blood:whole": null, "description": null, "construction": null, "wholesale": null, "type": null, "height_nmt": 171.49000549316406, "height_nmpt": 174.91000366210938, "height_obj": 3.4199981689453125}, "geometry": {"type": "Polygon", "coordinates": [[[22.9282855, 54.10724040000001], [22.9282971, 54.1070544], [22.9283975, 54.1070565], [22.9283858, 54.10724249999999], [22.9282855, 54.10724040000001]]]}}, {"id": "120", "type": "Feature", "properties": {"element": "way", "id": 492272702, "addr:city": null, "addr:city:simc": null, "addr:housenumber": null, "addr:postcode": null, "addr:street": null, "amenity": null, "building": "yes", "deanery": null, "denomination": null, "diocese": null, "heritage": null, "heritage:operator": null, "image": null, "name": null, "ref:nid": null, "religion": null, "source:addr": null, "url": null, "wikidata": null, "wikipedia": null, "building:levels": null, "operator:wikidata": null, "operator:wikipedia": null, "roof:levels": null, "website": null, "height": null, "ref": null, "short_name": null, "alt_name": null, "historic": null, "atm_ref": null, "brand": null, "brand:wikidata": null, "millennium:date": null, "millennium:network": null, "millennium:ref": null, "millennium:subtype": null, "opening_hours": null, "operator": null, "shop": null, "brand:wikipedia": null, "check_date:opening_hours": null, "toilets:wheelchair": null, "wheelchair": null, "source:building": null, "email": null, "fax": null, "government": null, "office": null, "official_name": null, "phone": null, "source:office": null, "addr:country": null, "addr:street:sym_ul": null, "church:id": null, "church:type": null, "name:etymology:wikidata": null, "name:etymology:wikipedia": null, "parish": null, "parish:wikidata": null, "parish:wikipedia": null, "shrine": null, "shrine:name": null, "shrine:type": null, "start_date": null, "wikimedia_commons": null, "building:colour": null, "building:material": null, "roof:colour": null, "roof:material": null, "theatre:type": null, "admin_level": null, "website:ua": null, "emergency": null, "note": null, "layer": null, "level": null, "panoramax": null, "payment:cards": null, "payment:cash": null, "payment:qr_code": null, "cuisine": null, "drive_through": null, "smoking": null, "takeaway": null, "name:lt": null, "brewery": null, "outdoor_seating": null, "healthcare": null, "name:pl": null, "name:uk": null, "building:levels:underground": null, "source:geometry": null, "source": null, "service:vehicle:glass": null, "service:vehicle:glass_repair": null, "power": null, "addr:housename": null, "man_made": null, "internet_access": null, "internet_access:fee": null, "roof:shape": null, "stars": null, "tourism": null, "museum": null, "ref:ckkp": null, "townhall:type": null, "leisure": null, "social_facility": null, "social_facility:for": null, "fuel:HGV_diesel": null, "fuel:diesel": null, "fuel:lpg": null, "fuel:octane_95": null, "fuel:octane_98": null, "payment:credit_cards": null, "second_hand": null, "service:vehicle:air_conditioning": null, "service:vehicle:car_repair": null, "service:vehicle:new_car_sales": null, "service:vehicle:oil_change": null, "service:vehicle:repairs": null, "service:vehicle:tyres": null, "service:vehicle:used_car_sales": null, "sport": null, "payment:debit_cards": null, "payment:maestro": null, "payment:mastercard": null, "payment:visa": null, "payment:visa_electron": null, "rooms": null, "check_date": null, "railway": null, "railway:ref": null, "railway:signal_box": null, "bus": null, "public_transport": null, "access": null, "changing_table": null, "fee": null, "toilets:disposal": null, "unisex": null, "ref:csioz": null, "contact:phone": null, "contact:email": null, "contact:website": null, "capacity": null, "isced:level": null, "nursery": null, "operator:website": null, "source:amenity": null, "roof:direction": null, "beds": null, "payment:credit_card": null, "payment:girocard": null, "operator:type": null, "indoor": null, "entrance": null, "frequency": null, "location": null, "substation": null, "voltage": null, "fixme": null, "maxwidth": null, "payment:dkv": null, "payment:routex": null, "payment:uta": null, "branch": null, "roof:orientation": null, "communication:mobile_phone": null, "material": null, "tower:construction": null, "tower:type": null, "name:en": null, "addr:place": null, "name:pdc": null, "service:vehicle:window_tinting": null, "service:vehicle:windshields": null, "craft": null, "bench": null, "roof:height": null, "shelter_type": null, "building:part": null, "service": null, "atm": null, "blood:whole": null, "description": null, "construction": null, "wholesale": null, "type": null, "height_nmt": 171.22000122070312, "height_nmpt": 174.1199951171875, "height_obj": 2.899993896484375}, "geometry": {"type": "Polygon", "coordinates": [[[22.9285635, 54.10576789999998], [22.9285474, 54.105588899999994], [22.9286288, 54.10558639999999], [22.9286448, 54.105765399999996], [22.9285635, 54.10576789999998]]]}}, {"id": "121", "type": "Feature", "properties": {"element": "way", "id": 492272703, "addr:city": null, "addr:city:simc": null, "addr:housenumber": null, "addr:postcode": null, "addr:street": null, "amenity": null, "building": "yes", "deanery": null, "denomination": null, "diocese": null, "heritage": null, "heritage:operator": null, "image": null, "name": null, "ref:nid": null, "religion": null, "source:addr": null, "url": null, "wikidata": null, "wikipedia": null, "building:levels": null, "operator:wikidata": null, "operator:wikipedia": null, "roof:levels": null, "website": null, "height": null, "ref": null, "short_name": null, "alt_name": null, "historic": null, "atm_ref": null, "brand": null, "brand:wikidata": null, "millennium:date": null, "millennium:network": null, "millennium:ref": null, "millennium:subtype": null, "opening_hours": null, "operator": null, "shop": null, "brand:wikipedia": null, "check_date:opening_hours": null, "toilets:wheelchair": null, "wheelchair": null, "source:building": null, "email": null, "fax": null, "government": null, "office": null, "official_name": null, "phone": null, "source:office": null, "addr:country": null, "addr:street:sym_ul": null, "church:id": null, "church:type": null, "name:etymology:wikidata": null, "name:etymology:wikipedia": null, "parish": null, "parish:wikidata": null, "parish:wikipedia": null, "shrine": null, "shrine:name": null, "shrine:type": null, "start_date": null, "wikimedia_commons": null, "building:colour": null, "building:material": null, "roof:colour": null, "roof:material": null, "theatre:type": null, "admin_level": null, "website:ua": null, "emergency": null, "note": null, "layer": null, "level": null, "panoramax": null, "payment:cards": null, "payment:cash": null, "payment:qr_code": null, "cuisine": null, "drive_through": null, "smoking": null, "takeaway": null, "name:lt": null, "brewery": null, "outdoor_seating": null, "healthcare": null, "name:pl": null, "name:uk": null, "building:levels:underground": null, "source:geometry": null, "source": null, "service:vehicle:glass": null, "service:vehicle:glass_repair": null, "power": null, "addr:housename": null, "man_made": null, "internet_access": null, "internet_access:fee": null, "roof:shape": null, "stars": null, "tourism": null, "museum": null, "ref:ckkp": null, "townhall:type": null, "leisure": null, "social_facility": null, "social_facility:for": null, "fuel:HGV_diesel": null, "fuel:diesel": null, "fuel:lpg": null, "fuel:octane_95": null, "fuel:octane_98": null, "payment:credit_cards": null, "second_hand": null, "service:vehicle:air_conditioning": null, "service:vehicle:car_repair": null, "service:vehicle:new_car_sales": null, "service:vehicle:oil_change": null, "service:vehicle:repairs": null, "service:vehicle:tyres": null, "service:vehicle:used_car_sales": null, "sport": null, "payment:debit_cards": null, "payment:maestro": null, "payment:mastercard": null, "payment:visa": null, "payment:visa_electron": null, "rooms": null, "check_date": null, "railway": null, "railway:ref": null, "railway:signal_box": null, "bus": null, "public_transport": null, "access": null, "changing_table": null, "fee": null, "toilets:disposal": null, "unisex": null, "ref:csioz": null, "contact:phone": null, "contact:email": null, "contact:website": null, "capacity": null, "isced:level": null, "nursery": null, "operator:website": null, "source:amenity": null, "roof:direction": null, "beds": null, "payment:credit_card": null, "payment:girocard": null, "operator:type": null, "indoor": null, "entrance": null, "frequency": null, "location": null, "substation": null, "voltage": null, "fixme": null, "maxwidth": null, "payment:dkv": null, "payment:routex": null, "payment:uta": null, "branch": null, "roof:orientation": null, "communication:mobile_phone": null, "material": null, "tower:construction": null, "tower:type": null, "name:en": null, "addr:place": null, "name:pdc": null, "service:vehicle:window_tinting": null, "service:vehicle:windshields": null, "craft": null, "bench": null, "roof:height": null, "shelter_type": null, "building:part": null, "service": null, "atm": null, "blood:whole": null, "description": null, "construction": null, "wholesale": null, "type": null, "height_nmt": 171.2899932861328, "height_nmpt": 174.9600067138672, "height_obj": 3.670013427734375}, "geometry": {"type": "Polygon", "coordinates": [[[22.928632599999997, 54.105810399999996], [22.928799199999997, 54.10581729999999], [22.928803999999996, 54.10577649999999], [22.9286375, 54.1057696], [22.928632599999997, 54.105810399999996]]]}}, {"id": "122", "type": "Feature", "properties": {"element": "way", "id": 492272704, "addr:city": null, "addr:city:simc": null, "addr:housenumber": null, "addr:postcode": null, "addr:street": null, "amenity": null, "building": "yes", "deanery": null, "denomination": null, "diocese": null, "heritage": null, "heritage:operator": null, "image": null, "name": null, "ref:nid": null, "religion": null, "source:addr": null, "url": null, "wikidata": null, "wikipedia": null, "building:levels": null, "operator:wikidata": null, "operator:wikipedia": null, "roof:levels": null, "website": null, "height": null, "ref": null, "short_name": null, "alt_name": null, "historic": null, "atm_ref": null, "brand": null, "brand:wikidata": null, "millennium:date": null, "millennium:network": null, "millennium:ref": null, "millennium:subtype": null, "opening_hours": null, "operator": null, "shop": null, "brand:wikipedia": null, "check_date:opening_hours": null, "toilets:wheelchair": null, "wheelchair": null, "source:building": null, "email": null, "fax": null, "government": null, "office": null, "official_name": null, "phone": null, "source:office": null, "addr:country": null, "addr:street:sym_ul": null, "church:id": null, "church:type": null, "name:etymology:wikidata": null, "name:etymology:wikipedia": null, "parish": null, "parish:wikidata": null, "parish:wikipedia": null, "shrine": null, "shrine:name": null, "shrine:type": null, "start_date": null, "wikimedia_commons": null, "building:colour": null, "building:material": null, "roof:colour": null, "roof:material": null, "theatre:type": null, "admin_level": null, "website:ua": null, "emergency": null, "note": null, "layer": null, "level": null, "panoramax": null, "payment:cards": null, "payment:cash": null, "payment:qr_code": null, "cuisine": null, "drive_through": null, "smoking": null, "takeaway": null, "name:lt": null, "brewery": null, "outdoor_seating": null, "healthcare": null, "name:pl": null, "name:uk": null, "building:levels:underground": null, "source:geometry": null, "source": null, "service:vehicle:glass": null, "service:vehicle:glass_repair": null, "power": null, "addr:housename": null, "man_made": null, "internet_access": null, "internet_access:fee": null, "roof:shape": null, "stars": null, "tourism": null, "museum": null, "ref:ckkp": null, "townhall:type": null, "leisure": null, "social_facility": null, "social_facility:for": null, "fuel:HGV_diesel": null, "fuel:diesel": null, "fuel:lpg": null, "fuel:octane_95": null, "fuel:octane_98": null, "payment:credit_cards": null, "second_hand": null, "service:vehicle:air_conditioning": null, "service:vehicle:car_repair": null, "service:vehicle:new_car_sales": null, "service:vehicle:oil_change": null, "service:vehicle:repairs": null, "service:vehicle:tyres": null, "service:vehicle:used_car_sales": null, "sport": null, "payment:debit_cards": null, "payment:maestro": null, "payment:mastercard": null, "payment:visa": null, "payment:visa_electron": null, "rooms": null, "check_date": null, "railway": null, "railway:ref": null, "railway:signal_box": null, "bus": null, "public_transport": null, "access": null, "changing_table": null, "fee": null, "toilets:disposal": null, "unisex": null, "ref:csioz": null, "contact:phone": null, "contact:email": null, "contact:website": null, "capacity": null, "isced:level": null, "nursery": null, "operator:website": null, "source:amenity": null, "roof:direction": null, "beds": null, "payment:credit_card": null, "payment:girocard": null, "operator:type": null, "indoor": null, "entrance": null, "frequency": null, "location": null, "substation": null, "voltage": null, "fixme": null, "maxwidth": null, "payment:dkv": null, "payment:routex": null, "payment:uta": null, "branch": null, "roof:orientation": null, "communication:mobile_phone": null, "material": null, "tower:construction": null, "tower:type": null, "name:en": null, "addr:place": null, "name:pdc": null, "service:vehicle:window_tinting": null, "service:vehicle:windshields": null, "craft": null, "bench": null, "roof:height": null, "shelter_type": null, "building:part": null, "service": null, "atm": null, "blood:whole": null, "description": null, "construction": null, "wholesale": null, "type": null, "height_nmt": 171.36000061035156, "height_nmpt": 173.6699981689453, "height_obj": 2.30999755859375}, "geometry": {"type": "Polygon", "coordinates": [[[22.9283933, 54.1058043], [22.928409, 54.105643300000004], [22.9284647, 54.1056452], [22.928449, 54.1058062], [22.9283933, 54.1058043]]]}}, {"id": "123", "type": "Feature", "properties": {"element": "way", "id": 493433228, "addr:city": null, "addr:city:simc": null, "addr:housenumber": null, "addr:postcode": null, "addr:street": null, "amenity": null, "building": "garage", "deanery": null, "denomination": null, "diocese": null, "heritage": null, "heritage:operator": null, "image": null, "name": null, "ref:nid": null, "religion": null, "source:addr": null, "url": null, "wikidata": null, "wikipedia": null, "building:levels": null, "operator:wikidata": null, "operator:wikipedia": null, "roof:levels": null, "website": null, "height": null, "ref": null, "short_name": null, "alt_name": null, "historic": null, "atm_ref": null, "brand": null, "brand:wikidata": null, "millennium:date": null, "millennium:network": null, "millennium:ref": null, "millennium:subtype": null, "opening_hours": null, "operator": null, "shop": null, "brand:wikipedia": null, "check_date:opening_hours": null, "toilets:wheelchair": null, "wheelchair": null, "source:building": null, "email": null, "fax": null, "government": null, "office": null, "official_name": null, "phone": null, "source:office": null, "addr:country": null, "addr:street:sym_ul": null, "church:id": null, "church:type": null, "name:etymology:wikidata": null, "name:etymology:wikipedia": null, "parish": null, "parish:wikidata": null, "parish:wikipedia": null, "shrine": null, "shrine:name": null, "shrine:type": null, "start_date": null, "wikimedia_commons": null, "building:colour": null, "building:material": null, "roof:colour": null, "roof:material": null, "theatre:type": null, "admin_level": null, "website:ua": null, "emergency": null, "note": null, "layer": null, "level": null, "panoramax": null, "payment:cards": null, "payment:cash": null, "payment:qr_code": null, "cuisine": null, "drive_through": null, "smoking": null, "takeaway": null, "name:lt": null, "brewery": null, "outdoor_seating": null, "healthcare": null, "name:pl": null, "name:uk": null, "building:levels:underground": null, "source:geometry": null, "source": null, "service:vehicle:glass": null, "service:vehicle:glass_repair": null, "power": null, "addr:housename": null, "man_made": null, "internet_access": null, "internet_access:fee": null, "roof:shape": null, "stars": null, "tourism": null, "museum": null, "ref:ckkp": null, "townhall:type": null, "leisure": null, "social_facility": null, "social_facility:for": null, "fuel:HGV_diesel": null, "fuel:diesel": null, "fuel:lpg": null, "fuel:octane_95": null, "fuel:octane_98": null, "payment:credit_cards": null, "second_hand": null, "service:vehicle:air_conditioning": null, "service:vehicle:car_repair": null, "service:vehicle:new_car_sales": null, "service:vehicle:oil_change": null, "service:vehicle:repairs": null, "service:vehicle:tyres": null, "service:vehicle:used_car_sales": null, "sport": null, "payment:debit_cards": null, "payment:maestro": null, "payment:mastercard": null, "payment:visa": null, "payment:visa_electron": null, "rooms": null, "check_date": null, "railway": null, "railway:ref": null, "railway:signal_box": null, "bus": null, "public_transport": null, "access": null, "changing_table": null, "fee": null, "toilets:disposal": null, "unisex": null, "ref:csioz": null, "contact:phone": null, "contact:email": null, "contact:website": null, "capacity": null, "isced:level": null, "nursery": null, "operator:website": null, "source:amenity": null, "roof:direction": null, "beds": null, "payment:credit_card": null, "payment:girocard": null, "operator:type": null, "indoor": null, "entrance": null, "frequency": null, "location": null, "substation": null, "voltage": null, "fixme": null, "maxwidth": null, "payment:dkv": null, "payment:routex": null, "payment:uta": null, "branch": null, "roof:orientation": null, "communication:mobile_phone": null, "material": null, "tower:construction": null, "tower:type": null, "name:en": null, "addr:place": null, "name:pdc": null, "service:vehicle:window_tinting": null, "service:vehicle:windshields": null, "craft": null, "bench": null, "roof:height": null, "shelter_type": null, "building:part": null, "service": null, "atm": null, "blood:whole": null, "description": null, "construction": null, "wholesale": null, "type": null, "height_nmt": 171.86000061035156, "height_nmpt": 174.72999572753906, "height_obj": 2.8699951171875}, "geometry": {"type": "Polygon", "coordinates": [[[22.925655099999997, 54.10555020000001], [22.9260732, 54.1055646], [22.9260847, 54.1054501], [22.9256666, 54.10543569999999], [22.925655099999997, 54.10555020000001]]]}}, {"id": "124", "type": "Feature", "properties": {"element": "way", "id": 493433229, "addr:city": null, "addr:city:simc": null, "addr:housenumber": null, "addr:postcode": null, "addr:street": null, "amenity": null, "building": "garage", "deanery": null, "denomination": null, "diocese": null, "heritage": null, "heritage:operator": null, "image": null, "name": null, "ref:nid": null, "religion": null, "source:addr": null, "url": null, "wikidata": null, "wikipedia": null, "building:levels": null, "operator:wikidata": null, "operator:wikipedia": null, "roof:levels": null, "website": null, "height": null, "ref": null, "short_name": null, "alt_name": null, "historic": null, "atm_ref": null, "brand": null, "brand:wikidata": null, "millennium:date": null, "millennium:network": null, "millennium:ref": null, "millennium:subtype": null, "opening_hours": null, "operator": null, "shop": null, "brand:wikipedia": null, "check_date:opening_hours": null, "toilets:wheelchair": null, "wheelchair": null, "source:building": null, "email": null, "fax": null, "government": null, "office": null, "official_name": null, "phone": null, "source:office": null, "addr:country": null, "addr:street:sym_ul": null, "church:id": null, "church:type": null, "name:etymology:wikidata": null, "name:etymology:wikipedia": null, "parish": null, "parish:wikidata": null, "parish:wikipedia": null, "shrine": null, "shrine:name": null, "shrine:type": null, "start_date": null, "wikimedia_commons": null, "building:colour": null, "building:material": null, "roof:colour": null, "roof:material": null, "theatre:type": null, "admin_level": null, "website:ua": null, "emergency": null, "note": null, "layer": null, "level": null, "panoramax": null, "payment:cards": null, "payment:cash": null, "payment:qr_code": null, "cuisine": null, "drive_through": null, "smoking": null, "takeaway": null, "name:lt": null, "brewery": null, "outdoor_seating": null, "healthcare": null, "name:pl": null, "name:uk": null, "building:levels:underground": null, "source:geometry": null, "source": null, "service:vehicle:glass": null, "service:vehicle:glass_repair": null, "power": null, "addr:housename": null, "man_made": null, "internet_access": null, "internet_access:fee": null, "roof:shape": null, "stars": null, "tourism": null, "museum": null, "ref:ckkp": null, "townhall:type": null, "leisure": null, "social_facility": null, "social_facility:for": null, "fuel:HGV_diesel": null, "fuel:diesel": null, "fuel:lpg": null, "fuel:octane_95": null, "fuel:octane_98": null, "payment:credit_cards": null, "second_hand": null, "service:vehicle:air_conditioning": null, "service:vehicle:car_repair": null, "service:vehicle:new_car_sales": null, "service:vehicle:oil_change": null, "service:vehicle:repairs": null, "service:vehicle:tyres": null, "service:vehicle:used_car_sales": null, "sport": null, "payment:debit_cards": null, "payment:maestro": null, "payment:mastercard": null, "payment:visa": null, "payment:visa_electron": null, "rooms": null, "check_date": null, "railway": null, "railway:ref": null, "railway:signal_box": null, "bus": null, "public_transport": null, "access": null, "changing_table": null, "fee": null, "toilets:disposal": null, "unisex": null, "ref:csioz": null, "contact:phone": null, "contact:email": null, "contact:website": null, "capacity": null, "isced:level": null, "nursery": null, "operator:website": null, "source:amenity": null, "roof:direction": null, "beds": null, "payment:credit_card": null, "payment:girocard": null, "operator:type": null, "indoor": null, "entrance": null, "frequency": null, "location": null, "substation": null, "voltage": null, "fixme": null, "maxwidth": null, "payment:dkv": null, "payment:routex": null, "payment:uta": null, "branch": null, "roof:orientation": null, "communication:mobile_phone": null, "material": null, "tower:construction": null, "tower:type": null, "name:en": null, "addr:place": null, "name:pdc": null, "service:vehicle:window_tinting": null, "service:vehicle:windshields": null, "craft": null, "bench": null, "roof:height": null, "shelter_type": null, "building:part": null, "service": null, "atm": null, "blood:whole": null, "description": null, "construction": null, "wholesale": null, "type": null, "height_nmt": 172.05999755859375, "height_nmpt": 174.49000549316406, "height_obj": 2.4300079345703125}, "geometry": {"type": "Polygon", "coordinates": [[[22.9253694, 54.1055324], [22.9255853, 54.1055335], [22.9255869, 54.1054315], [22.925370999999995, 54.1054304], [22.9253694, 54.1055324]]]}}, {"id": "125", "type": "Feature", "properties": {"element": "way", "id": 493433500, "addr:city": null, "addr:city:simc": null, "addr:housenumber": null, "addr:postcode": null, "addr:street": null, "amenity": null, "building": "garage", "deanery": null, "denomination": null, "diocese": null, "heritage": null, "heritage:operator": null, "image": null, "name": null, "ref:nid": null, "religion": null, "source:addr": null, "url": null, "wikidata": null, "wikipedia": null, "building:levels": null, "operator:wikidata": null, "operator:wikipedia": null, "roof:levels": null, "website": null, "height": null, "ref": null, "short_name": null, "alt_name": null, "historic": null, "atm_ref": null, "brand": null, "brand:wikidata": null, "millennium:date": null, "millennium:network": null, "millennium:ref": null, "millennium:subtype": null, "opening_hours": null, "operator": null, "shop": null, "brand:wikipedia": null, "check_date:opening_hours": null, "toilets:wheelchair": null, "wheelchair": null, "source:building": null, "email": null, "fax": null, "government": null, "office": null, "official_name": null, "phone": null, "source:office": null, "addr:country": null, "addr:street:sym_ul": null, "church:id": null, "church:type": null, "name:etymology:wikidata": null, "name:etymology:wikipedia": null, "parish": null, "parish:wikidata": null, "parish:wikipedia": null, "shrine": null, "shrine:name": null, "shrine:type": null, "start_date": null, "wikimedia_commons": null, "building:colour": null, "building:material": null, "roof:colour": null, "roof:material": null, "theatre:type": null, "admin_level": null, "website:ua": null, "emergency": null, "note": null, "layer": null, "level": null, "panoramax": null, "payment:cards": null, "payment:cash": null, "payment:qr_code": null, "cuisine": null, "drive_through": null, "smoking": null, "takeaway": null, "name:lt": null, "brewery": null, "outdoor_seating": null, "healthcare": null, "name:pl": null, "name:uk": null, "building:levels:underground": null, "source:geometry": null, "source": null, "service:vehicle:glass": null, "service:vehicle:glass_repair": null, "power": null, "addr:housename": null, "man_made": null, "internet_access": null, "internet_access:fee": null, "roof:shape": null, "stars": null, "tourism": null, "museum": null, "ref:ckkp": null, "townhall:type": null, "leisure": null, "social_facility": null, "social_facility:for": null, "fuel:HGV_diesel": null, "fuel:diesel": null, "fuel:lpg": null, "fuel:octane_95": null, "fuel:octane_98": null, "payment:credit_cards": null, "second_hand": null, "service:vehicle:air_conditioning": null, "service:vehicle:car_repair": null, "service:vehicle:new_car_sales": null, "service:vehicle:oil_change": null, "service:vehicle:repairs": null, "service:vehicle:tyres": null, "service:vehicle:used_car_sales": null, "sport": null, "payment:debit_cards": null, "payment:maestro": null, "payment:mastercard": null, "payment:visa": null, "payment:visa_electron": null, "rooms": null, "check_date": null, "railway": null, "railway:ref": null, "railway:signal_box": null, "bus": null, "public_transport": null, "access": null, "changing_table": null, "fee": null, "toilets:disposal": null, "unisex": null, "ref:csioz": null, "contact:phone": null, "contact:email": null, "contact:website": null, "capacity": null, "isced:level": null, "nursery": null, "operator:website": null, "source:amenity": null, "roof:direction": null, "beds": null, "payment:credit_card": null, "payment:girocard": null, "operator:type": null, "indoor": null, "entrance": null, "frequency": null, "location": null, "substation": null, "voltage": null, "fixme": null, "maxwidth": null, "payment:dkv": null, "payment:routex": null, "payment:uta": null, "branch": null, "roof:orientation": null, "communication:mobile_phone": null, "material": null, "tower:construction": null, "tower:type": null, "name:en": null, "addr:place": null, "name:pdc": null, "service:vehicle:window_tinting": null, "service:vehicle:windshields": null, "craft": null, "bench": null, "roof:height": null, "shelter_type": null, "building:part": null, "service": null, "atm": null, "blood:whole": null, "description": null, "construction": null, "wholesale": null, "type": null, "height_nmt": 171.9199981689453, "height_nmpt": 174.49000549316406, "height_obj": 2.57000732421875}, "geometry": {"type": "Polygon", "coordinates": [[[22.9257719, 54.10510899999999], [22.9260649, 54.105112799999986], [22.9260667, 54.105063300000005], [22.9257738, 54.10505950000001], [22.9257719, 54.10510899999999]]]}}, {"id": "126", "type": "Feature", "properties": {"element": "way", "id": 493433501, "addr:city": null, "addr:city:simc": null, "addr:housenumber": null, "addr:postcode": null, "addr:street": null, "amenity": null, "building": "garage", "deanery": null, "denomination": null, "diocese": null, "heritage": null, "heritage:operator": null, "image": null, "name": null, "ref:nid": null, "religion": null, "source:addr": null, "url": null, "wikidata": null, "wikipedia": null, "building:levels": null, "operator:wikidata": null, "operator:wikipedia": null, "roof:levels": null, "website": null, "height": null, "ref": null, "short_name": null, "alt_name": null, "historic": null, "atm_ref": null, "brand": null, "brand:wikidata": null, "millennium:date": null, "millennium:network": null, "millennium:ref": null, "millennium:subtype": null, "opening_hours": null, "operator": null, "shop": null, "brand:wikipedia": null, "check_date:opening_hours": null, "toilets:wheelchair": null, "wheelchair": null, "source:building": null, "email": null, "fax": null, "government": null, "office": null, "official_name": null, "phone": null, "source:office": null, "addr:country": null, "addr:street:sym_ul": null, "church:id": null, "church:type": null, "name:etymology:wikidata": null, "name:etymology:wikipedia": null, "parish": null, "parish:wikidata": null, "parish:wikipedia": null, "shrine": null, "shrine:name": null, "shrine:type": null, "start_date": null, "wikimedia_commons": null, "building:colour": null, "building:material": null, "roof:colour": null, "roof:material": null, "theatre:type": null, "admin_level": null, "website:ua": null, "emergency": null, "note": null, "layer": null, "level": null, "panoramax": null, "payment:cards": null, "payment:cash": null, "payment:qr_code": null, "cuisine": null, "drive_through": null, "smoking": null, "takeaway": null, "name:lt": null, "brewery": null, "outdoor_seating": null, "healthcare": null, "name:pl": null, "name:uk": null, "building:levels:underground": null, "source:geometry": null, "source": null, "service:vehicle:glass": null, "service:vehicle:glass_repair": null, "power": null, "addr:housename": null, "man_made": null, "internet_access": null, "internet_access:fee": null, "roof:shape": null, "stars": null, "tourism": null, "museum": null, "ref:ckkp": null, "townhall:type": null, "leisure": null, "social_facility": null, "social_facility:for": null, "fuel:HGV_diesel": null, "fuel:diesel": null, "fuel:lpg": null, "fuel:octane_95": null, "fuel:octane_98": null, "payment:credit_cards": null, "second_hand": null, "service:vehicle:air_conditioning": null, "service:vehicle:car_repair": null, "service:vehicle:new_car_sales": null, "service:vehicle:oil_change": null, "service:vehicle:repairs": null, "service:vehicle:tyres": null, "service:vehicle:used_car_sales": null, "sport": null, "payment:debit_cards": null, "payment:maestro": null, "payment:mastercard": null, "payment:visa": null, "payment:visa_electron": null, "rooms": null, "check_date": null, "railway": null, "railway:ref": null, "railway:signal_box": null, "bus": null, "public_transport": null, "access": null, "changing_table": null, "fee": null, "toilets:disposal": null, "unisex": null, "ref:csioz": null, "contact:phone": null, "contact:email": null, "contact:website": null, "capacity": null, "isced:level": null, "nursery": null, "operator:website": null, "source:amenity": null, "roof:direction": null, "beds": null, "payment:credit_card": null, "payment:girocard": null, "operator:type": null, "indoor": null, "entrance": null, "frequency": null, "location": null, "substation": null, "voltage": null, "fixme": null, "maxwidth": null, "payment:dkv": null, "payment:routex": null, "payment:uta": null, "branch": null, "roof:orientation": null, "communication:mobile_phone": null, "material": null, "tower:construction": null, "tower:type": null, "name:en": null, "addr:place": null, "name:pdc": null, "service:vehicle:window_tinting": null, "service:vehicle:windshields": null, "craft": null, "bench": null, "roof:height": null, "shelter_type": null, "building:part": null, "service": null, "atm": null, "blood:whole": null, "description": null, "construction": null, "wholesale": null, "type": null, "height_nmt": 171.52999877929688, "height_nmpt": 174.3300018310547, "height_obj": 2.8000030517578125}, "geometry": {"type": "Polygon", "coordinates": [[[22.9273014, 54.1057102], [22.9272943, 54.10576629999999], [22.9267534, 54.10574359999999], [22.9267649, 54.10565019999999], [22.9273054, 54.1056729], [22.9273014, 54.1057102]]]}}, {"id": "127", "type": "Feature", "properties": {"element": "way", "id": 493434249, "addr:city": null, "addr:city:simc": null, "addr:housenumber": null, "addr:postcode": null, "addr:street": null, "amenity": null, "building": "outbuilding", "deanery": null, "denomination": null, "diocese": null, "heritage": null, "heritage:operator": null, "image": null, "name": null, "ref:nid": null, "religion": null, "source:addr": null, "url": null, "wikidata": null, "wikipedia": null, "building:levels": "1", "operator:wikidata": null, "operator:wikipedia": null, "roof:levels": null, "website": null, "height": null, "ref": null, "short_name": null, "alt_name": null, "historic": null, "atm_ref": null, "brand": null, "brand:wikidata": null, "millennium:date": null, "millennium:network": null, "millennium:ref": null, "millennium:subtype": null, "opening_hours": null, "operator": null, "shop": null, "brand:wikipedia": null, "check_date:opening_hours": null, "toilets:wheelchair": null, "wheelchair": null, "source:building": "BDOT", "email": null, "fax": null, "government": null, "office": null, "official_name": null, "phone": null, "source:office": null, "addr:country": null, "addr:street:sym_ul": null, "church:id": null, "church:type": null, "name:etymology:wikidata": null, "name:etymology:wikipedia": null, "parish": null, "parish:wikidata": null, "parish:wikipedia": null, "shrine": null, "shrine:name": null, "shrine:type": null, "start_date": null, "wikimedia_commons": null, "building:colour": null, "building:material": null, "roof:colour": null, "roof:material": null, "theatre:type": null, "admin_level": null, "website:ua": null, "emergency": null, "note": null, "layer": null, "level": null, "panoramax": null, "payment:cards": null, "payment:cash": null, "payment:qr_code": null, "cuisine": null, "drive_through": null, "smoking": null, "takeaway": null, "name:lt": null, "brewery": null, "outdoor_seating": null, "healthcare": null, "name:pl": null, "name:uk": null, "building:levels:underground": null, "source:geometry": null, "source": null, "service:vehicle:glass": null, "service:vehicle:glass_repair": null, "power": null, "addr:housename": null, "man_made": null, "internet_access": null, "internet_access:fee": null, "roof:shape": null, "stars": null, "tourism": null, "museum": null, "ref:ckkp": null, "townhall:type": null, "leisure": null, "social_facility": null, "social_facility:for": null, "fuel:HGV_diesel": null, "fuel:diesel": null, "fuel:lpg": null, "fuel:octane_95": null, "fuel:octane_98": null, "payment:credit_cards": null, "second_hand": null, "service:vehicle:air_conditioning": null, "service:vehicle:car_repair": null, "service:vehicle:new_car_sales": null, "service:vehicle:oil_change": null, "service:vehicle:repairs": null, "service:vehicle:tyres": null, "service:vehicle:used_car_sales": null, "sport": null, "payment:debit_cards": null, "payment:maestro": null, "payment:mastercard": null, "payment:visa": null, "payment:visa_electron": null, "rooms": null, "check_date": null, "railway": null, "railway:ref": null, "railway:signal_box": null, "bus": null, "public_transport": null, "access": null, "changing_table": null, "fee": null, "toilets:disposal": null, "unisex": null, "ref:csioz": null, "contact:phone": null, "contact:email": null, "contact:website": null, "capacity": null, "isced:level": null, "nursery": null, "operator:website": null, "source:amenity": null, "roof:direction": null, "beds": null, "payment:credit_card": null, "payment:girocard": null, "operator:type": null, "indoor": null, "entrance": null, "frequency": null, "location": null, "substation": null, "voltage": null, "fixme": null, "maxwidth": null, "payment:dkv": null, "payment:routex": null, "payment:uta": null, "branch": null, "roof:orientation": null, "communication:mobile_phone": null, "material": null, "tower:construction": null, "tower:type": null, "name:en": null, "addr:place": null, "name:pdc": null, "service:vehicle:window_tinting": null, "service:vehicle:windshields": null, "craft": null, "bench": null, "roof:height": null, "shelter_type": null, "building:part": null, "service": null, "atm": null, "blood:whole": null, "description": null, "construction": null, "wholesale": null, "type": null, "height_nmt": 171.6699981689453, "height_nmpt": 176.66000366210938, "height_obj": 4.9900054931640625}, "geometry": {"type": "Polygon", "coordinates": [[[22.926559, 54.10633039999999], [22.9267331, 54.106335200000004], [22.926742399999995, 54.1062283], [22.9265624, 54.10622299999999], [22.926559, 54.10633039999999]]]}}, {"id": "128", "type": "Feature", "properties": {"element": "way", "id": 510234525, "addr:city": "Suwa\u0142ki", "addr:city:simc": "0977456", "addr:housenumber": "4", "addr:postcode": "16-400", "addr:street": "Genera\u0142a W\u0142adys\u0142awa Sikorskiego", "amenity": null, "building": "yes", "deanery": null, "denomination": null, "diocese": null, "heritage": null, "heritage:operator": null, "image": null, "name": null, "ref:nid": null, "religion": null, "source:addr": "gugik.gov.pl", "url": null, "wikidata": null, "wikipedia": null, "building:levels": null, "operator:wikidata": null, "operator:wikipedia": null, "roof:levels": null, "website": null, "height": null, "ref": null, "short_name": null, "alt_name": null, "historic": null, "atm_ref": null, "brand": null, "brand:wikidata": null, "millennium:date": null, "millennium:network": null, "millennium:ref": null, "millennium:subtype": null, "opening_hours": null, "operator": null, "shop": null, "brand:wikipedia": null, "check_date:opening_hours": null, "toilets:wheelchair": null, "wheelchair": null, "source:building": null, "email": null, "fax": null, "government": null, "office": null, "official_name": null, "phone": null, "source:office": null, "addr:country": null, "addr:street:sym_ul": null, "church:id": null, "church:type": null, "name:etymology:wikidata": null, "name:etymology:wikipedia": null, "parish": null, "parish:wikidata": null, "parish:wikipedia": null, "shrine": null, "shrine:name": null, "shrine:type": null, "start_date": null, "wikimedia_commons": null, "building:colour": null, "building:material": null, "roof:colour": null, "roof:material": null, "theatre:type": null, "admin_level": null, "website:ua": null, "emergency": null, "note": null, "layer": null, "level": null, "panoramax": null, "payment:cards": null, "payment:cash": null, "payment:qr_code": null, "cuisine": null, "drive_through": null, "smoking": null, "takeaway": null, "name:lt": null, "brewery": null, "outdoor_seating": null, "healthcare": null, "name:pl": null, "name:uk": null, "building:levels:underground": null, "source:geometry": null, "source": null, "service:vehicle:glass": null, "service:vehicle:glass_repair": null, "power": null, "addr:housename": null, "man_made": null, "internet_access": null, "internet_access:fee": null, "roof:shape": null, "stars": null, "tourism": null, "museum": null, "ref:ckkp": null, "townhall:type": null, "leisure": null, "social_facility": null, "social_facility:for": null, "fuel:HGV_diesel": null, "fuel:diesel": null, "fuel:lpg": null, "fuel:octane_95": null, "fuel:octane_98": null, "payment:credit_cards": null, "second_hand": null, "service:vehicle:air_conditioning": null, "service:vehicle:car_repair": null, "service:vehicle:new_car_sales": null, "service:vehicle:oil_change": null, "service:vehicle:repairs": null, "service:vehicle:tyres": null, "service:vehicle:used_car_sales": null, "sport": null, "payment:debit_cards": null, "payment:maestro": null, "payment:mastercard": null, "payment:visa": null, "payment:visa_electron": null, "rooms": null, "check_date": null, "railway": null, "railway:ref": null, "railway:signal_box": null, "bus": null, "public_transport": null, "access": null, "changing_table": null, "fee": null, "toilets:disposal": null, "unisex": null, "ref:csioz": null, "contact:phone": null, "contact:email": null, "contact:website": null, "capacity": null, "isced:level": null, "nursery": null, "operator:website": null, "source:amenity": null, "roof:direction": null, "beds": null, "payment:credit_card": null, "payment:girocard": null, "operator:type": null, "indoor": null, "entrance": null, "frequency": null, "location": null, "substation": null, "voltage": null, "fixme": null, "maxwidth": null, "payment:dkv": null, "payment:routex": null, "payment:uta": null, "branch": null, "roof:orientation": null, "communication:mobile_phone": null, "material": null, "tower:construction": null, "tower:type": null, "name:en": null, "addr:place": null, "name:pdc": null, "service:vehicle:window_tinting": null, "service:vehicle:windshields": null, "craft": null, "bench": null, "roof:height": null, "shelter_type": null, "building:part": null, "service": null, "atm": null, "blood:whole": null, "description": null, "construction": null, "wholesale": null, "type": null, "height_nmt": 171.88999938964844, "height_nmpt": 174.80999755859375, "height_obj": 2.9199981689453125}, "geometry": {"type": "Polygon", "coordinates": [[[22.9260479, 54.10675729999999], [22.9261218, 54.106759099999984], [22.9261318, 54.10661309999999], [22.9260578, 54.1066113], [22.9260479, 54.10675729999999]]]}}, {"id": "129", "type": "Feature", "properties": {"element": "way", "id": 514197303, "addr:city": null, "addr:city:simc": null, "addr:housenumber": null, "addr:postcode": null, "addr:street": null, "amenity": null, "building": "yes", "deanery": null, "denomination": null, "diocese": null, "heritage": null, "heritage:operator": null, "image": null, "name": null, "ref:nid": null, "religion": null, "source:addr": null, "url": null, "wikidata": null, "wikipedia": null, "building:levels": null, "operator:wikidata": null, "operator:wikipedia": null, "roof:levels": null, "website": null, "height": null, "ref": null, "short_name": null, "alt_name": null, "historic": null, "atm_ref": null, "brand": null, "brand:wikidata": null, "millennium:date": null, "millennium:network": null, "millennium:ref": null, "millennium:subtype": null, "opening_hours": null, "operator": null, "shop": null, "brand:wikipedia": null, "check_date:opening_hours": null, "toilets:wheelchair": null, "wheelchair": null, "source:building": null, "email": null, "fax": null, "government": null, "office": null, "official_name": null, "phone": null, "source:office": null, "addr:country": null, "addr:street:sym_ul": null, "church:id": null, "church:type": null, "name:etymology:wikidata": null, "name:etymology:wikipedia": null, "parish": null, "parish:wikidata": null, "parish:wikipedia": null, "shrine": null, "shrine:name": null, "shrine:type": null, "start_date": null, "wikimedia_commons": null, "building:colour": null, "building:material": null, "roof:colour": null, "roof:material": null, "theatre:type": null, "admin_level": null, "website:ua": null, "emergency": null, "note": null, "layer": null, "level": null, "panoramax": null, "payment:cards": null, "payment:cash": null, "payment:qr_code": null, "cuisine": null, "drive_through": null, "smoking": null, "takeaway": null, "name:lt": null, "brewery": null, "outdoor_seating": null, "healthcare": null, "name:pl": null, "name:uk": null, "building:levels:underground": null, "source:geometry": null, "source": null, "service:vehicle:glass": null, "service:vehicle:glass_repair": null, "power": null, "addr:housename": null, "man_made": null, "internet_access": null, "internet_access:fee": null, "roof:shape": null, "stars": null, "tourism": null, "museum": null, "ref:ckkp": null, "townhall:type": null, "leisure": null, "social_facility": null, "social_facility:for": null, "fuel:HGV_diesel": null, "fuel:diesel": null, "fuel:lpg": null, "fuel:octane_95": null, "fuel:octane_98": null, "payment:credit_cards": null, "second_hand": null, "service:vehicle:air_conditioning": null, "service:vehicle:car_repair": null, "service:vehicle:new_car_sales": null, "service:vehicle:oil_change": null, "service:vehicle:repairs": null, "service:vehicle:tyres": null, "service:vehicle:used_car_sales": null, "sport": null, "payment:debit_cards": null, "payment:maestro": null, "payment:mastercard": null, "payment:visa": null, "payment:visa_electron": null, "rooms": null, "check_date": null, "railway": null, "railway:ref": null, "railway:signal_box": null, "bus": null, "public_transport": null, "access": null, "changing_table": null, "fee": null, "toilets:disposal": null, "unisex": null, "ref:csioz": null, "contact:phone": null, "contact:email": null, "contact:website": null, "capacity": null, "isced:level": null, "nursery": null, "operator:website": null, "source:amenity": null, "roof:direction": null, "beds": null, "payment:credit_card": null, "payment:girocard": null, "operator:type": null, "indoor": null, "entrance": null, "frequency": null, "location": null, "substation": null, "voltage": null, "fixme": null, "maxwidth": null, "payment:dkv": null, "payment:routex": null, "payment:uta": null, "branch": null, "roof:orientation": null, "communication:mobile_phone": null, "material": null, "tower:construction": null, "tower:type": null, "name:en": null, "addr:place": null, "name:pdc": null, "service:vehicle:window_tinting": null, "service:vehicle:windshields": null, "craft": null, "bench": null, "roof:height": null, "shelter_type": null, "building:part": null, "service": null, "atm": null, "blood:whole": null, "description": null, "construction": null, "wholesale": null, "type": null, "height_nmt": 171.8000030517578, "height_nmpt": 175.64999389648438, "height_obj": 3.8499908447265625}, "geometry": {"type": "Polygon", "coordinates": [[[22.9255193, 54.10639859999999], [22.9255873, 54.1063977], [22.9255916, 54.106362], [22.9255292, 54.10635619999999], [22.9255193, 54.10639859999999]]]}}, {"id": "130", "type": "Feature", "properties": {"element": "way", "id": 514197304, "addr:city": null, "addr:city:simc": null, "addr:housenumber": null, "addr:postcode": null, "addr:street": null, "amenity": null, "building": "yes", "deanery": null, "denomination": null, "diocese": null, "heritage": null, "heritage:operator": null, "image": null, "name": null, "ref:nid": null, "religion": null, "source:addr": null, "url": null, "wikidata": null, "wikipedia": null, "building:levels": null, "operator:wikidata": null, "operator:wikipedia": null, "roof:levels": null, "website": null, "height": null, "ref": null, "short_name": null, "alt_name": null, "historic": null, "atm_ref": null, "brand": null, "brand:wikidata": null, "millennium:date": null, "millennium:network": null, "millennium:ref": null, "millennium:subtype": null, "opening_hours": null, "operator": null, "shop": null, "brand:wikipedia": null, "check_date:opening_hours": null, "toilets:wheelchair": null, "wheelchair": null, "source:building": null, "email": null, "fax": null, "government": null, "office": null, "official_name": null, "phone": null, "source:office": null, "addr:country": null, "addr:street:sym_ul": null, "church:id": null, "church:type": null, "name:etymology:wikidata": null, "name:etymology:wikipedia": null, "parish": null, "parish:wikidata": null, "parish:wikipedia": null, "shrine": null, "shrine:name": null, "shrine:type": null, "start_date": null, "wikimedia_commons": null, "building:colour": null, "building:material": null, "roof:colour": null, "roof:material": null, "theatre:type": null, "admin_level": null, "website:ua": null, "emergency": null, "note": null, "layer": null, "level": null, "panoramax": null, "payment:cards": null, "payment:cash": null, "payment:qr_code": null, "cuisine": null, "drive_through": null, "smoking": null, "takeaway": null, "name:lt": null, "brewery": null, "outdoor_seating": null, "healthcare": null, "name:pl": null, "name:uk": null, "building:levels:underground": null, "source:geometry": null, "source": null, "service:vehicle:glass": null, "service:vehicle:glass_repair": null, "power": null, "addr:housename": null, "man_made": null, "internet_access": null, "internet_access:fee": null, "roof:shape": null, "stars": null, "tourism": null, "museum": null, "ref:ckkp": null, "townhall:type": null, "leisure": null, "social_facility": null, "social_facility:for": null, "fuel:HGV_diesel": null, "fuel:diesel": null, "fuel:lpg": null, "fuel:octane_95": null, "fuel:octane_98": null, "payment:credit_cards": null, "second_hand": null, "service:vehicle:air_conditioning": null, "service:vehicle:car_repair": null, "service:vehicle:new_car_sales": null, "service:vehicle:oil_change": null, "service:vehicle:repairs": null, "service:vehicle:tyres": null, "service:vehicle:used_car_sales": null, "sport": null, "payment:debit_cards": null, "payment:maestro": null, "payment:mastercard": null, "payment:visa": null, "payment:visa_electron": null, "rooms": null, "check_date": null, "railway": null, "railway:ref": null, "railway:signal_box": null, "bus": null, "public_transport": null, "access": null, "changing_table": null, "fee": null, "toilets:disposal": null, "unisex": null, "ref:csioz": null, "contact:phone": null, "contact:email": null, "contact:website": null, "capacity": null, "isced:level": null, "nursery": null, "operator:website": null, "source:amenity": null, "roof:direction": null, "beds": null, "payment:credit_card": null, "payment:girocard": null, "operator:type": null, "indoor": null, "entrance": null, "frequency": null, "location": null, "substation": null, "voltage": null, "fixme": null, "maxwidth": null, "payment:dkv": null, "payment:routex": null, "payment:uta": null, "branch": null, "roof:orientation": null, "communication:mobile_phone": null, "material": null, "tower:construction": null, "tower:type": null, "name:en": null, "addr:place": null, "name:pdc": null, "service:vehicle:window_tinting": null, "service:vehicle:windshields": null, "craft": null, "bench": null, "roof:height": null, "shelter_type": null, "building:part": null, "service": null, "atm": null, "blood:whole": null, "description": null, "construction": null, "wholesale": null, "type": null, "height_nmt": 171.64999389648438, "height_nmpt": 174.0800018310547, "height_obj": 2.4300079345703125}, "geometry": {"type": "Polygon", "coordinates": [[[22.9256931, 54.10639830000001], [22.9258772, 54.106394800000004], [22.9258753, 54.1063586], [22.9256911, 54.106362], [22.9256931, 54.10639830000001]]]}}, {"id": "131", "type": "Feature", "properties": {"element": "way", "id": 514197305, "addr:city": null, "addr:city:simc": null, "addr:housenumber": null, "addr:postcode": null, "addr:street": null, "amenity": null, "building": "yes", "deanery": null, "denomination": null, "diocese": null, "heritage": null, "heritage:operator": null, "image": null, "name": null, "ref:nid": null, "religion": null, "source:addr": null, "url": null, "wikidata": null, "wikipedia": null, "building:levels": null, "operator:wikidata": null, "operator:wikipedia": null, "roof:levels": null, "website": null, "height": null, "ref": null, "short_name": null, "alt_name": null, "historic": null, "atm_ref": null, "brand": null, "brand:wikidata": null, "millennium:date": null, "millennium:network": null, "millennium:ref": null, "millennium:subtype": null, "opening_hours": null, "operator": null, "shop": null, "brand:wikipedia": null, "check_date:opening_hours": null, "toilets:wheelchair": null, "wheelchair": null, "source:building": null, "email": null, "fax": null, "government": null, "office": null, "official_name": null, "phone": null, "source:office": null, "addr:country": null, "addr:street:sym_ul": null, "church:id": null, "church:type": null, "name:etymology:wikidata": null, "name:etymology:wikipedia": null, "parish": null, "parish:wikidata": null, "parish:wikipedia": null, "shrine": null, "shrine:name": null, "shrine:type": null, "start_date": null, "wikimedia_commons": null, "building:colour": null, "building:material": null, "roof:colour": null, "roof:material": null, "theatre:type": null, "admin_level": null, "website:ua": null, "emergency": null, "note": null, "layer": null, "level": null, "panoramax": null, "payment:cards": null, "payment:cash": null, "payment:qr_code": null, "cuisine": null, "drive_through": null, "smoking": null, "takeaway": null, "name:lt": null, "brewery": null, "outdoor_seating": null, "healthcare": null, "name:pl": null, "name:uk": null, "building:levels:underground": null, "source:geometry": null, "source": null, "service:vehicle:glass": null, "service:vehicle:glass_repair": null, "power": null, "addr:housename": null, "man_made": null, "internet_access": null, "internet_access:fee": null, "roof:shape": null, "stars": null, "tourism": null, "museum": null, "ref:ckkp": null, "townhall:type": null, "leisure": null, "social_facility": null, "social_facility:for": null, "fuel:HGV_diesel": null, "fuel:diesel": null, "fuel:lpg": null, "fuel:octane_95": null, "fuel:octane_98": null, "payment:credit_cards": null, "second_hand": null, "service:vehicle:air_conditioning": null, "service:vehicle:car_repair": null, "service:vehicle:new_car_sales": null, "service:vehicle:oil_change": null, "service:vehicle:repairs": null, "service:vehicle:tyres": null, "service:vehicle:used_car_sales": null, "sport": null, "payment:debit_cards": null, "payment:maestro": null, "payment:mastercard": null, "payment:visa": null, "payment:visa_electron": null, "rooms": null, "check_date": null, "railway": null, "railway:ref": null, "railway:signal_box": null, "bus": null, "public_transport": null, "access": null, "changing_table": null, "fee": null, "toilets:disposal": null, "unisex": null, "ref:csioz": null, "contact:phone": null, "contact:email": null, "contact:website": null, "capacity": null, "isced:level": null, "nursery": null, "operator:website": null, "source:amenity": null, "roof:direction": null, "beds": null, "payment:credit_card": null, "payment:girocard": null, "operator:type": null, "indoor": null, "entrance": null, "frequency": null, "location": null, "substation": null, "voltage": null, "fixme": null, "maxwidth": null, "payment:dkv": null, "payment:routex": null, "payment:uta": null, "branch": null, "roof:orientation": null, "communication:mobile_phone": null, "material": null, "tower:construction": null, "tower:type": null, "name:en": null, "addr:place": null, "name:pdc": null, "service:vehicle:window_tinting": null, "service:vehicle:windshields": null, "craft": null, "bench": null, "roof:height": null, "shelter_type": null, "building:part": null, "service": null, "atm": null, "blood:whole": null, "description": null, "construction": null, "wholesale": null, "type": null, "height_nmt": 171.72999572753906, "height_nmpt": 174.6699981689453, "height_obj": 2.94000244140625}, "geometry": {"type": "Polygon", "coordinates": [[[22.926412899999995, 54.10637119999999], [22.9265006, 54.106376499999996], [22.9265084, 54.106332599999995], [22.9264207, 54.1063272], [22.926412899999995, 54.10637119999999]]]}}, {"id": "132", "type": "Feature", "properties": {"element": "way", "id": 514197306, "addr:city": null, "addr:city:simc": null, "addr:housenumber": null, "addr:postcode": null, "addr:street": null, "amenity": null, "building": "outbuilding", "deanery": null, "denomination": null, "diocese": null, "heritage": null, "heritage:operator": null, "image": null, "name": null, "ref:nid": null, "religion": null, "source:addr": null, "url": null, "wikidata": null, "wikipedia": null, "building:levels": "1", "operator:wikidata": null, "operator:wikipedia": null, "roof:levels": null, "website": null, "height": null, "ref": null, "short_name": null, "alt_name": null, "historic": null, "atm_ref": null, "brand": null, "brand:wikidata": null, "millennium:date": null, "millennium:network": null, "millennium:ref": null, "millennium:subtype": null, "opening_hours": null, "operator": null, "shop": null, "brand:wikipedia": null, "check_date:opening_hours": null, "toilets:wheelchair": null, "wheelchair": null, "source:building": "BDOT", "email": null, "fax": null, "government": null, "office": null, "official_name": null, "phone": null, "source:office": null, "addr:country": null, "addr:street:sym_ul": null, "church:id": null, "church:type": null, "name:etymology:wikidata": null, "name:etymology:wikipedia": null, "parish": null, "parish:wikidata": null, "parish:wikipedia": null, "shrine": null, "shrine:name": null, "shrine:type": null, "start_date": null, "wikimedia_commons": null, "building:colour": null, "building:material": null, "roof:colour": null, "roof:material": null, "theatre:type": null, "admin_level": null, "website:ua": null, "emergency": null, "note": null, "layer": null, "level": null, "panoramax": null, "payment:cards": null, "payment:cash": null, "payment:qr_code": null, "cuisine": null, "drive_through": null, "smoking": null, "takeaway": null, "name:lt": null, "brewery": null, "outdoor_seating": null, "healthcare": null, "name:pl": null, "name:uk": null, "building:levels:underground": null, "source:geometry": null, "source": null, "service:vehicle:glass": null, "service:vehicle:glass_repair": null, "power": null, "addr:housename": null, "man_made": null, "internet_access": null, "internet_access:fee": null, "roof:shape": null, "stars": null, "tourism": null, "museum": null, "ref:ckkp": null, "townhall:type": null, "leisure": null, "social_facility": null, "social_facility:for": null, "fuel:HGV_diesel": null, "fuel:diesel": null, "fuel:lpg": null, "fuel:octane_95": null, "fuel:octane_98": null, "payment:credit_cards": null, "second_hand": null, "service:vehicle:air_conditioning": null, "service:vehicle:car_repair": null, "service:vehicle:new_car_sales": null, "service:vehicle:oil_change": null, "service:vehicle:repairs": null, "service:vehicle:tyres": null, "service:vehicle:used_car_sales": null, "sport": null, "payment:debit_cards": null, "payment:maestro": null, "payment:mastercard": null, "payment:visa": null, "payment:visa_electron": null, "rooms": null, "check_date": null, "railway": null, "railway:ref": null, "railway:signal_box": null, "bus": null, "public_transport": null, "access": null, "changing_table": null, "fee": null, "toilets:disposal": null, "unisex": null, "ref:csioz": null, "contact:phone": null, "contact:email": null, "contact:website": null, "capacity": null, "isced:level": null, "nursery": null, "operator:website": null, "source:amenity": null, "roof:direction": null, "beds": null, "payment:credit_card": null, "payment:girocard": null, "operator:type": null, "indoor": null, "entrance": null, "frequency": null, "location": null, "substation": null, "voltage": null, "fixme": null, "maxwidth": null, "payment:dkv": null, "payment:routex": null, "payment:uta": null, "branch": null, "roof:orientation": null, "communication:mobile_phone": null, "material": null, "tower:construction": null, "tower:type": null, "name:en": null, "addr:place": null, "name:pdc": null, "service:vehicle:window_tinting": null, "service:vehicle:windshields": null, "craft": null, "bench": null, "roof:height": null, "shelter_type": null, "building:part": null, "service": null, "atm": null, "blood:whole": null, "description": null, "construction": null, "wholesale": null, "type": null, "height_nmt": 171.57000732421875, "height_nmpt": 180.8699951171875, "height_obj": 9.29998779296875}, "geometry": {"type": "Polygon", "coordinates": [[[22.9272424, 54.10628609999999], [22.9272452, 54.10625269999999], [22.9270521, 54.106247], [22.9269707, 54.10624449999999], [22.926969000000003, 54.10625699999999], [22.9269661, 54.10627629999999], [22.9272424, 54.10628609999999]]]}}, {"id": "133", "type": "Feature", "properties": {"element": "way", "id": 514197307, "addr:city": "Suwa\u0142ki", "addr:city:simc": "0977456", "addr:housenumber": "1A", "addr:postcode": "16-400", "addr:street": "Paw\u0142a Suzina", "amenity": null, "building": "yes", "deanery": null, "denomination": null, "diocese": null, "heritage": null, "heritage:operator": null, "image": null, "name": null, "ref:nid": null, "religion": null, "source:addr": "gugik.gov.pl", "url": null, "wikidata": null, "wikipedia": null, "building:levels": null, "operator:wikidata": null, "operator:wikipedia": null, "roof:levels": null, "website": null, "height": null, "ref": null, "short_name": null, "alt_name": null, "historic": null, "atm_ref": null, "brand": null, "brand:wikidata": null, "millennium:date": null, "millennium:network": null, "millennium:ref": null, "millennium:subtype": null, "opening_hours": null, "operator": null, "shop": null, "brand:wikipedia": null, "check_date:opening_hours": null, "toilets:wheelchair": null, "wheelchair": null, "source:building": null, "email": null, "fax": null, "government": null, "office": null, "official_name": null, "phone": null, "source:office": null, "addr:country": null, "addr:street:sym_ul": null, "church:id": null, "church:type": null, "name:etymology:wikidata": null, "name:etymology:wikipedia": null, "parish": null, "parish:wikidata": null, "parish:wikipedia": null, "shrine": null, "shrine:name": null, "shrine:type": null, "start_date": null, "wikimedia_commons": null, "building:colour": null, "building:material": null, "roof:colour": null, "roof:material": null, "theatre:type": null, "admin_level": null, "website:ua": null, "emergency": null, "note": null, "layer": null, "level": null, "panoramax": null, "payment:cards": null, "payment:cash": null, "payment:qr_code": null, "cuisine": null, "drive_through": null, "smoking": null, "takeaway": null, "name:lt": null, "brewery": null, "outdoor_seating": null, "healthcare": null, "name:pl": null, "name:uk": null, "building:levels:underground": null, "source:geometry": null, "source": null, "service:vehicle:glass": null, "service:vehicle:glass_repair": null, "power": null, "addr:housename": null, "man_made": null, "internet_access": null, "internet_access:fee": null, "roof:shape": null, "stars": null, "tourism": null, "museum": null, "ref:ckkp": null, "townhall:type": null, "leisure": null, "social_facility": null, "social_facility:for": null, "fuel:HGV_diesel": null, "fuel:diesel": null, "fuel:lpg": null, "fuel:octane_95": null, "fuel:octane_98": null, "payment:credit_cards": null, "second_hand": null, "service:vehicle:air_conditioning": null, "service:vehicle:car_repair": null, "service:vehicle:new_car_sales": null, "service:vehicle:oil_change": null, "service:vehicle:repairs": null, "service:vehicle:tyres": null, "service:vehicle:used_car_sales": null, "sport": null, "payment:debit_cards": null, "payment:maestro": null, "payment:mastercard": null, "payment:visa": null, "payment:visa_electron": null, "rooms": null, "check_date": null, "railway": null, "railway:ref": null, "railway:signal_box": null, "bus": null, "public_transport": null, "access": null, "changing_table": null, "fee": null, "toilets:disposal": null, "unisex": null, "ref:csioz": null, "contact:phone": null, "contact:email": null, "contact:website": null, "capacity": null, "isced:level": null, "nursery": null, "operator:website": null, "source:amenity": null, "roof:direction": null, "beds": null, "payment:credit_card": null, "payment:girocard": null, "operator:type": null, "indoor": null, "entrance": null, "frequency": null, "location": null, "substation": null, "voltage": null, "fixme": null, "maxwidth": null, "payment:dkv": null, "payment:routex": null, "payment:uta": null, "branch": null, "roof:orientation": null, "communication:mobile_phone": null, "material": null, "tower:construction": null, "tower:type": null, "name:en": null, "addr:place": null, "name:pdc": null, "service:vehicle:window_tinting": null, "service:vehicle:windshields": null, "craft": null, "bench": null, "roof:height": null, "shelter_type": null, "building:part": null, "service": null, "atm": null, "blood:whole": null, "description": null, "construction": null, "wholesale": null, "type": null, "height_nmt": 171.6300048828125, "height_nmpt": 180.3800048828125, "height_obj": 8.75}, "geometry": {"type": "Polygon", "coordinates": [[[22.927032100000005, 54.10598559999999], [22.926692299999996, 54.10597159999998], [22.9266789, 54.1060822], [22.9267235, 54.10608399999999], [22.9267219, 54.1060978], [22.9270171, 54.10611], [22.927032100000005, 54.10598559999999]]]}}, {"id": "134", "type": "Feature", "properties": {"element": "way", "id": 514199785, "addr:city": null, "addr:city:simc": null, "addr:housenumber": null, "addr:postcode": null, "addr:street": null, "amenity": null, "building": "yes", "deanery": null, "denomination": null, "diocese": null, "heritage": null, "heritage:operator": null, "image": null, "name": null, "ref:nid": null, "religion": null, "source:addr": null, "url": null, "wikidata": null, "wikipedia": null, "building:levels": null, "operator:wikidata": null, "operator:wikipedia": null, "roof:levels": null, "website": null, "height": null, "ref": null, "short_name": null, "alt_name": null, "historic": null, "atm_ref": null, "brand": null, "brand:wikidata": null, "millennium:date": null, "millennium:network": null, "millennium:ref": null, "millennium:subtype": null, "opening_hours": null, "operator": null, "shop": null, "brand:wikipedia": null, "check_date:opening_hours": null, "toilets:wheelchair": null, "wheelchair": null, "source:building": null, "email": null, "fax": null, "government": null, "office": null, "official_name": null, "phone": null, "source:office": null, "addr:country": null, "addr:street:sym_ul": null, "church:id": null, "church:type": null, "name:etymology:wikidata": null, "name:etymology:wikipedia": null, "parish": null, "parish:wikidata": null, "parish:wikipedia": null, "shrine": null, "shrine:name": null, "shrine:type": null, "start_date": null, "wikimedia_commons": null, "building:colour": null, "building:material": null, "roof:colour": null, "roof:material": null, "theatre:type": null, "admin_level": null, "website:ua": null, "emergency": null, "note": null, "layer": null, "level": null, "panoramax": null, "payment:cards": null, "payment:cash": null, "payment:qr_code": null, "cuisine": null, "drive_through": null, "smoking": null, "takeaway": null, "name:lt": null, "brewery": null, "outdoor_seating": null, "healthcare": null, "name:pl": null, "name:uk": null, "building:levels:underground": null, "source:geometry": null, "source": null, "service:vehicle:glass": null, "service:vehicle:glass_repair": null, "power": null, "addr:housename": null, "man_made": null, "internet_access": null, "internet_access:fee": null, "roof:shape": null, "stars": null, "tourism": null, "museum": null, "ref:ckkp": null, "townhall:type": null, "leisure": null, "social_facility": null, "social_facility:for": null, "fuel:HGV_diesel": null, "fuel:diesel": null, "fuel:lpg": null, "fuel:octane_95": null, "fuel:octane_98": null, "payment:credit_cards": null, "second_hand": null, "service:vehicle:air_conditioning": null, "service:vehicle:car_repair": null, "service:vehicle:new_car_sales": null, "service:vehicle:oil_change": null, "service:vehicle:repairs": null, "service:vehicle:tyres": null, "service:vehicle:used_car_sales": null, "sport": null, "payment:debit_cards": null, "payment:maestro": null, "payment:mastercard": null, "payment:visa": null, "payment:visa_electron": null, "rooms": null, "check_date": null, "railway": null, "railway:ref": null, "railway:signal_box": null, "bus": null, "public_transport": null, "access": null, "changing_table": null, "fee": null, "toilets:disposal": null, "unisex": null, "ref:csioz": null, "contact:phone": null, "contact:email": null, "contact:website": null, "capacity": null, "isced:level": null, "nursery": null, "operator:website": null, "source:amenity": null, "roof:direction": null, "beds": null, "payment:credit_card": null, "payment:girocard": null, "operator:type": null, "indoor": null, "entrance": null, "frequency": null, "location": null, "substation": null, "voltage": null, "fixme": null, "maxwidth": null, "payment:dkv": null, "payment:routex": null, "payment:uta": null, "branch": null, "roof:orientation": null, "communication:mobile_phone": null, "material": null, "tower:construction": null, "tower:type": null, "name:en": null, "addr:place": null, "name:pdc": null, "service:vehicle:window_tinting": null, "service:vehicle:windshields": null, "craft": null, "bench": null, "roof:height": null, "shelter_type": null, "building:part": null, "service": null, "atm": null, "blood:whole": null, "description": null, "construction": null, "wholesale": null, "type": null, "height_nmt": 171.52000427246094, "height_nmpt": 172.6699981689453, "height_obj": 1.149993896484375}, "geometry": {"type": "Polygon", "coordinates": [[[22.9272004, 54.10531530000001], [22.927535499999998, 54.10532289999999], [22.92754, 54.1052546], [22.9272049, 54.105247], [22.9272004, 54.10531530000001]]]}}, {"id": "135", "type": "Feature", "properties": {"element": "way", "id": 514199786, "addr:city": null, "addr:city:simc": null, "addr:housenumber": null, "addr:postcode": null, "addr:street": null, "amenity": null, "building": "yes", "deanery": null, "denomination": null, "diocese": null, "heritage": null, "heritage:operator": null, "image": null, "name": null, "ref:nid": null, "religion": null, "source:addr": null, "url": null, "wikidata": null, "wikipedia": null, "building:levels": null, "operator:wikidata": null, "operator:wikipedia": null, "roof:levels": null, "website": null, "height": null, "ref": null, "short_name": null, "alt_name": null, "historic": null, "atm_ref": null, "brand": null, "brand:wikidata": null, "millennium:date": null, "millennium:network": null, "millennium:ref": null, "millennium:subtype": null, "opening_hours": null, "operator": null, "shop": null, "brand:wikipedia": null, "check_date:opening_hours": null, "toilets:wheelchair": null, "wheelchair": null, "source:building": null, "email": null, "fax": null, "government": null, "office": null, "official_name": null, "phone": null, "source:office": null, "addr:country": null, "addr:street:sym_ul": null, "church:id": null, "church:type": null, "name:etymology:wikidata": null, "name:etymology:wikipedia": null, "parish": null, "parish:wikidata": null, "parish:wikipedia": null, "shrine": null, "shrine:name": null, "shrine:type": null, "start_date": null, "wikimedia_commons": null, "building:colour": null, "building:material": null, "roof:colour": null, "roof:material": null, "theatre:type": null, "admin_level": null, "website:ua": null, "emergency": null, "note": null, "layer": null, "level": null, "panoramax": null, "payment:cards": null, "payment:cash": null, "payment:qr_code": null, "cuisine": null, "drive_through": null, "smoking": null, "takeaway": null, "name:lt": null, "brewery": null, "outdoor_seating": null, "healthcare": null, "name:pl": null, "name:uk": null, "building:levels:underground": null, "source:geometry": null, "source": null, "service:vehicle:glass": null, "service:vehicle:glass_repair": null, "power": null, "addr:housename": null, "man_made": null, "internet_access": null, "internet_access:fee": null, "roof:shape": null, "stars": null, "tourism": null, "museum": null, "ref:ckkp": null, "townhall:type": null, "leisure": null, "social_facility": null, "social_facility:for": null, "fuel:HGV_diesel": null, "fuel:diesel": null, "fuel:lpg": null, "fuel:octane_95": null, "fuel:octane_98": null, "payment:credit_cards": null, "second_hand": null, "service:vehicle:air_conditioning": null, "service:vehicle:car_repair": null, "service:vehicle:new_car_sales": null, "service:vehicle:oil_change": null, "service:vehicle:repairs": null, "service:vehicle:tyres": null, "service:vehicle:used_car_sales": null, "sport": null, "payment:debit_cards": null, "payment:maestro": null, "payment:mastercard": null, "payment:visa": null, "payment:visa_electron": null, "rooms": null, "check_date": null, "railway": null, "railway:ref": null, "railway:signal_box": null, "bus": null, "public_transport": null, "access": null, "changing_table": null, "fee": null, "toilets:disposal": null, "unisex": null, "ref:csioz": null, "contact:phone": null, "contact:email": null, "contact:website": null, "capacity": null, "isced:level": null, "nursery": null, "operator:website": null, "source:amenity": null, "roof:direction": null, "beds": null, "payment:credit_card": null, "payment:girocard": null, "operator:type": null, "indoor": null, "entrance": null, "frequency": null, "location": null, "substation": null, "voltage": null, "fixme": null, "maxwidth": null, "payment:dkv": null, "payment:routex": null, "payment:uta": null, "branch": null, "roof:orientation": null, "communication:mobile_phone": null, "material": null, "tower:construction": null, "tower:type": null, "name:en": null, "addr:place": null, "name:pdc": null, "service:vehicle:window_tinting": null, "service:vehicle:windshields": null, "craft": null, "bench": null, "roof:height": null, "shelter_type": null, "building:part": null, "service": null, "atm": null, "blood:whole": null, "description": null, "construction": null, "wholesale": null, "type": null, "height_nmt": 171.39999389648438, "height_nmpt": 173.47000122070312, "height_obj": 2.07000732421875}, "geometry": {"type": "Polygon", "coordinates": [[[22.927205300000004, 54.1052194], [22.927304, 54.10522109999999], [22.9273091, 54.1051132], [22.9272666, 54.10511209999999], [22.9272104, 54.105111599999994], [22.927205300000004, 54.1052194]]]}}, {"id": "136", "type": "Feature", "properties": {"element": "way", "id": 514199787, "addr:city": "Suwa\u0142ki", "addr:city:simc": "0977456", "addr:housenumber": "87", "addr:postcode": null, "addr:street": "Tadeusza Ko\u015bciuszki", "amenity": null, "building": "yes", "deanery": null, "denomination": null, "diocese": null, "heritage": null, "heritage:operator": null, "image": null, "name": null, "ref:nid": null, "religion": null, "source:addr": "EMUiA (emuia.gugik.gov.pl)", "url": null, "wikidata": null, "wikipedia": null, "building:levels": null, "operator:wikidata": null, "operator:wikipedia": null, "roof:levels": null, "website": null, "height": null, "ref": null, "short_name": null, "alt_name": null, "historic": null, "atm_ref": null, "brand": null, "brand:wikidata": null, "millennium:date": null, "millennium:network": null, "millennium:ref": null, "millennium:subtype": null, "opening_hours": null, "operator": null, "shop": null, "brand:wikipedia": null, "check_date:opening_hours": null, "toilets:wheelchair": null, "wheelchair": null, "source:building": null, "email": null, "fax": null, "government": null, "office": null, "official_name": null, "phone": null, "source:office": null, "addr:country": null, "addr:street:sym_ul": null, "church:id": null, "church:type": null, "name:etymology:wikidata": null, "name:etymology:wikipedia": null, "parish": null, "parish:wikidata": null, "parish:wikipedia": null, "shrine": null, "shrine:name": null, "shrine:type": null, "start_date": null, "wikimedia_commons": null, "building:colour": null, "building:material": null, "roof:colour": null, "roof:material": null, "theatre:type": null, "admin_level": null, "website:ua": null, "emergency": null, "note": null, "layer": null, "level": null, "panoramax": null, "payment:cards": null, "payment:cash": null, "payment:qr_code": null, "cuisine": null, "drive_through": null, "smoking": null, "takeaway": null, "name:lt": null, "brewery": null, "outdoor_seating": null, "healthcare": null, "name:pl": null, "name:uk": null, "building:levels:underground": null, "source:geometry": null, "source": null, "service:vehicle:glass": null, "service:vehicle:glass_repair": null, "power": null, "addr:housename": null, "man_made": null, "internet_access": null, "internet_access:fee": null, "roof:shape": null, "stars": null, "tourism": null, "museum": null, "ref:ckkp": null, "townhall:type": null, "leisure": null, "social_facility": null, "social_facility:for": null, "fuel:HGV_diesel": null, "fuel:diesel": null, "fuel:lpg": null, "fuel:octane_95": null, "fuel:octane_98": null, "payment:credit_cards": null, "second_hand": null, "service:vehicle:air_conditioning": null, "service:vehicle:car_repair": null, "service:vehicle:new_car_sales": null, "service:vehicle:oil_change": null, "service:vehicle:repairs": null, "service:vehicle:tyres": null, "service:vehicle:used_car_sales": null, "sport": null, "payment:debit_cards": null, "payment:maestro": null, "payment:mastercard": null, "payment:visa": null, "payment:visa_electron": null, "rooms": null, "check_date": null, "railway": null, "railway:ref": null, "railway:signal_box": null, "bus": null, "public_transport": null, "access": null, "changing_table": null, "fee": null, "toilets:disposal": null, "unisex": null, "ref:csioz": null, "contact:phone": null, "contact:email": null, "contact:website": null, "capacity": null, "isced:level": null, "nursery": null, "operator:website": null, "source:amenity": null, "roof:direction": null, "beds": null, "payment:credit_card": null, "payment:girocard": null, "operator:type": null, "indoor": null, "entrance": null, "frequency": null, "location": null, "substation": null, "voltage": null, "fixme": null, "maxwidth": null, "payment:dkv": null, "payment:routex": null, "payment:uta": null, "branch": null, "roof:orientation": null, "communication:mobile_phone": null, "material": null, "tower:construction": null, "tower:type": null, "name:en": null, "addr:place": null, "name:pdc": null, "service:vehicle:window_tinting": null, "service:vehicle:windshields": null, "craft": null, "bench": null, "roof:height": null, "shelter_type": null, "building:part": null, "service": null, "atm": null, "blood:whole": null, "description": null, "construction": null, "wholesale": null, "type": null, "height_nmt": 171.6300048828125, "height_nmpt": 174.0399932861328, "height_obj": 2.4099884033203125}, "geometry": {"type": "Polygon", "coordinates": [[[22.9273091, 54.1051132], [22.9274943, 54.105118499999996], [22.9275011, 54.105035499999985], [22.9272734, 54.1050291], [22.9272666, 54.10511209999999], [22.9273091, 54.1051132]]]}}, {"id": "137", "type": "Feature", "properties": {"element": "way", "id": 613475114, "addr:city": null, "addr:city:simc": null, "addr:housenumber": null, "addr:postcode": null, "addr:street": null, "amenity": null, "building": "garages", "deanery": null, "denomination": null, "diocese": null, "heritage": null, "heritage:operator": null, "image": null, "name": null, "ref:nid": null, "religion": null, "source:addr": null, "url": null, "wikidata": null, "wikipedia": null, "building:levels": null, "operator:wikidata": null, "operator:wikipedia": null, "roof:levels": null, "website": null, "height": null, "ref": null, "short_name": null, "alt_name": null, "historic": null, "atm_ref": null, "brand": null, "brand:wikidata": null, "millennium:date": null, "millennium:network": null, "millennium:ref": null, "millennium:subtype": null, "opening_hours": null, "operator": null, "shop": null, "brand:wikipedia": null, "check_date:opening_hours": null, "toilets:wheelchair": null, "wheelchair": null, "source:building": null, "email": null, "fax": null, "government": null, "office": null, "official_name": null, "phone": null, "source:office": null, "addr:country": null, "addr:street:sym_ul": null, "church:id": null, "church:type": null, "name:etymology:wikidata": null, "name:etymology:wikipedia": null, "parish": null, "parish:wikidata": null, "parish:wikipedia": null, "shrine": null, "shrine:name": null, "shrine:type": null, "start_date": null, "wikimedia_commons": null, "building:colour": null, "building:material": null, "roof:colour": null, "roof:material": null, "theatre:type": null, "admin_level": null, "website:ua": null, "emergency": null, "note": null, "layer": null, "level": null, "panoramax": null, "payment:cards": null, "payment:cash": null, "payment:qr_code": null, "cuisine": null, "drive_through": null, "smoking": null, "takeaway": null, "name:lt": null, "brewery": null, "outdoor_seating": null, "healthcare": null, "name:pl": null, "name:uk": null, "building:levels:underground": null, "source:geometry": null, "source": null, "service:vehicle:glass": null, "service:vehicle:glass_repair": null, "power": null, "addr:housename": null, "man_made": null, "internet_access": null, "internet_access:fee": null, "roof:shape": null, "stars": null, "tourism": null, "museum": null, "ref:ckkp": null, "townhall:type": null, "leisure": null, "social_facility": null, "social_facility:for": null, "fuel:HGV_diesel": null, "fuel:diesel": null, "fuel:lpg": null, "fuel:octane_95": null, "fuel:octane_98": null, "payment:credit_cards": null, "second_hand": null, "service:vehicle:air_conditioning": null, "service:vehicle:car_repair": null, "service:vehicle:new_car_sales": null, "service:vehicle:oil_change": null, "service:vehicle:repairs": null, "service:vehicle:tyres": null, "service:vehicle:used_car_sales": null, "sport": null, "payment:debit_cards": null, "payment:maestro": null, "payment:mastercard": null, "payment:visa": null, "payment:visa_electron": null, "rooms": null, "check_date": null, "railway": null, "railway:ref": null, "railway:signal_box": null, "bus": null, "public_transport": null, "access": null, "changing_table": null, "fee": null, "toilets:disposal": null, "unisex": null, "ref:csioz": null, "contact:phone": null, "contact:email": null, "contact:website": null, "capacity": null, "isced:level": null, "nursery": null, "operator:website": null, "source:amenity": null, "roof:direction": null, "beds": null, "payment:credit_card": null, "payment:girocard": null, "operator:type": null, "indoor": null, "entrance": null, "frequency": null, "location": null, "substation": null, "voltage": null, "fixme": null, "maxwidth": null, "payment:dkv": null, "payment:routex": null, "payment:uta": null, "branch": null, "roof:orientation": null, "communication:mobile_phone": null, "material": null, "tower:construction": null, "tower:type": null, "name:en": null, "addr:place": null, "name:pdc": null, "service:vehicle:window_tinting": null, "service:vehicle:windshields": null, "craft": null, "bench": null, "roof:height": null, "shelter_type": null, "building:part": null, "service": null, "atm": null, "blood:whole": null, "description": null, "construction": null, "wholesale": null, "type": null, "height_nmt": 171.8300018310547, "height_nmpt": 174.75, "height_obj": 2.9199981689453125}, "geometry": {"type": "Polygon", "coordinates": [[[22.9259098, 54.1051777], [22.925910199999997, 54.105128199999996], [22.9260521, 54.1051286], [22.9260517, 54.10517799999999], [22.9259098, 54.1051777]]]}}, {"id": "138", "type": "Feature", "properties": {"element": "way", "id": 791369055, "addr:city": null, "addr:city:simc": null, "addr:housenumber": null, "addr:postcode": null, "addr:street": null, "amenity": null, "building": "yes", "deanery": null, "denomination": null, "diocese": null, "heritage": null, "heritage:operator": null, "image": null, "name": null, "ref:nid": null, "religion": null, "source:addr": null, "url": null, "wikidata": null, "wikipedia": null, "building:levels": null, "operator:wikidata": null, "operator:wikipedia": null, "roof:levels": null, "website": null, "height": null, "ref": null, "short_name": null, "alt_name": null, "historic": null, "atm_ref": null, "brand": null, "brand:wikidata": null, "millennium:date": null, "millennium:network": null, "millennium:ref": null, "millennium:subtype": null, "opening_hours": null, "operator": null, "shop": null, "brand:wikipedia": null, "check_date:opening_hours": null, "toilets:wheelchair": null, "wheelchair": null, "source:building": null, "email": null, "fax": null, "government": null, "office": null, "official_name": null, "phone": null, "source:office": null, "addr:country": null, "addr:street:sym_ul": null, "church:id": null, "church:type": null, "name:etymology:wikidata": null, "name:etymology:wikipedia": null, "parish": null, "parish:wikidata": null, "parish:wikipedia": null, "shrine": null, "shrine:name": null, "shrine:type": null, "start_date": null, "wikimedia_commons": null, "building:colour": null, "building:material": null, "roof:colour": null, "roof:material": null, "theatre:type": null, "admin_level": null, "website:ua": null, "emergency": null, "note": null, "layer": null, "level": null, "panoramax": null, "payment:cards": null, "payment:cash": null, "payment:qr_code": null, "cuisine": null, "drive_through": null, "smoking": null, "takeaway": null, "name:lt": null, "brewery": null, "outdoor_seating": null, "healthcare": null, "name:pl": null, "name:uk": null, "building:levels:underground": null, "source:geometry": null, "source": "www.geoportal.gov.pl", "service:vehicle:glass": null, "service:vehicle:glass_repair": null, "power": null, "addr:housename": null, "man_made": null, "internet_access": null, "internet_access:fee": null, "roof:shape": null, "stars": null, "tourism": null, "museum": null, "ref:ckkp": null, "townhall:type": null, "leisure": null, "social_facility": null, "social_facility:for": null, "fuel:HGV_diesel": null, "fuel:diesel": null, "fuel:lpg": null, "fuel:octane_95": null, "fuel:octane_98": null, "payment:credit_cards": null, "second_hand": null, "service:vehicle:air_conditioning": null, "service:vehicle:car_repair": null, "service:vehicle:new_car_sales": null, "service:vehicle:oil_change": null, "service:vehicle:repairs": null, "service:vehicle:tyres": null, "service:vehicle:used_car_sales": null, "sport": null, "payment:debit_cards": null, "payment:maestro": null, "payment:mastercard": null, "payment:visa": null, "payment:visa_electron": null, "rooms": null, "check_date": null, "railway": null, "railway:ref": null, "railway:signal_box": null, "bus": null, "public_transport": null, "access": null, "changing_table": null, "fee": null, "toilets:disposal": null, "unisex": null, "ref:csioz": null, "contact:phone": null, "contact:email": null, "contact:website": null, "capacity": null, "isced:level": null, "nursery": null, "operator:website": null, "source:amenity": null, "roof:direction": null, "beds": null, "payment:credit_card": null, "payment:girocard": null, "operator:type": null, "indoor": null, "entrance": null, "frequency": null, "location": null, "substation": null, "voltage": null, "fixme": null, "maxwidth": null, "payment:dkv": null, "payment:routex": null, "payment:uta": null, "branch": null, "roof:orientation": null, "communication:mobile_phone": null, "material": null, "tower:construction": null, "tower:type": null, "name:en": null, "addr:place": null, "name:pdc": null, "service:vehicle:window_tinting": null, "service:vehicle:windshields": null, "craft": null, "bench": null, "roof:height": null, "shelter_type": null, "building:part": null, "service": null, "atm": null, "blood:whole": null, "description": null, "construction": null, "wholesale": null, "type": null, "height_nmt": 171.6999969482422, "height_nmpt": 173.8000030517578, "height_obj": 2.100006103515625}, "geometry": {"type": "Polygon", "coordinates": [[[22.9266749, 54.10589469999999], [22.9268993, 54.1059021], [22.926903900000003, 54.105852299999995], [22.9266795, 54.1058449], [22.9266749, 54.10589469999999]]]}}, {"id": "139", "type": "Feature", "properties": {"element": "way", "id": 791369531, "addr:city": null, "addr:city:simc": null, "addr:housenumber": null, "addr:postcode": null, "addr:street": null, "amenity": null, "building": "yes", "deanery": null, "denomination": null, "diocese": null, "heritage": null, "heritage:operator": null, "image": null, "name": null, "ref:nid": null, "religion": null, "source:addr": null, "url": null, "wikidata": null, "wikipedia": null, "building:levels": null, "operator:wikidata": null, "operator:wikipedia": null, "roof:levels": null, "website": null, "height": null, "ref": null, "short_name": null, "alt_name": null, "historic": null, "atm_ref": null, "brand": null, "brand:wikidata": null, "millennium:date": null, "millennium:network": null, "millennium:ref": null, "millennium:subtype": null, "opening_hours": null, "operator": null, "shop": null, "brand:wikipedia": null, "check_date:opening_hours": null, "toilets:wheelchair": null, "wheelchair": null, "source:building": null, "email": null, "fax": null, "government": null, "office": null, "official_name": null, "phone": null, "source:office": null, "addr:country": null, "addr:street:sym_ul": null, "church:id": null, "church:type": null, "name:etymology:wikidata": null, "name:etymology:wikipedia": null, "parish": null, "parish:wikidata": null, "parish:wikipedia": null, "shrine": null, "shrine:name": null, "shrine:type": null, "start_date": null, "wikimedia_commons": null, "building:colour": null, "building:material": null, "roof:colour": null, "roof:material": null, "theatre:type": null, "admin_level": null, "website:ua": null, "emergency": null, "note": null, "layer": null, "level": null, "panoramax": null, "payment:cards": null, "payment:cash": null, "payment:qr_code": null, "cuisine": null, "drive_through": null, "smoking": null, "takeaway": null, "name:lt": null, "brewery": null, "outdoor_seating": null, "healthcare": null, "name:pl": null, "name:uk": null, "building:levels:underground": null, "source:geometry": null, "source": "www.geoportal.gov.pl", "service:vehicle:glass": null, "service:vehicle:glass_repair": null, "power": null, "addr:housename": null, "man_made": null, "internet_access": null, "internet_access:fee": null, "roof:shape": null, "stars": null, "tourism": null, "museum": null, "ref:ckkp": null, "townhall:type": null, "leisure": null, "social_facility": null, "social_facility:for": null, "fuel:HGV_diesel": null, "fuel:diesel": null, "fuel:lpg": null, "fuel:octane_95": null, "fuel:octane_98": null, "payment:credit_cards": null, "second_hand": null, "service:vehicle:air_conditioning": null, "service:vehicle:car_repair": null, "service:vehicle:new_car_sales": null, "service:vehicle:oil_change": null, "service:vehicle:repairs": null, "service:vehicle:tyres": null, "service:vehicle:used_car_sales": null, "sport": null, "payment:debit_cards": null, "payment:maestro": null, "payment:mastercard": null, "payment:visa": null, "payment:visa_electron": null, "rooms": null, "check_date": null, "railway": null, "railway:ref": null, "railway:signal_box": null, "bus": null, "public_transport": null, "access": null, "changing_table": null, "fee": null, "toilets:disposal": null, "unisex": null, "ref:csioz": null, "contact:phone": null, "contact:email": null, "contact:website": null, "capacity": null, "isced:level": null, "nursery": null, "operator:website": null, "source:amenity": null, "roof:direction": null, "beds": null, "payment:credit_card": null, "payment:girocard": null, "operator:type": null, "indoor": null, "entrance": null, "frequency": null, "location": null, "substation": null, "voltage": null, "fixme": null, "maxwidth": null, "payment:dkv": null, "payment:routex": null, "payment:uta": null, "branch": null, "roof:orientation": null, "communication:mobile_phone": null, "material": null, "tower:construction": null, "tower:type": null, "name:en": null, "addr:place": null, "name:pdc": null, "service:vehicle:window_tinting": null, "service:vehicle:windshields": null, "craft": null, "bench": null, "roof:height": null, "shelter_type": null, "building:part": null, "service": null, "atm": null, "blood:whole": null, "description": null, "construction": null, "wholesale": null, "type": null, "height_nmt": 171.0800018310547, "height_nmpt": 171.0800018310547, "height_obj": 0.0}, "geometry": {"type": "Polygon", "coordinates": [[[22.9291015, 54.105512399999995], [22.929221299999995, 54.10551399999999], [22.9292243, 54.105478299999994], [22.9291394, 54.10547729999999], [22.9291404, 54.105460499999985], [22.9291047, 54.105460499999985], [22.9291015, 54.105512399999995]]]}}, {"id": "140", "type": "Feature", "properties": {"element": "way", "id": 941089382, "addr:city": "Suwa\u0142ki", "addr:city:simc": null, "addr:housenumber": "99", "addr:postcode": "16-400", "addr:street": "Teofila Noniewicza", "amenity": null, "building": "yes", "deanery": null, "denomination": null, "diocese": null, "heritage": null, "heritage:operator": null, "image": null, "name": null, "ref:nid": null, "religion": null, "source:addr": null, "url": null, "wikidata": null, "wikipedia": null, "building:levels": null, "operator:wikidata": null, "operator:wikipedia": null, "roof:levels": null, "website": null, "height": null, "ref": null, "short_name": null, "alt_name": null, "historic": null, "atm_ref": null, "brand": null, "brand:wikidata": null, "millennium:date": null, "millennium:network": null, "millennium:ref": null, "millennium:subtype": null, "opening_hours": null, "operator": null, "shop": null, "brand:wikipedia": null, "check_date:opening_hours": null, "toilets:wheelchair": null, "wheelchair": null, "source:building": null, "email": null, "fax": null, "government": null, "office": null, "official_name": null, "phone": null, "source:office": null, "addr:country": null, "addr:street:sym_ul": null, "church:id": null, "church:type": null, "name:etymology:wikidata": null, "name:etymology:wikipedia": null, "parish": null, "parish:wikidata": null, "parish:wikipedia": null, "shrine": null, "shrine:name": null, "shrine:type": null, "start_date": null, "wikimedia_commons": null, "building:colour": null, "building:material": null, "roof:colour": null, "roof:material": null, "theatre:type": null, "admin_level": null, "website:ua": null, "emergency": null, "note": null, "layer": null, "level": null, "panoramax": null, "payment:cards": null, "payment:cash": null, "payment:qr_code": null, "cuisine": null, "drive_through": null, "smoking": null, "takeaway": null, "name:lt": null, "brewery": null, "outdoor_seating": null, "healthcare": null, "name:pl": null, "name:uk": null, "building:levels:underground": null, "source:geometry": null, "source": null, "service:vehicle:glass": null, "service:vehicle:glass_repair": null, "power": null, "addr:housename": null, "man_made": null, "internet_access": null, "internet_access:fee": null, "roof:shape": null, "stars": null, "tourism": null, "museum": null, "ref:ckkp": null, "townhall:type": null, "leisure": null, "social_facility": null, "social_facility:for": null, "fuel:HGV_diesel": null, "fuel:diesel": null, "fuel:lpg": null, "fuel:octane_95": null, "fuel:octane_98": null, "payment:credit_cards": null, "second_hand": null, "service:vehicle:air_conditioning": null, "service:vehicle:car_repair": null, "service:vehicle:new_car_sales": null, "service:vehicle:oil_change": null, "service:vehicle:repairs": null, "service:vehicle:tyres": null, "service:vehicle:used_car_sales": null, "sport": null, "payment:debit_cards": null, "payment:maestro": null, "payment:mastercard": null, "payment:visa": null, "payment:visa_electron": null, "rooms": null, "check_date": null, "railway": null, "railway:ref": null, "railway:signal_box": null, "bus": null, "public_transport": null, "access": null, "changing_table": null, "fee": null, "toilets:disposal": null, "unisex": null, "ref:csioz": null, "contact:phone": null, "contact:email": null, "contact:website": null, "capacity": null, "isced:level": null, "nursery": null, "operator:website": null, "source:amenity": null, "roof:direction": null, "beds": null, "payment:credit_card": null, "payment:girocard": null, "operator:type": null, "indoor": null, "entrance": null, "frequency": null, "location": null, "substation": null, "voltage": null, "fixme": null, "maxwidth": null, "payment:dkv": null, "payment:routex": null, "payment:uta": null, "branch": null, "roof:orientation": null, "communication:mobile_phone": null, "material": null, "tower:construction": null, "tower:type": null, "name:en": null, "addr:place": null, "name:pdc": null, "service:vehicle:window_tinting": null, "service:vehicle:windshields": null, "craft": null, "bench": null, "roof:height": null, "shelter_type": null, "building:part": null, "service": null, "atm": null, "blood:whole": null, "description": null, "construction": null, "wholesale": null, "type": null, "height_nmt": 170.86000061035156, "height_nmpt": 178.1300048828125, "height_obj": 7.2700042724609375}, "geometry": {"type": "Polygon", "coordinates": [[[22.9310983, 54.1070814], [22.931096, 54.1071341], [22.9311629, 54.107135199999995], [22.9311615, 54.10716739999999], [22.9313064, 54.107169600000006], [22.9313101, 54.10708459999999], [22.9310983, 54.1070814]]]}}, {"id": "141", "type": "Feature", "properties": {"element": "way", "id": 1192181108, "addr:city": null, "addr:city:simc": null, "addr:housenumber": null, "addr:postcode": null, "addr:street": null, "amenity": null, "building": "yes", "deanery": null, "denomination": null, "diocese": null, "heritage": null, "heritage:operator": null, "image": null, "name": null, "ref:nid": null, "religion": null, "source:addr": null, "url": null, "wikidata": null, "wikipedia": null, "building:levels": null, "operator:wikidata": null, "operator:wikipedia": null, "roof:levels": null, "website": null, "height": null, "ref": null, "short_name": null, "alt_name": null, "historic": null, "atm_ref": null, "brand": null, "brand:wikidata": null, "millennium:date": null, "millennium:network": null, "millennium:ref": null, "millennium:subtype": null, "opening_hours": null, "operator": null, "shop": null, "brand:wikipedia": null, "check_date:opening_hours": null, "toilets:wheelchair": null, "wheelchair": null, "source:building": null, "email": null, "fax": null, "government": null, "office": null, "official_name": null, "phone": null, "source:office": null, "addr:country": null, "addr:street:sym_ul": null, "church:id": null, "church:type": null, "name:etymology:wikidata": null, "name:etymology:wikipedia": null, "parish": null, "parish:wikidata": null, "parish:wikipedia": null, "shrine": null, "shrine:name": null, "shrine:type": null, "start_date": null, "wikimedia_commons": null, "building:colour": null, "building:material": null, "roof:colour": null, "roof:material": null, "theatre:type": null, "admin_level": null, "website:ua": null, "emergency": null, "note": null, "layer": null, "level": null, "panoramax": null, "payment:cards": null, "payment:cash": null, "payment:qr_code": null, "cuisine": null, "drive_through": null, "smoking": null, "takeaway": null, "name:lt": null, "brewery": null, "outdoor_seating": null, "healthcare": null, "name:pl": null, "name:uk": null, "building:levels:underground": null, "source:geometry": null, "source": null, "service:vehicle:glass": null, "service:vehicle:glass_repair": null, "power": null, "addr:housename": null, "man_made": null, "internet_access": null, "internet_access:fee": null, "roof:shape": null, "stars": null, "tourism": null, "museum": null, "ref:ckkp": null, "townhall:type": null, "leisure": null, "social_facility": null, "social_facility:for": null, "fuel:HGV_diesel": null, "fuel:diesel": null, "fuel:lpg": null, "fuel:octane_95": null, "fuel:octane_98": null, "payment:credit_cards": null, "second_hand": null, "service:vehicle:air_conditioning": null, "service:vehicle:car_repair": null, "service:vehicle:new_car_sales": null, "service:vehicle:oil_change": null, "service:vehicle:repairs": null, "service:vehicle:tyres": null, "service:vehicle:used_car_sales": null, "sport": null, "payment:debit_cards": null, "payment:maestro": null, "payment:mastercard": null, "payment:visa": null, "payment:visa_electron": null, "rooms": null, "check_date": null, "railway": null, "railway:ref": null, "railway:signal_box": null, "bus": null, "public_transport": null, "access": null, "changing_table": null, "fee": null, "toilets:disposal": null, "unisex": null, "ref:csioz": null, "contact:phone": null, "contact:email": null, "contact:website": null, "capacity": null, "isced:level": null, "nursery": null, "operator:website": null, "source:amenity": null, "roof:direction": null, "beds": null, "payment:credit_card": null, "payment:girocard": null, "operator:type": null, "indoor": null, "entrance": null, "frequency": null, "location": null, "substation": null, "voltage": null, "fixme": null, "maxwidth": null, "payment:dkv": null, "payment:routex": null, "payment:uta": null, "branch": null, "roof:orientation": null, "communication:mobile_phone": null, "material": null, "tower:construction": null, "tower:type": null, "name:en": null, "addr:place": null, "name:pdc": null, "service:vehicle:window_tinting": null, "service:vehicle:windshields": null, "craft": null, "bench": null, "roof:height": null, "shelter_type": null, "building:part": null, "service": null, "atm": null, "blood:whole": null, "description": null, "construction": null, "wholesale": null, "type": null, "height_nmt": 171.72999572753906, "height_nmpt": 175.27999877929688, "height_obj": 3.5500030517578125}, "geometry": {"type": "Polygon", "coordinates": [[[22.9270171, 54.10611], [22.9270149, 54.10612859999999], [22.927121200000002, 54.106133], [22.9271421, 54.105959399999996], [22.9270358, 54.105955], [22.927032100000005, 54.10598559999999], [22.9270171, 54.10611]]]}}, {"id": "142", "type": "Feature", "properties": {"element": "way", "id": 1192181112, "addr:city": "Suwa\u0142ki", "addr:city:simc": "0977456", "addr:housenumber": "124B", "addr:postcode": "16-400", "addr:street": "Tadeusza Ko\u015bciuszki", "amenity": null, "building": "yes", "deanery": null, "denomination": null, "diocese": null, "heritage": null, "heritage:operator": null, "image": null, "name": null, "ref:nid": null, "religion": null, "source:addr": "gugik.gov.pl", "url": null, "wikidata": null, "wikipedia": null, "building:levels": null, "operator:wikidata": null, "operator:wikipedia": null, "roof:levels": null, "website": null, "height": null, "ref": null, "short_name": null, "alt_name": null, "historic": null, "atm_ref": null, "brand": null, "brand:wikidata": null, "millennium:date": null, "millennium:network": null, "millennium:ref": null, "millennium:subtype": null, "opening_hours": null, "operator": null, "shop": null, "brand:wikipedia": null, "check_date:opening_hours": null, "toilets:wheelchair": null, "wheelchair": null, "source:building": null, "email": null, "fax": null, "government": null, "office": null, "official_name": null, "phone": null, "source:office": null, "addr:country": null, "addr:street:sym_ul": null, "church:id": null, "church:type": null, "name:etymology:wikidata": null, "name:etymology:wikipedia": null, "parish": null, "parish:wikidata": null, "parish:wikipedia": null, "shrine": null, "shrine:name": null, "shrine:type": null, "start_date": null, "wikimedia_commons": null, "building:colour": null, "building:material": null, "roof:colour": null, "roof:material": null, "theatre:type": null, "admin_level": null, "website:ua": null, "emergency": null, "note": null, "layer": null, "level": null, "panoramax": null, "payment:cards": null, "payment:cash": null, "payment:qr_code": null, "cuisine": null, "drive_through": null, "smoking": null, "takeaway": null, "name:lt": null, "brewery": null, "outdoor_seating": null, "healthcare": null, "name:pl": null, "name:uk": null, "building:levels:underground": null, "source:geometry": null, "source": null, "service:vehicle:glass": null, "service:vehicle:glass_repair": null, "power": null, "addr:housename": null, "man_made": null, "internet_access": null, "internet_access:fee": null, "roof:shape": null, "stars": null, "tourism": null, "museum": null, "ref:ckkp": null, "townhall:type": null, "leisure": null, "social_facility": null, "social_facility:for": null, "fuel:HGV_diesel": null, "fuel:diesel": null, "fuel:lpg": null, "fuel:octane_95": null, "fuel:octane_98": null, "payment:credit_cards": null, "second_hand": null, "service:vehicle:air_conditioning": null, "service:vehicle:car_repair": null, "service:vehicle:new_car_sales": null, "service:vehicle:oil_change": null, "service:vehicle:repairs": null, "service:vehicle:tyres": null, "service:vehicle:used_car_sales": null, "sport": null, "payment:debit_cards": null, "payment:maestro": null, "payment:mastercard": null, "payment:visa": null, "payment:visa_electron": null, "rooms": null, "check_date": null, "railway": null, "railway:ref": null, "railway:signal_box": null, "bus": null, "public_transport": null, "access": null, "changing_table": null, "fee": null, "toilets:disposal": null, "unisex": null, "ref:csioz": null, "contact:phone": null, "contact:email": null, "contact:website": null, "capacity": null, "isced:level": null, "nursery": null, "operator:website": null, "source:amenity": null, "roof:direction": null, "beds": null, "payment:credit_card": null, "payment:girocard": null, "operator:type": null, "indoor": null, "entrance": null, "frequency": null, "location": null, "substation": null, "voltage": null, "fixme": null, "maxwidth": null, "payment:dkv": null, "payment:routex": null, "payment:uta": null, "branch": null, "roof:orientation": null, "communication:mobile_phone": null, "material": null, "tower:construction": null, "tower:type": null, "name:en": null, "addr:place": null, "name:pdc": null, "service:vehicle:window_tinting": null, "service:vehicle:windshields": null, "craft": null, "bench": null, "roof:height": null, "shelter_type": null, "building:part": null, "service": null, "atm": null, "blood:whole": null, "description": null, "construction": null, "wholesale": null, "type": null, "height_nmt": 171.39999389648438, "height_nmpt": 179.66000366210938, "height_obj": 8.260009765625}, "geometry": {"type": "Polygon", "coordinates": [[[22.9291065, 54.10570309999999], [22.9289146, 54.105697699999986], [22.9289109, 54.105763999999986], [22.928961000000005, 54.10576489999999], [22.928959999999996, 54.105783399999986], [22.929096699999995, 54.1057854], [22.9291065, 54.10570309999999]]]}}, {"id": "143", "type": "Feature", "properties": {"element": "way", "id": 1288167221, "addr:city": null, "addr:city:simc": null, "addr:housenumber": null, "addr:postcode": null, "addr:street": null, "amenity": null, "building": "yes", "deanery": null, "denomination": null, "diocese": null, "heritage": null, "heritage:operator": null, "image": null, "name": null, "ref:nid": null, "religion": null, "source:addr": null, "url": null, "wikidata": null, "wikipedia": null, "building:levels": null, "operator:wikidata": null, "operator:wikipedia": null, "roof:levels": null, "website": null, "height": null, "ref": null, "short_name": null, "alt_name": null, "historic": null, "atm_ref": null, "brand": null, "brand:wikidata": null, "millennium:date": null, "millennium:network": null, "millennium:ref": null, "millennium:subtype": null, "opening_hours": null, "operator": null, "shop": null, "brand:wikipedia": null, "check_date:opening_hours": null, "toilets:wheelchair": null, "wheelchair": null, "source:building": null, "email": null, "fax": null, "government": null, "office": null, "official_name": null, "phone": null, "source:office": null, "addr:country": null, "addr:street:sym_ul": null, "church:id": null, "church:type": null, "name:etymology:wikidata": null, "name:etymology:wikipedia": null, "parish": null, "parish:wikidata": null, "parish:wikipedia": null, "shrine": null, "shrine:name": null, "shrine:type": null, "start_date": null, "wikimedia_commons": null, "building:colour": null, "building:material": null, "roof:colour": null, "roof:material": null, "theatre:type": null, "admin_level": null, "website:ua": null, "emergency": null, "note": null, "layer": null, "level": null, "panoramax": null, "payment:cards": null, "payment:cash": null, "payment:qr_code": null, "cuisine": null, "drive_through": null, "smoking": null, "takeaway": null, "name:lt": null, "brewery": null, "outdoor_seating": null, "healthcare": null, "name:pl": null, "name:uk": null, "building:levels:underground": null, "source:geometry": null, "source": null, "service:vehicle:glass": null, "service:vehicle:glass_repair": null, "power": null, "addr:housename": null, "man_made": null, "internet_access": null, "internet_access:fee": null, "roof:shape": null, "stars": null, "tourism": null, "museum": null, "ref:ckkp": null, "townhall:type": null, "leisure": null, "social_facility": null, "social_facility:for": null, "fuel:HGV_diesel": null, "fuel:diesel": null, "fuel:lpg": null, "fuel:octane_95": null, "fuel:octane_98": null, "payment:credit_cards": null, "second_hand": null, "service:vehicle:air_conditioning": null, "service:vehicle:car_repair": null, "service:vehicle:new_car_sales": null, "service:vehicle:oil_change": null, "service:vehicle:repairs": null, "service:vehicle:tyres": null, "service:vehicle:used_car_sales": null, "sport": null, "payment:debit_cards": null, "payment:maestro": null, "payment:mastercard": null, "payment:visa": null, "payment:visa_electron": null, "rooms": null, "check_date": null, "railway": null, "railway:ref": null, "railway:signal_box": null, "bus": null, "public_transport": null, "access": null, "changing_table": null, "fee": null, "toilets:disposal": null, "unisex": null, "ref:csioz": null, "contact:phone": null, "contact:email": null, "contact:website": null, "capacity": null, "isced:level": null, "nursery": null, "operator:website": null, "source:amenity": null, "roof:direction": null, "beds": null, "payment:credit_card": null, "payment:girocard": null, "operator:type": null, "indoor": null, "entrance": null, "frequency": null, "location": null, "substation": null, "voltage": null, "fixme": null, "maxwidth": null, "payment:dkv": null, "payment:routex": null, "payment:uta": null, "branch": null, "roof:orientation": null, "communication:mobile_phone": null, "material": null, "tower:construction": null, "tower:type": null, "name:en": null, "addr:place": null, "name:pdc": null, "service:vehicle:window_tinting": null, "service:vehicle:windshields": null, "craft": null, "bench": null, "roof:height": null, "shelter_type": null, "building:part": null, "service": null, "atm": null, "blood:whole": null, "description": null, "construction": null, "wholesale": null, "type": null, "height_nmt": 171.72000122070312, "height_nmpt": 173.8699951171875, "height_obj": 2.149993896484375}, "geometry": {"type": "Polygon", "coordinates": [[[22.9248795, 54.107153099999984], [22.9248768, 54.10718039999999], [22.9250695, 54.10718680000001], [22.9250721, 54.1071595], [22.9250209, 54.107157799999996], [22.9248795, 54.107153099999984]]]}}, {"id": "144", "type": "Feature", "properties": {"element": "way", "id": 1288167222, "addr:city": null, "addr:city:simc": null, "addr:housenumber": null, "addr:postcode": null, "addr:street": null, "amenity": null, "building": "outbuilding", "deanery": null, "denomination": null, "diocese": null, "heritage": null, "heritage:operator": null, "image": null, "name": null, "ref:nid": null, "religion": null, "source:addr": null, "url": null, "wikidata": null, "wikipedia": null, "building:levels": "1", "operator:wikidata": null, "operator:wikipedia": null, "roof:levels": null, "website": null, "height": null, "ref": null, "short_name": null, "alt_name": null, "historic": null, "atm_ref": null, "brand": null, "brand:wikidata": null, "millennium:date": null, "millennium:network": null, "millennium:ref": null, "millennium:subtype": null, "opening_hours": null, "operator": null, "shop": null, "brand:wikipedia": null, "check_date:opening_hours": null, "toilets:wheelchair": null, "wheelchair": null, "source:building": "BDOT", "email": null, "fax": null, "government": null, "office": null, "official_name": null, "phone": null, "source:office": null, "addr:country": null, "addr:street:sym_ul": null, "church:id": null, "church:type": null, "name:etymology:wikidata": null, "name:etymology:wikipedia": null, "parish": null, "parish:wikidata": null, "parish:wikipedia": null, "shrine": null, "shrine:name": null, "shrine:type": null, "start_date": null, "wikimedia_commons": null, "building:colour": null, "building:material": null, "roof:colour": null, "roof:material": null, "theatre:type": null, "admin_level": null, "website:ua": null, "emergency": null, "note": null, "layer": null, "level": null, "panoramax": null, "payment:cards": null, "payment:cash": null, "payment:qr_code": null, "cuisine": null, "drive_through": null, "smoking": null, "takeaway": null, "name:lt": null, "brewery": null, "outdoor_seating": null, "healthcare": null, "name:pl": null, "name:uk": null, "building:levels:underground": null, "source:geometry": null, "source": null, "service:vehicle:glass": null, "service:vehicle:glass_repair": null, "power": null, "addr:housename": null, "man_made": null, "internet_access": null, "internet_access:fee": null, "roof:shape": null, "stars": null, "tourism": null, "museum": null, "ref:ckkp": null, "townhall:type": null, "leisure": null, "social_facility": null, "social_facility:for": null, "fuel:HGV_diesel": null, "fuel:diesel": null, "fuel:lpg": null, "fuel:octane_95": null, "fuel:octane_98": null, "payment:credit_cards": null, "second_hand": null, "service:vehicle:air_conditioning": null, "service:vehicle:car_repair": null, "service:vehicle:new_car_sales": null, "service:vehicle:oil_change": null, "service:vehicle:repairs": null, "service:vehicle:tyres": null, "service:vehicle:used_car_sales": null, "sport": null, "payment:debit_cards": null, "payment:maestro": null, "payment:mastercard": null, "payment:visa": null, "payment:visa_electron": null, "rooms": null, "check_date": null, "railway": null, "railway:ref": null, "railway:signal_box": null, "bus": null, "public_transport": null, "access": null, "changing_table": null, "fee": null, "toilets:disposal": null, "unisex": null, "ref:csioz": null, "contact:phone": null, "contact:email": null, "contact:website": null, "capacity": null, "isced:level": null, "nursery": null, "operator:website": null, "source:amenity": null, "roof:direction": null, "beds": null, "payment:credit_card": null, "payment:girocard": null, "operator:type": null, "indoor": null, "entrance": null, "frequency": null, "location": null, "substation": null, "voltage": null, "fixme": null, "maxwidth": null, "payment:dkv": null, "payment:routex": null, "payment:uta": null, "branch": null, "roof:orientation": null, "communication:mobile_phone": null, "material": null, "tower:construction": null, "tower:type": null, "name:en": null, "addr:place": null, "name:pdc": null, "service:vehicle:window_tinting": null, "service:vehicle:windshields": null, "craft": null, "bench": null, "roof:height": null, "shelter_type": null, "building:part": null, "service": null, "atm": null, "blood:whole": null, "description": null, "construction": null, "wholesale": null, "type": null, "height_nmt": 171.66000366210938, "height_nmpt": 173.9199981689453, "height_obj": 2.2599945068359375}, "geometry": {"type": "Polygon", "coordinates": [[[22.9269661, 54.10627629999999], [22.9269614, 54.10630899999999], [22.926956, 54.10634799999998], [22.927089899999995, 54.10635310000001], [22.9270953, 54.1063163], [22.9270012, 54.10631130000001], [22.9270067, 54.10627800000001], [22.9269661, 54.10627629999999]]]}}]}